2025-12-11 23:25:08,585 - INFO - Using device: cpu
2025-12-11 23:25:08,585 - INFO - Connecting to Qdrant at http://localhost:6333
2025-12-11 23:25:09,569 - INFO - HTTP Request: GET http://localhost:6333 "HTTP/1.1 200 OK"
2025-12-11 23:25:09,577 - INFO - Connecting to Elasticsearch at http://localhost:9200
2025-12-11 23:25:09,648 - INFO - HEAD http://localhost:9200/ [status:400 duration:0.071s]
2025-12-11 23:25:55,134 - INFO - Using device: cpu
2025-12-11 23:25:55,134 - INFO - Connecting to Qdrant at http://localhost:6333
2025-12-11 23:25:55,756 - INFO - HTTP Request: GET http://localhost:6333 "HTTP/1.1 200 OK"
2025-12-11 23:25:55,762 - INFO - Connecting to Elasticsearch at http://localhost:9200
2025-12-11 23:25:55,778 - INFO - GET http://localhost:9200/ [status:400 duration:0.015s]
2025-12-11 23:27:21,370 - INFO - Using device: cpu
2025-12-11 23:27:21,370 - INFO - Connecting to Qdrant at http://localhost:6333
2025-12-11 23:27:22,024 - INFO - HTTP Request: GET http://localhost:6333 "HTTP/1.1 200 OK"
2025-12-11 23:27:22,030 - INFO - Connecting to Elasticsearch at http://localhost:9200
2025-12-11 23:27:22,046 - INFO - GET http://localhost:9200/ [status:200 duration:0.015s]
2025-12-11 23:27:22,046 - INFO - Connected to Elasticsearch cluster: docker-cluster
2025-12-11 23:27:22,046 - INFO - Connected to both databases successfully
2025-12-11 23:27:22,046 - INFO - Loading BGE-m3 model...
2025-12-11 23:27:25,175 - WARNING - Xet Storage is enabled for this repo, but the 'hf_xet' package is not installed. Falling back to regular HTTP download. For better performance, install the package with: `pip install huggingface_hub[hf_xet]` or `pip install hf_xet`
2025-12-11 23:27:25,179 - WARNING - Xet Storage is enabled for this repo, but the 'hf_xet' package is not installed. Falling back to regular HTTP download. For better performance, install the package with: `pip install huggingface_hub[hf_xet]` or `pip install hf_xet`
2025-12-11 23:32:32,903 - INFO - loading existing colbert_linear and sparse_linear---------
2025-12-11 23:32:32,934 - INFO - Loading E5-large model...
2025-12-11 23:32:32,938 - INFO - Load pretrained SentenceTransformer: intfloat/multilingual-e5-large
2025-12-11 23:32:35,823 - WARNING - Xet Storage is enabled for this repo, but the 'hf_xet' package is not installed. Falling back to regular HTTP download. For better performance, install the package with: `pip install huggingface_hub[hf_xet]` or `pip install hf_xet`
2025-12-11 23:35:59,741 - WARNING - Xet Storage is enabled for this repo, but the 'hf_xet' package is not installed. Falling back to regular HTTP download. For better performance, install the package with: `pip install huggingface_hub[hf_xet]` or `pip install hf_xet`
2025-12-11 23:36:00,883 - WARNING - Xet Storage is enabled for this repo, but the 'hf_xet' package is not installed. Falling back to regular HTTP download. For better performance, install the package with: `pip install huggingface_hub[hf_xet]` or `pip install hf_xet`
2025-12-11 23:36:05,187 - INFO - Models loaded successfully
2025-12-11 23:36:05,187 - INFO - Creating Qdrant collection: law_with_bge_round1
2025-12-11 23:36:05,231 - INFO - HTTP Request: GET http://localhost:6333/collections/law_with_bge_round1/exists "HTTP/1.1 200 OK"
2025-12-11 23:36:05,469 - INFO - HTTP Request: PUT http://localhost:6333/collections/law_with_bge_round1 "HTTP/1.1 200 OK"
2025-12-11 23:36:05,470 - INFO - Creating Qdrant collection: law_with_e5_emb_not_finetune
2025-12-11 23:36:05,500 - INFO - HTTP Request: GET http://localhost:6333/collections/law_with_e5_emb_not_finetune/exists "HTTP/1.1 200 OK"
2025-12-11 23:36:05,597 - INFO - HTTP Request: PUT http://localhost:6333/collections/law_with_e5_emb_not_finetune "HTTP/1.1 200 OK"
2025-12-11 23:36:05,598 - INFO - Creating Elasticsearch index: legal_data_part2
2025-12-11 23:36:05,787 - INFO - HEAD http://localhost:9200/legal_data_part2 [status:404 duration:0.189s]
2025-12-11 23:36:09,046 - INFO - PUT http://localhost:9200/legal_data_part2 [status:200 duration:3.259s]
2025-12-11 23:36:09,047 - INFO - Loading corpus from data/corpus.csv
2025-12-11 23:36:14,286 - INFO - Importing 10% of data: 26,159 documents
2025-12-11 23:38:07,877 - INFO - HTTP Request: PUT http://localhost:6333/collections/law_with_bge_round1/points?wait=true "HTTP/1.1 200 OK"
2025-12-11 23:38:07,996 - INFO - HTTP Request: PUT http://localhost:6333/collections/law_with_e5_emb_not_finetune/points?wait=true "HTTP/1.1 200 OK"
2025-12-11 23:38:08,403 - INFO - PUT http://localhost:9200/_bulk [status:200 duration:0.405s]
2025-12-11 23:39:56,010 - INFO - HTTP Request: PUT http://localhost:6333/collections/law_with_bge_round1/points?wait=true "HTTP/1.1 200 OK"
2025-12-11 23:39:56,126 - INFO - HTTP Request: PUT http://localhost:6333/collections/law_with_e5_emb_not_finetune/points?wait=true "HTTP/1.1 200 OK"
2025-12-11 23:39:56,193 - INFO - PUT http://localhost:9200/_bulk [status:200 duration:0.063s]
2025-12-11 23:41:41,777 - INFO - HTTP Request: PUT http://localhost:6333/collections/law_with_bge_round1/points?wait=true "HTTP/1.1 200 OK"
2025-12-11 23:41:41,903 - INFO - HTTP Request: PUT http://localhost:6333/collections/law_with_e5_emb_not_finetune/points?wait=true "HTTP/1.1 200 OK"
2025-12-11 23:41:41,954 - INFO - PUT http://localhost:9200/_bulk [status:200 duration:0.049s]
2025-12-11 23:43:28,013 - INFO - HTTP Request: PUT http://localhost:6333/collections/law_with_bge_round1/points?wait=true "HTTP/1.1 200 OK"
2025-12-11 23:43:28,114 - INFO - HTTP Request: PUT http://localhost:6333/collections/law_with_e5_emb_not_finetune/points?wait=true "HTTP/1.1 200 OK"
2025-12-11 23:43:28,170 - INFO - PUT http://localhost:9200/_bulk [status:200 duration:0.054s]
2025-12-11 23:45:17,853 - INFO - HTTP Request: PUT http://localhost:6333/collections/law_with_bge_round1/points?wait=true "HTTP/1.1 200 OK"
2025-12-11 23:45:17,942 - INFO - HTTP Request: PUT http://localhost:6333/collections/law_with_e5_emb_not_finetune/points?wait=true "HTTP/1.1 200 OK"
2025-12-11 23:45:18,005 - INFO - PUT http://localhost:9200/_bulk [status:200 duration:0.061s]
2025-12-11 23:47:08,673 - INFO - HTTP Request: PUT http://localhost:6333/collections/law_with_bge_round1/points?wait=true "HTTP/1.1 200 OK"
2025-12-11 23:47:08,726 - INFO - HTTP Request: PUT http://localhost:6333/collections/law_with_e5_emb_not_finetune/points?wait=true "HTTP/1.1 200 OK"
2025-12-11 23:47:08,824 - INFO - PUT http://localhost:9200/_bulk [status:200 duration:0.096s]
2025-12-12 00:06:24,566 - INFO - Using device: cuda
2025-12-12 00:06:24,566 - INFO - Connecting to Qdrant at http://localhost:6333
2025-12-12 00:06:24,939 - INFO - HTTP Request: GET http://localhost:6333 "HTTP/1.1 200 OK"
2025-12-12 00:06:24,946 - INFO - Connecting to Elasticsearch at http://localhost:9200
2025-12-12 00:06:24,976 - INFO - GET http://localhost:9200/ [status:200 duration:0.030s]
2025-12-12 00:06:24,977 - INFO - Connected to Elasticsearch cluster: docker-cluster
2025-12-12 00:06:24,977 - INFO - Connected to both databases successfully
2025-12-12 00:06:24,977 - INFO - Loading BGE-m3 model...
2025-12-12 00:12:15,290 - INFO - Using device: cuda
2025-12-12 00:12:15,291 - INFO - Connecting to Qdrant at http://localhost:6333
2025-12-12 00:12:15,793 - INFO - HTTP Request: GET http://localhost:6333 "HTTP/1.1 200 OK"
2025-12-12 00:12:15,803 - INFO - Connecting to Elasticsearch at http://localhost:9200
2025-12-12 00:12:15,819 - INFO - GET http://localhost:9200/ [status:200 duration:0.016s]
2025-12-12 00:12:15,820 - INFO - Connected to Elasticsearch cluster: docker-cluster
2025-12-12 00:12:15,820 - INFO - Connected to both databases successfully
2025-12-12 00:12:15,820 - INFO - Loading BGE-m3 model...
2025-12-12 00:12:22,407 - INFO - loading existing colbert_linear and sparse_linear---------
2025-12-12 00:12:22,416 - INFO - Loading E5-large model...
2025-12-12 00:12:22,418 - INFO - Load pretrained SentenceTransformer: intfloat/multilingual-e5-large
2025-12-12 00:12:32,362 - INFO - Models loaded successfully
2025-12-12 00:12:32,363 - INFO - Creating Qdrant collection: law_with_bge_round1
2025-12-12 00:12:32,369 - INFO - HTTP Request: GET http://localhost:6333/collections/law_with_bge_round1/exists "HTTP/1.1 200 OK"
2025-12-12 00:12:32,399 - INFO - HTTP Request: DELETE http://localhost:6333/collections/law_with_bge_round1 "HTTP/1.1 200 OK"
2025-12-12 00:12:32,496 - INFO - HTTP Request: PUT http://localhost:6333/collections/law_with_bge_round1 "HTTP/1.1 200 OK"
2025-12-12 00:12:32,497 - INFO - Creating Qdrant collection: law_with_e5_emb_not_finetune
2025-12-12 00:12:32,510 - INFO - HTTP Request: GET http://localhost:6333/collections/law_with_e5_emb_not_finetune/exists "HTTP/1.1 200 OK"
2025-12-12 00:12:32,531 - INFO - HTTP Request: DELETE http://localhost:6333/collections/law_with_e5_emb_not_finetune "HTTP/1.1 200 OK"
2025-12-12 00:12:32,585 - INFO - HTTP Request: PUT http://localhost:6333/collections/law_with_e5_emb_not_finetune "HTTP/1.1 200 OK"
2025-12-12 00:12:32,585 - INFO - Creating Elasticsearch index: legal_data_part2
2025-12-12 00:12:32,612 - INFO - HEAD http://localhost:9200/legal_data_part2 [status:200 duration:0.025s]
2025-12-12 00:12:32,797 - INFO - DELETE http://localhost:9200/legal_data_part2 [status:200 duration:0.185s]
2025-12-12 00:12:33,050 - INFO - PUT http://localhost:9200/legal_data_part2 [status:200 duration:0.251s]
2025-12-12 00:12:33,050 - INFO - Loading corpus from data/corpus.csv
2025-12-12 00:12:39,310 - INFO - Importing 10% of data: 26,159 documents
2025-12-12 00:12:47,961 - INFO - HTTP Request: PUT http://localhost:6333/collections/law_with_bge_round1/points?wait=true "HTTP/1.1 200 OK"
2025-12-12 00:12:48,042 - INFO - HTTP Request: PUT http://localhost:6333/collections/law_with_e5_emb_not_finetune/points?wait=true "HTTP/1.1 200 OK"
2025-12-12 00:12:48,092 - INFO - PUT http://localhost:9200/_bulk [status:200 duration:0.048s]
2025-12-12 00:12:51,096 - INFO - HTTP Request: PUT http://localhost:6333/collections/law_with_bge_round1/points?wait=true "HTTP/1.1 200 OK"
2025-12-12 00:12:51,135 - INFO - HTTP Request: PUT http://localhost:6333/collections/law_with_e5_emb_not_finetune/points?wait=true "HTTP/1.1 200 OK"
2025-12-12 00:12:51,190 - INFO - PUT http://localhost:9200/_bulk [status:200 duration:0.054s]
2025-12-12 00:12:54,221 - INFO - HTTP Request: PUT http://localhost:6333/collections/law_with_bge_round1/points?wait=true "HTTP/1.1 200 OK"
2025-12-12 00:12:54,264 - INFO - HTTP Request: PUT http://localhost:6333/collections/law_with_e5_emb_not_finetune/points?wait=true "HTTP/1.1 200 OK"
2025-12-12 00:12:54,321 - INFO - PUT http://localhost:9200/_bulk [status:200 duration:0.053s]
2025-12-12 00:12:57,418 - INFO - HTTP Request: PUT http://localhost:6333/collections/law_with_bge_round1/points?wait=true "HTTP/1.1 200 OK"
2025-12-12 00:12:57,458 - INFO - HTTP Request: PUT http://localhost:6333/collections/law_with_e5_emb_not_finetune/points?wait=true "HTTP/1.1 200 OK"
2025-12-12 00:12:57,486 - INFO - PUT http://localhost:9200/_bulk [status:200 duration:0.026s]
2025-12-12 00:13:00,585 - INFO - HTTP Request: PUT http://localhost:6333/collections/law_with_bge_round1/points?wait=true "HTTP/1.1 200 OK"
2025-12-12 00:13:00,697 - INFO - HTTP Request: PUT http://localhost:6333/collections/law_with_e5_emb_not_finetune/points?wait=true "HTTP/1.1 200 OK"
2025-12-12 00:13:00,764 - INFO - PUT http://localhost:9200/_bulk [status:200 duration:0.064s]
2025-12-12 00:13:03,838 - INFO - HTTP Request: PUT http://localhost:6333/collections/law_with_bge_round1/points?wait=true "HTTP/1.1 200 OK"
2025-12-12 00:13:03,902 - INFO - HTTP Request: PUT http://localhost:6333/collections/law_with_e5_emb_not_finetune/points?wait=true "HTTP/1.1 200 OK"
2025-12-12 00:13:04,000 - INFO - PUT http://localhost:9200/_bulk [status:200 duration:0.096s]
2025-12-12 00:13:07,051 - INFO - HTTP Request: PUT http://localhost:6333/collections/law_with_bge_round1/points?wait=true "HTTP/1.1 200 OK"
2025-12-12 00:13:07,082 - INFO - HTTP Request: PUT http://localhost:6333/collections/law_with_e5_emb_not_finetune/points?wait=true "HTTP/1.1 200 OK"
2025-12-12 00:13:07,099 - INFO - PUT http://localhost:9200/_bulk [status:200 duration:0.015s]
2025-12-12 00:13:09,817 - INFO - HTTP Request: PUT http://localhost:6333/collections/law_with_bge_round1/points?wait=true "HTTP/1.1 200 OK"
2025-12-12 00:13:09,860 - INFO - HTTP Request: PUT http://localhost:6333/collections/law_with_e5_emb_not_finetune/points?wait=true "HTTP/1.1 200 OK"
2025-12-12 00:13:09,919 - INFO - PUT http://localhost:9200/_bulk [status:200 duration:0.057s]
2025-12-12 00:13:12,994 - INFO - HTTP Request: PUT http://localhost:6333/collections/law_with_bge_round1/points?wait=true "HTTP/1.1 200 OK"
2025-12-12 00:13:13,045 - INFO - HTTP Request: PUT http://localhost:6333/collections/law_with_e5_emb_not_finetune/points?wait=true "HTTP/1.1 200 OK"
2025-12-12 00:13:13,063 - INFO - PUT http://localhost:9200/_bulk [status:200 duration:0.015s]
2025-12-12 00:13:16,068 - INFO - HTTP Request: PUT http://localhost:6333/collections/law_with_bge_round1/points?wait=true "HTTP/1.1 200 OK"
2025-12-12 00:13:16,119 - INFO - HTTP Request: PUT http://localhost:6333/collections/law_with_e5_emb_not_finetune/points?wait=true "HTTP/1.1 200 OK"
2025-12-12 00:13:16,205 - INFO - PUT http://localhost:9200/_bulk [status:200 duration:0.080s]
2025-12-12 00:13:19,258 - INFO - HTTP Request: PUT http://localhost:6333/collections/law_with_bge_round1/points?wait=true "HTTP/1.1 200 OK"
2025-12-12 00:13:19,292 - INFO - HTTP Request: PUT http://localhost:6333/collections/law_with_e5_emb_not_finetune/points?wait=true "HTTP/1.1 200 OK"
2025-12-12 00:13:19,310 - INFO - PUT http://localhost:9200/_bulk [status:200 duration:0.015s]
2025-12-12 00:13:22,124 - INFO - HTTP Request: PUT http://localhost:6333/collections/law_with_bge_round1/points?wait=true "HTTP/1.1 200 OK"
2025-12-12 00:13:22,163 - INFO - HTTP Request: PUT http://localhost:6333/collections/law_with_e5_emb_not_finetune/points?wait=true "HTTP/1.1 200 OK"
2025-12-12 00:13:22,220 - INFO - PUT http://localhost:9200/_bulk [status:200 duration:0.055s]
2025-12-12 00:13:25,124 - INFO - HTTP Request: PUT http://localhost:6333/collections/law_with_bge_round1/points?wait=true "HTTP/1.1 200 OK"
2025-12-12 00:13:25,173 - INFO - HTTP Request: PUT http://localhost:6333/collections/law_with_e5_emb_not_finetune/points?wait=true "HTTP/1.1 200 OK"
2025-12-12 00:13:25,228 - INFO - PUT http://localhost:9200/_bulk [status:200 duration:0.052s]
2025-12-12 00:13:28,028 - INFO - HTTP Request: PUT http://localhost:6333/collections/law_with_bge_round1/points?wait=true "HTTP/1.1 200 OK"
2025-12-12 00:13:28,088 - INFO - HTTP Request: PUT http://localhost:6333/collections/law_with_e5_emb_not_finetune/points?wait=true "HTTP/1.1 200 OK"
2025-12-12 00:13:28,170 - INFO - PUT http://localhost:9200/_bulk [status:200 duration:0.080s]
2025-12-12 00:13:31,045 - INFO - HTTP Request: PUT http://localhost:6333/collections/law_with_bge_round1/points?wait=true "HTTP/1.1 200 OK"
2025-12-12 00:13:31,073 - INFO - HTTP Request: PUT http://localhost:6333/collections/law_with_e5_emb_not_finetune/points?wait=true "HTTP/1.1 200 OK"
2025-12-12 00:13:31,143 - INFO - PUT http://localhost:9200/_bulk [status:200 duration:0.068s]
2025-12-12 00:13:34,196 - INFO - HTTP Request: PUT http://localhost:6333/collections/law_with_bge_round1/points?wait=true "HTTP/1.1 200 OK"
2025-12-12 00:13:34,248 - INFO - HTTP Request: PUT http://localhost:6333/collections/law_with_e5_emb_not_finetune/points?wait=true "HTTP/1.1 200 OK"
2025-12-12 00:13:34,326 - INFO - PUT http://localhost:9200/_bulk [status:200 duration:0.076s]
2025-12-12 00:13:37,436 - INFO - HTTP Request: PUT http://localhost:6333/collections/law_with_bge_round1/points?wait=true "HTTP/1.1 200 OK"
2025-12-12 00:13:37,493 - INFO - HTTP Request: PUT http://localhost:6333/collections/law_with_e5_emb_not_finetune/points?wait=true "HTTP/1.1 200 OK"
2025-12-12 00:13:37,586 - INFO - PUT http://localhost:9200/_bulk [status:200 duration:0.088s]
2025-12-12 00:13:40,663 - INFO - HTTP Request: PUT http://localhost:6333/collections/law_with_bge_round1/points?wait=true "HTTP/1.1 200 OK"
2025-12-12 00:13:40,701 - INFO - HTTP Request: PUT http://localhost:6333/collections/law_with_e5_emb_not_finetune/points?wait=true "HTTP/1.1 200 OK"
2025-12-12 00:13:40,757 - INFO - PUT http://localhost:9200/_bulk [status:200 duration:0.054s]
2025-12-12 00:13:43,861 - INFO - HTTP Request: PUT http://localhost:6333/collections/law_with_bge_round1/points?wait=true "HTTP/1.1 200 OK"
2025-12-12 00:13:43,903 - INFO - HTTP Request: PUT http://localhost:6333/collections/law_with_e5_emb_not_finetune/points?wait=true "HTTP/1.1 200 OK"
2025-12-12 00:13:43,970 - INFO - PUT http://localhost:9200/_bulk [status:200 duration:0.062s]
2025-12-12 00:13:46,992 - INFO - HTTP Request: PUT http://localhost:6333/collections/law_with_bge_round1/points?wait=true "HTTP/1.1 200 OK"
2025-12-12 00:13:47,033 - INFO - HTTP Request: PUT http://localhost:6333/collections/law_with_e5_emb_not_finetune/points?wait=true "HTTP/1.1 200 OK"
2025-12-12 00:13:47,083 - INFO - PUT http://localhost:9200/_bulk [status:200 duration:0.048s]
2025-12-12 00:13:50,198 - INFO - HTTP Request: PUT http://localhost:6333/collections/law_with_bge_round1/points?wait=true "HTTP/1.1 200 OK"
2025-12-12 00:13:50,252 - INFO - HTTP Request: PUT http://localhost:6333/collections/law_with_e5_emb_not_finetune/points?wait=true "HTTP/1.1 200 OK"
2025-12-12 00:13:50,301 - INFO - PUT http://localhost:9200/_bulk [status:200 duration:0.046s]
2025-12-12 00:13:53,386 - INFO - HTTP Request: PUT http://localhost:6333/collections/law_with_bge_round1/points?wait=true "HTTP/1.1 200 OK"
2025-12-12 00:13:53,430 - INFO - HTTP Request: PUT http://localhost:6333/collections/law_with_e5_emb_not_finetune/points?wait=true "HTTP/1.1 200 OK"
2025-12-12 00:13:53,477 - INFO - PUT http://localhost:9200/_bulk [status:200 duration:0.044s]
2025-12-12 00:13:56,546 - INFO - HTTP Request: PUT http://localhost:6333/collections/law_with_bge_round1/points?wait=true "HTTP/1.1 200 OK"
2025-12-12 00:13:56,631 - INFO - HTTP Request: PUT http://localhost:6333/collections/law_with_e5_emb_not_finetune/points?wait=true "HTTP/1.1 200 OK"
2025-12-12 00:13:56,677 - INFO - PUT http://localhost:9200/_bulk [status:200 duration:0.044s]
2025-12-12 00:13:59,685 - INFO - HTTP Request: PUT http://localhost:6333/collections/law_with_bge_round1/points?wait=true "HTTP/1.1 200 OK"
2025-12-12 00:13:59,731 - INFO - HTTP Request: PUT http://localhost:6333/collections/law_with_e5_emb_not_finetune/points?wait=true "HTTP/1.1 200 OK"
2025-12-12 00:13:59,773 - INFO - PUT http://localhost:9200/_bulk [status:200 duration:0.040s]
2025-12-12 00:14:02,798 - INFO - HTTP Request: PUT http://localhost:6333/collections/law_with_bge_round1/points?wait=true "HTTP/1.1 200 OK"
2025-12-12 00:14:02,832 - INFO - HTTP Request: PUT http://localhost:6333/collections/law_with_e5_emb_not_finetune/points?wait=true "HTTP/1.1 200 OK"
2025-12-12 00:14:02,858 - INFO - PUT http://localhost:9200/_bulk [status:200 duration:0.024s]
2025-12-12 00:14:05,919 - INFO - HTTP Request: PUT http://localhost:6333/collections/law_with_bge_round1/points?wait=true "HTTP/1.1 200 OK"
2025-12-12 00:14:05,996 - INFO - HTTP Request: PUT http://localhost:6333/collections/law_with_e5_emb_not_finetune/points?wait=true "HTTP/1.1 200 OK"
2025-12-12 00:14:06,079 - INFO - PUT http://localhost:9200/_bulk [status:200 duration:0.077s]
2025-12-12 00:14:09,101 - INFO - HTTP Request: PUT http://localhost:6333/collections/law_with_bge_round1/points?wait=true "HTTP/1.1 200 OK"
2025-12-12 00:14:09,135 - INFO - HTTP Request: PUT http://localhost:6333/collections/law_with_e5_emb_not_finetune/points?wait=true "HTTP/1.1 200 OK"
2025-12-12 00:14:09,216 - INFO - PUT http://localhost:9200/_bulk [status:200 duration:0.077s]
2025-12-12 00:14:12,301 - INFO - HTTP Request: PUT http://localhost:6333/collections/law_with_bge_round1/points?wait=true "HTTP/1.1 200 OK"
2025-12-12 00:14:12,369 - INFO - HTTP Request: PUT http://localhost:6333/collections/law_with_e5_emb_not_finetune/points?wait=true "HTTP/1.1 200 OK"
2025-12-12 00:14:12,428 - INFO - PUT http://localhost:9200/_bulk [status:200 duration:0.052s]
2025-12-12 00:14:15,476 - INFO - HTTP Request: PUT http://localhost:6333/collections/law_with_bge_round1/points?wait=true "HTTP/1.1 200 OK"
2025-12-12 00:14:15,533 - INFO - HTTP Request: PUT http://localhost:6333/collections/law_with_e5_emb_not_finetune/points?wait=true "HTTP/1.1 200 OK"
2025-12-12 00:14:15,563 - INFO - PUT http://localhost:9200/_bulk [status:200 duration:0.027s]
2025-12-12 00:14:18,603 - INFO - HTTP Request: PUT http://localhost:6333/collections/law_with_bge_round1/points?wait=true "HTTP/1.1 200 OK"
2025-12-12 00:14:18,698 - INFO - HTTP Request: PUT http://localhost:6333/collections/law_with_e5_emb_not_finetune/points?wait=true "HTTP/1.1 200 OK"
2025-12-12 00:14:18,780 - INFO - PUT http://localhost:9200/_bulk [status:200 duration:0.079s]
2025-12-12 00:14:21,855 - INFO - HTTP Request: PUT http://localhost:6333/collections/law_with_bge_round1/points?wait=true "HTTP/1.1 200 OK"
2025-12-12 00:14:21,913 - INFO - HTTP Request: PUT http://localhost:6333/collections/law_with_e5_emb_not_finetune/points?wait=true "HTTP/1.1 200 OK"
2025-12-12 00:14:21,989 - INFO - PUT http://localhost:9200/_bulk [status:200 duration:0.074s]
2025-12-12 00:14:25,161 - INFO - HTTP Request: PUT http://localhost:6333/collections/law_with_bge_round1/points?wait=true "HTTP/1.1 200 OK"
2025-12-12 00:14:25,336 - INFO - HTTP Request: PUT http://localhost:6333/collections/law_with_e5_emb_not_finetune/points?wait=true "HTTP/1.1 200 OK"
2025-12-12 00:14:25,384 - INFO - PUT http://localhost:9200/_bulk [status:200 duration:0.042s]
2025-12-12 00:14:28,465 - INFO - HTTP Request: PUT http://localhost:6333/collections/law_with_bge_round1/points?wait=true "HTTP/1.1 200 OK"
2025-12-12 00:14:28,498 - INFO - HTTP Request: PUT http://localhost:6333/collections/law_with_e5_emb_not_finetune/points?wait=true "HTTP/1.1 200 OK"
2025-12-12 00:14:28,529 - INFO - PUT http://localhost:9200/_bulk [status:200 duration:0.028s]
2025-12-12 00:14:31,603 - INFO - HTTP Request: PUT http://localhost:6333/collections/law_with_bge_round1/points?wait=true "HTTP/1.1 200 OK"
2025-12-12 00:14:31,634 - INFO - HTTP Request: PUT http://localhost:6333/collections/law_with_e5_emb_not_finetune/points?wait=true "HTTP/1.1 200 OK"
2025-12-12 00:14:31,678 - INFO - PUT http://localhost:9200/_bulk [status:200 duration:0.041s]
2025-12-12 00:14:34,771 - INFO - HTTP Request: PUT http://localhost:6333/collections/law_with_bge_round1/points?wait=true "HTTP/1.1 200 OK"
2025-12-12 00:14:34,849 - INFO - HTTP Request: PUT http://localhost:6333/collections/law_with_e5_emb_not_finetune/points?wait=true "HTTP/1.1 200 OK"
2025-12-12 00:14:34,919 - INFO - PUT http://localhost:9200/_bulk [status:200 duration:0.067s]
2025-12-12 00:14:37,917 - INFO - HTTP Request: PUT http://localhost:6333/collections/law_with_bge_round1/points?wait=true "HTTP/1.1 200 OK"
2025-12-12 00:14:38,055 - INFO - HTTP Request: PUT http://localhost:6333/collections/law_with_e5_emb_not_finetune/points?wait=true "HTTP/1.1 200 OK"
2025-12-12 00:14:38,145 - INFO - PUT http://localhost:9200/_bulk [status:200 duration:0.086s]
2025-12-12 00:14:41,203 - INFO - HTTP Request: PUT http://localhost:6333/collections/law_with_bge_round1/points?wait=true "HTTP/1.1 200 OK"
2025-12-12 00:14:41,319 - INFO - HTTP Request: PUT http://localhost:6333/collections/law_with_e5_emb_not_finetune/points?wait=true "HTTP/1.1 200 OK"
2025-12-12 00:14:41,369 - INFO - PUT http://localhost:9200/_bulk [status:200 duration:0.043s]
2025-12-12 00:14:44,478 - INFO - HTTP Request: PUT http://localhost:6333/collections/law_with_bge_round1/points?wait=true "HTTP/1.1 200 OK"
2025-12-12 00:14:44,521 - INFO - HTTP Request: PUT http://localhost:6333/collections/law_with_e5_emb_not_finetune/points?wait=true "HTTP/1.1 200 OK"
2025-12-12 00:14:44,560 - INFO - PUT http://localhost:9200/_bulk [status:200 duration:0.034s]
2025-12-12 00:14:47,717 - INFO - HTTP Request: PUT http://localhost:6333/collections/law_with_bge_round1/points?wait=true "HTTP/1.1 200 OK"
2025-12-12 00:14:47,770 - INFO - HTTP Request: PUT http://localhost:6333/collections/law_with_e5_emb_not_finetune/points?wait=true "HTTP/1.1 200 OK"
2025-12-12 00:14:47,847 - INFO - PUT http://localhost:9200/_bulk [status:200 duration:0.072s]
2025-12-12 00:14:50,826 - INFO - HTTP Request: PUT http://localhost:6333/collections/law_with_bge_round1/points?wait=true "HTTP/1.1 200 OK"
2025-12-12 00:14:50,858 - INFO - HTTP Request: PUT http://localhost:6333/collections/law_with_e5_emb_not_finetune/points?wait=true "HTTP/1.1 200 OK"
2025-12-12 00:14:50,919 - INFO - PUT http://localhost:9200/_bulk [status:200 duration:0.058s]
2025-12-12 00:14:53,841 - INFO - HTTP Request: PUT http://localhost:6333/collections/law_with_bge_round1/points?wait=true "HTTP/1.1 200 OK"
2025-12-12 00:14:53,875 - INFO - HTTP Request: PUT http://localhost:6333/collections/law_with_e5_emb_not_finetune/points?wait=true "HTTP/1.1 200 OK"
2025-12-12 00:14:53,949 - INFO - PUT http://localhost:9200/_bulk [status:200 duration:0.072s]
2025-12-12 00:14:56,781 - INFO - HTTP Request: PUT http://localhost:6333/collections/law_with_bge_round1/points?wait=true "HTTP/1.1 200 OK"
2025-12-12 00:14:56,811 - INFO - HTTP Request: PUT http://localhost:6333/collections/law_with_e5_emb_not_finetune/points?wait=true "HTTP/1.1 200 OK"
2025-12-12 00:14:56,888 - INFO - PUT http://localhost:9200/_bulk [status:200 duration:0.075s]
2025-12-12 00:14:59,714 - INFO - HTTP Request: PUT http://localhost:6333/collections/law_with_bge_round1/points?wait=true "HTTP/1.1 200 OK"
2025-12-12 00:14:59,744 - INFO - HTTP Request: PUT http://localhost:6333/collections/law_with_e5_emb_not_finetune/points?wait=true "HTTP/1.1 200 OK"
2025-12-12 00:14:59,828 - INFO - PUT http://localhost:9200/_bulk [status:200 duration:0.082s]
2025-12-12 00:15:02,705 - INFO - HTTP Request: PUT http://localhost:6333/collections/law_with_bge_round1/points?wait=true "HTTP/1.1 200 OK"
2025-12-12 00:15:02,733 - INFO - HTTP Request: PUT http://localhost:6333/collections/law_with_e5_emb_not_finetune/points?wait=true "HTTP/1.1 200 OK"
2025-12-12 00:15:02,802 - INFO - PUT http://localhost:9200/_bulk [status:200 duration:0.067s]
2025-12-12 00:15:05,764 - INFO - HTTP Request: PUT http://localhost:6333/collections/law_with_bge_round1/points?wait=true "HTTP/1.1 200 OK"
2025-12-12 00:15:05,827 - INFO - HTTP Request: PUT http://localhost:6333/collections/law_with_e5_emb_not_finetune/points?wait=true "HTTP/1.1 200 OK"
2025-12-12 00:15:05,897 - INFO - PUT http://localhost:9200/_bulk [status:200 duration:0.068s]
2025-12-12 00:15:08,770 - INFO - HTTP Request: PUT http://localhost:6333/collections/law_with_bge_round1/points?wait=true "HTTP/1.1 200 OK"
2025-12-12 00:15:08,812 - INFO - HTTP Request: PUT http://localhost:6333/collections/law_with_e5_emb_not_finetune/points?wait=true "HTTP/1.1 200 OK"
2025-12-12 00:15:08,844 - INFO - PUT http://localhost:9200/_bulk [status:200 duration:0.030s]
2025-12-12 00:15:11,909 - INFO - HTTP Request: PUT http://localhost:6333/collections/law_with_bge_round1/points?wait=true "HTTP/1.1 200 OK"
2025-12-12 00:15:11,961 - INFO - HTTP Request: PUT http://localhost:6333/collections/law_with_e5_emb_not_finetune/points?wait=true "HTTP/1.1 200 OK"
2025-12-12 00:15:12,003 - INFO - PUT http://localhost:9200/_bulk [status:200 duration:0.040s]
2025-12-12 00:15:15,081 - INFO - HTTP Request: PUT http://localhost:6333/collections/law_with_bge_round1/points?wait=true "HTTP/1.1 200 OK"
2025-12-12 00:15:15,122 - INFO - HTTP Request: PUT http://localhost:6333/collections/law_with_e5_emb_not_finetune/points?wait=true "HTTP/1.1 200 OK"
2025-12-12 00:15:15,188 - INFO - PUT http://localhost:9200/_bulk [status:200 duration:0.062s]
2025-12-12 00:15:18,280 - INFO - HTTP Request: PUT http://localhost:6333/collections/law_with_bge_round1/points?wait=true "HTTP/1.1 200 OK"
2025-12-12 00:15:18,321 - INFO - HTTP Request: PUT http://localhost:6333/collections/law_with_e5_emb_not_finetune/points?wait=true "HTTP/1.1 200 OK"
2025-12-12 00:15:18,384 - INFO - PUT http://localhost:9200/_bulk [status:200 duration:0.060s]
2025-12-12 00:15:21,490 - INFO - HTTP Request: PUT http://localhost:6333/collections/law_with_bge_round1/points?wait=true "HTTP/1.1 200 OK"
2025-12-12 00:15:21,522 - INFO - HTTP Request: PUT http://localhost:6333/collections/law_with_e5_emb_not_finetune/points?wait=true "HTTP/1.1 200 OK"
2025-12-12 00:15:21,586 - INFO - PUT http://localhost:9200/_bulk [status:200 duration:0.061s]
2025-12-12 00:15:24,663 - INFO - HTTP Request: PUT http://localhost:6333/collections/law_with_bge_round1/points?wait=true "HTTP/1.1 200 OK"
2025-12-12 00:15:24,695 - INFO - HTTP Request: PUT http://localhost:6333/collections/law_with_e5_emb_not_finetune/points?wait=true "HTTP/1.1 200 OK"
2025-12-12 00:15:24,777 - INFO - PUT http://localhost:9200/_bulk [status:200 duration:0.081s]
2025-12-12 00:15:27,769 - INFO - HTTP Request: PUT http://localhost:6333/collections/law_with_bge_round1/points?wait=true "HTTP/1.1 200 OK"
2025-12-12 00:15:27,815 - INFO - HTTP Request: PUT http://localhost:6333/collections/law_with_e5_emb_not_finetune/points?wait=true "HTTP/1.1 200 OK"
2025-12-12 00:15:27,881 - INFO - PUT http://localhost:9200/_bulk [status:200 duration:0.064s]
2025-12-12 00:15:30,258 - INFO - HTTP Request: PUT http://localhost:6333/collections/law_with_bge_round1/points?wait=true "HTTP/1.1 200 OK"
2025-12-12 00:15:30,326 - INFO - HTTP Request: PUT http://localhost:6333/collections/law_with_e5_emb_not_finetune/points?wait=true "HTTP/1.1 200 OK"
2025-12-12 00:15:30,404 - INFO - PUT http://localhost:9200/_bulk [status:200 duration:0.073s]
2025-12-12 00:15:33,296 - INFO - HTTP Request: PUT http://localhost:6333/collections/law_with_bge_round1/points?wait=true "HTTP/1.1 200 OK"
2025-12-12 00:15:33,329 - INFO - HTTP Request: PUT http://localhost:6333/collections/law_with_e5_emb_not_finetune/points?wait=true "HTTP/1.1 200 OK"
2025-12-12 00:15:33,399 - INFO - PUT http://localhost:9200/_bulk [status:200 duration:0.067s]
2025-12-12 00:15:36,296 - INFO - HTTP Request: PUT http://localhost:6333/collections/law_with_bge_round1/points?wait=true "HTTP/1.1 200 OK"
2025-12-12 00:15:36,350 - INFO - HTTP Request: PUT http://localhost:6333/collections/law_with_e5_emb_not_finetune/points?wait=true "HTTP/1.1 200 OK"
2025-12-12 00:15:36,397 - INFO - PUT http://localhost:9200/_bulk [status:200 duration:0.043s]
2025-12-12 00:15:39,376 - INFO - HTTP Request: PUT http://localhost:6333/collections/law_with_bge_round1/points?wait=true "HTTP/1.1 200 OK"
2025-12-12 00:15:39,437 - INFO - HTTP Request: PUT http://localhost:6333/collections/law_with_e5_emb_not_finetune/points?wait=true "HTTP/1.1 200 OK"
2025-12-12 00:15:39,509 - INFO - PUT http://localhost:9200/_bulk [status:200 duration:0.068s]
2025-12-12 00:15:42,549 - INFO - HTTP Request: PUT http://localhost:6333/collections/law_with_bge_round1/points?wait=true "HTTP/1.1 200 OK"
2025-12-12 00:15:42,595 - INFO - HTTP Request: PUT http://localhost:6333/collections/law_with_e5_emb_not_finetune/points?wait=true "HTTP/1.1 200 OK"
2025-12-12 00:15:42,667 - INFO - PUT http://localhost:9200/_bulk [status:200 duration:0.068s]
2025-12-12 00:15:45,611 - INFO - HTTP Request: PUT http://localhost:6333/collections/law_with_bge_round1/points?wait=true "HTTP/1.1 200 OK"
2025-12-12 00:15:45,657 - INFO - HTTP Request: PUT http://localhost:6333/collections/law_with_e5_emb_not_finetune/points?wait=true "HTTP/1.1 200 OK"
2025-12-12 00:15:45,721 - INFO - PUT http://localhost:9200/_bulk [status:200 duration:0.059s]
2025-12-12 00:15:48,753 - INFO - HTTP Request: PUT http://localhost:6333/collections/law_with_bge_round1/points?wait=true "HTTP/1.1 200 OK"
2025-12-12 00:15:48,790 - INFO - HTTP Request: PUT http://localhost:6333/collections/law_with_e5_emb_not_finetune/points?wait=true "HTTP/1.1 200 OK"
2025-12-12 00:15:49,166 - INFO - PUT http://localhost:9200/_bulk [status:200 duration:0.066s]
2025-12-12 00:15:52,204 - INFO - HTTP Request: PUT http://localhost:6333/collections/law_with_bge_round1/points?wait=true "HTTP/1.1 200 OK"
2025-12-12 00:15:52,247 - INFO - HTTP Request: PUT http://localhost:6333/collections/law_with_e5_emb_not_finetune/points?wait=true "HTTP/1.1 200 OK"
2025-12-12 00:15:52,321 - INFO - PUT http://localhost:9200/_bulk [status:200 duration:0.071s]
2025-12-12 00:15:55,260 - INFO - HTTP Request: PUT http://localhost:6333/collections/law_with_bge_round1/points?wait=true "HTTP/1.1 200 OK"
2025-12-12 00:15:55,311 - INFO - HTTP Request: PUT http://localhost:6333/collections/law_with_e5_emb_not_finetune/points?wait=true "HTTP/1.1 200 OK"
2025-12-12 00:15:55,377 - INFO - PUT http://localhost:9200/_bulk [status:200 duration:0.063s]
2025-12-12 00:15:58,315 - INFO - HTTP Request: PUT http://localhost:6333/collections/law_with_bge_round1/points?wait=true "HTTP/1.1 200 OK"
2025-12-12 00:15:58,344 - INFO - HTTP Request: PUT http://localhost:6333/collections/law_with_e5_emb_not_finetune/points?wait=true "HTTP/1.1 200 OK"
2025-12-12 00:15:58,402 - INFO - PUT http://localhost:9200/_bulk [status:200 duration:0.057s]
2025-12-12 00:16:01,549 - INFO - HTTP Request: PUT http://localhost:6333/collections/law_with_bge_round1/points?wait=true "HTTP/1.1 200 OK"
2025-12-12 00:16:01,604 - INFO - HTTP Request: PUT http://localhost:6333/collections/law_with_e5_emb_not_finetune/points?wait=true "HTTP/1.1 200 OK"
2025-12-12 00:16:01,641 - INFO - PUT http://localhost:9200/_bulk [status:200 duration:0.032s]
2025-12-12 00:16:04,718 - INFO - HTTP Request: PUT http://localhost:6333/collections/law_with_bge_round1/points?wait=true "HTTP/1.1 200 OK"
2025-12-12 00:16:04,763 - INFO - HTTP Request: PUT http://localhost:6333/collections/law_with_e5_emb_not_finetune/points?wait=true "HTTP/1.1 200 OK"
2025-12-12 00:16:04,799 - INFO - PUT http://localhost:9200/_bulk [status:200 duration:0.034s]
2025-12-12 00:16:07,918 - INFO - HTTP Request: PUT http://localhost:6333/collections/law_with_bge_round1/points?wait=true "HTTP/1.1 200 OK"
2025-12-12 00:16:07,969 - INFO - HTTP Request: PUT http://localhost:6333/collections/law_with_e5_emb_not_finetune/points?wait=true "HTTP/1.1 200 OK"
2025-12-12 00:16:08,035 - INFO - PUT http://localhost:9200/_bulk [status:200 duration:0.063s]
2025-12-12 00:16:11,111 - INFO - HTTP Request: PUT http://localhost:6333/collections/law_with_bge_round1/points?wait=true "HTTP/1.1 200 OK"
2025-12-12 00:16:11,154 - INFO - HTTP Request: PUT http://localhost:6333/collections/law_with_e5_emb_not_finetune/points?wait=true "HTTP/1.1 200 OK"
2025-12-12 00:16:11,221 - INFO - PUT http://localhost:9200/_bulk [status:200 duration:0.064s]
2025-12-12 00:16:14,305 - INFO - HTTP Request: PUT http://localhost:6333/collections/law_with_bge_round1/points?wait=true "HTTP/1.1 200 OK"
2025-12-12 00:16:14,340 - INFO - HTTP Request: PUT http://localhost:6333/collections/law_with_e5_emb_not_finetune/points?wait=true "HTTP/1.1 200 OK"
2025-12-12 00:16:14,408 - INFO - PUT http://localhost:9200/_bulk [status:200 duration:0.063s]
2025-12-12 00:16:17,495 - INFO - HTTP Request: PUT http://localhost:6333/collections/law_with_bge_round1/points?wait=true "HTTP/1.1 200 OK"
2025-12-12 00:16:17,548 - INFO - HTTP Request: PUT http://localhost:6333/collections/law_with_e5_emb_not_finetune/points?wait=true "HTTP/1.1 200 OK"
2025-12-12 00:16:17,635 - INFO - PUT http://localhost:9200/_bulk [status:200 duration:0.084s]
2025-12-12 00:16:20,816 - INFO - HTTP Request: PUT http://localhost:6333/collections/law_with_bge_round1/points?wait=true "HTTP/1.1 200 OK"
2025-12-12 00:16:20,867 - INFO - HTTP Request: PUT http://localhost:6333/collections/law_with_e5_emb_not_finetune/points?wait=true "HTTP/1.1 200 OK"
2025-12-12 00:16:20,905 - INFO - PUT http://localhost:9200/_bulk [status:200 duration:0.034s]
2025-12-12 00:16:24,030 - INFO - HTTP Request: PUT http://localhost:6333/collections/law_with_bge_round1/points?wait=true "HTTP/1.1 200 OK"
2025-12-12 00:16:24,153 - INFO - HTTP Request: PUT http://localhost:6333/collections/law_with_e5_emb_not_finetune/points?wait=true "HTTP/1.1 200 OK"
2025-12-12 00:16:24,188 - INFO - PUT http://localhost:9200/_bulk [status:200 duration:0.029s]
2025-12-12 00:16:27,275 - INFO - HTTP Request: PUT http://localhost:6333/collections/law_with_bge_round1/points?wait=true "HTTP/1.1 200 OK"
2025-12-12 00:16:27,309 - INFO - HTTP Request: PUT http://localhost:6333/collections/law_with_e5_emb_not_finetune/points?wait=true "HTTP/1.1 200 OK"
2025-12-12 00:16:27,379 - INFO - PUT http://localhost:9200/_bulk [status:200 duration:0.066s]
2025-12-12 00:16:30,491 - INFO - HTTP Request: PUT http://localhost:6333/collections/law_with_bge_round1/points?wait=true "HTTP/1.1 200 OK"
2025-12-12 00:16:30,549 - INFO - HTTP Request: PUT http://localhost:6333/collections/law_with_e5_emb_not_finetune/points?wait=true "HTTP/1.1 200 OK"
2025-12-12 00:16:30,617 - INFO - PUT http://localhost:9200/_bulk [status:200 duration:0.066s]
2025-12-12 00:16:33,750 - INFO - HTTP Request: PUT http://localhost:6333/collections/law_with_bge_round1/points?wait=true "HTTP/1.1 200 OK"
2025-12-12 00:16:33,813 - INFO - HTTP Request: PUT http://localhost:6333/collections/law_with_e5_emb_not_finetune/points?wait=true "HTTP/1.1 200 OK"
2025-12-12 00:16:33,851 - INFO - PUT http://localhost:9200/_bulk [status:200 duration:0.034s]
2025-12-12 00:16:36,937 - INFO - HTTP Request: PUT http://localhost:6333/collections/law_with_bge_round1/points?wait=true "HTTP/1.1 200 OK"
2025-12-12 00:16:36,979 - INFO - HTTP Request: PUT http://localhost:6333/collections/law_with_e5_emb_not_finetune/points?wait=true "HTTP/1.1 200 OK"
2025-12-12 00:16:37,048 - INFO - PUT http://localhost:9200/_bulk [status:200 duration:0.067s]
2025-12-12 00:16:40,141 - INFO - HTTP Request: PUT http://localhost:6333/collections/law_with_bge_round1/points?wait=true "HTTP/1.1 200 OK"
2025-12-12 00:16:40,173 - INFO - HTTP Request: PUT http://localhost:6333/collections/law_with_e5_emb_not_finetune/points?wait=true "HTTP/1.1 200 OK"
2025-12-12 00:16:40,250 - INFO - PUT http://localhost:9200/_bulk [status:200 duration:0.072s]
2025-12-12 00:16:43,372 - INFO - HTTP Request: PUT http://localhost:6333/collections/law_with_bge_round1/points?wait=true "HTTP/1.1 200 OK"
2025-12-12 00:16:43,425 - INFO - HTTP Request: PUT http://localhost:6333/collections/law_with_e5_emb_not_finetune/points?wait=true "HTTP/1.1 200 OK"
2025-12-12 00:16:43,497 - INFO - PUT http://localhost:9200/_bulk [status:200 duration:0.068s]
2025-12-12 00:16:46,627 - INFO - HTTP Request: PUT http://localhost:6333/collections/law_with_bge_round1/points?wait=true "HTTP/1.1 200 OK"
2025-12-12 00:16:46,700 - INFO - HTTP Request: PUT http://localhost:6333/collections/law_with_e5_emb_not_finetune/points?wait=true "HTTP/1.1 200 OK"
2025-12-12 00:16:46,732 - INFO - PUT http://localhost:9200/_bulk [status:200 duration:0.029s]
2025-12-12 00:16:49,817 - INFO - HTTP Request: PUT http://localhost:6333/collections/law_with_bge_round1/points?wait=true "HTTP/1.1 200 OK"
2025-12-12 00:16:49,851 - INFO - HTTP Request: PUT http://localhost:6333/collections/law_with_e5_emb_not_finetune/points?wait=true "HTTP/1.1 200 OK"
2025-12-12 00:16:49,915 - INFO - PUT http://localhost:9200/_bulk [status:200 duration:0.061s]
2025-12-12 00:16:53,032 - INFO - HTTP Request: PUT http://localhost:6333/collections/law_with_bge_round1/points?wait=true "HTTP/1.1 200 OK"
2025-12-12 00:16:53,096 - INFO - HTTP Request: PUT http://localhost:6333/collections/law_with_e5_emb_not_finetune/points?wait=true "HTTP/1.1 200 OK"
2025-12-12 00:16:53,163 - INFO - PUT http://localhost:9200/_bulk [status:200 duration:0.061s]
2025-12-12 00:16:56,214 - INFO - HTTP Request: PUT http://localhost:6333/collections/law_with_bge_round1/points?wait=true "HTTP/1.1 200 OK"
2025-12-12 00:16:56,255 - INFO - HTTP Request: PUT http://localhost:6333/collections/law_with_e5_emb_not_finetune/points?wait=true "HTTP/1.1 200 OK"
2025-12-12 00:16:56,319 - INFO - PUT http://localhost:9200/_bulk [status:200 duration:0.061s]
2025-12-12 00:16:59,500 - INFO - HTTP Request: PUT http://localhost:6333/collections/law_with_bge_round1/points?wait=true "HTTP/1.1 200 OK"
2025-12-12 00:16:59,544 - INFO - HTTP Request: PUT http://localhost:6333/collections/law_with_e5_emb_not_finetune/points?wait=true "HTTP/1.1 200 OK"
2025-12-12 00:16:59,606 - INFO - PUT http://localhost:9200/_bulk [status:200 duration:0.058s]
2025-12-12 00:17:02,583 - INFO - HTTP Request: PUT http://localhost:6333/collections/law_with_bge_round1/points?wait=true "HTTP/1.1 200 OK"
2025-12-12 00:17:02,632 - INFO - HTTP Request: PUT http://localhost:6333/collections/law_with_e5_emb_not_finetune/points?wait=true "HTTP/1.1 200 OK"
2025-12-12 00:17:02,693 - INFO - PUT http://localhost:9200/_bulk [status:200 duration:0.057s]
2025-12-12 00:17:05,746 - INFO - HTTP Request: PUT http://localhost:6333/collections/law_with_bge_round1/points?wait=true "HTTP/1.1 200 OK"
2025-12-12 00:17:05,774 - INFO - HTTP Request: PUT http://localhost:6333/collections/law_with_e5_emb_not_finetune/points?wait=true "HTTP/1.1 200 OK"
2025-12-12 00:17:05,838 - INFO - PUT http://localhost:9200/_bulk [status:200 duration:0.058s]
2025-12-12 00:17:09,015 - INFO - HTTP Request: PUT http://localhost:6333/collections/law_with_bge_round1/points?wait=true "HTTP/1.1 200 OK"
2025-12-12 00:17:09,086 - INFO - HTTP Request: PUT http://localhost:6333/collections/law_with_e5_emb_not_finetune/points?wait=true "HTTP/1.1 200 OK"
2025-12-12 00:17:09,160 - INFO - PUT http://localhost:9200/_bulk [status:200 duration:0.071s]
2025-12-12 00:17:12,236 - INFO - HTTP Request: PUT http://localhost:6333/collections/law_with_bge_round1/points?wait=true "HTTP/1.1 200 OK"
2025-12-12 00:17:12,309 - INFO - HTTP Request: PUT http://localhost:6333/collections/law_with_e5_emb_not_finetune/points?wait=true "HTTP/1.1 200 OK"
2025-12-12 00:17:12,339 - INFO - PUT http://localhost:9200/_bulk [status:200 duration:0.026s]
2025-12-12 00:17:15,424 - INFO - HTTP Request: PUT http://localhost:6333/collections/law_with_bge_round1/points?wait=true "HTTP/1.1 200 OK"
2025-12-12 00:17:15,463 - INFO - HTTP Request: PUT http://localhost:6333/collections/law_with_e5_emb_not_finetune/points?wait=true "HTTP/1.1 200 OK"
2025-12-12 00:17:15,525 - INFO - PUT http://localhost:9200/_bulk [status:200 duration:0.059s]
2025-12-12 00:17:18,591 - INFO - HTTP Request: PUT http://localhost:6333/collections/law_with_bge_round1/points?wait=true "HTTP/1.1 200 OK"
2025-12-12 00:17:18,621 - INFO - HTTP Request: PUT http://localhost:6333/collections/law_with_e5_emb_not_finetune/points?wait=true "HTTP/1.1 200 OK"
2025-12-12 00:17:18,681 - INFO - PUT http://localhost:9200/_bulk [status:200 duration:0.057s]
2025-12-12 00:17:21,738 - INFO - HTTP Request: PUT http://localhost:6333/collections/law_with_bge_round1/points?wait=true "HTTP/1.1 200 OK"
2025-12-12 00:17:21,768 - INFO - HTTP Request: PUT http://localhost:6333/collections/law_with_e5_emb_not_finetune/points?wait=true "HTTP/1.1 200 OK"
2025-12-12 00:17:21,821 - INFO - PUT http://localhost:9200/_bulk [status:200 duration:0.050s]
2025-12-12 00:17:24,806 - INFO - HTTP Request: PUT http://localhost:6333/collections/law_with_bge_round1/points?wait=true "HTTP/1.1 200 OK"
2025-12-12 00:17:24,841 - INFO - HTTP Request: PUT http://localhost:6333/collections/law_with_e5_emb_not_finetune/points?wait=true "HTTP/1.1 200 OK"
2025-12-12 00:17:24,900 - INFO - PUT http://localhost:9200/_bulk [status:200 duration:0.055s]
2025-12-12 00:17:27,347 - INFO - HTTP Request: PUT http://localhost:6333/collections/law_with_bge_round1/points?wait=true "HTTP/1.1 200 OK"
2025-12-12 00:17:27,438 - INFO - HTTP Request: PUT http://localhost:6333/collections/law_with_e5_emb_not_finetune/points?wait=true "HTTP/1.1 200 OK"
2025-12-12 00:17:27,496 - INFO - PUT http://localhost:9200/_bulk [status:200 duration:0.054s]
2025-12-12 00:17:30,513 - INFO - HTTP Request: PUT http://localhost:6333/collections/law_with_bge_round1/points?wait=true "HTTP/1.1 200 OK"
2025-12-12 00:17:30,568 - INFO - HTTP Request: PUT http://localhost:6333/collections/law_with_e5_emb_not_finetune/points?wait=true "HTTP/1.1 200 OK"
2025-12-12 00:17:30,623 - INFO - PUT http://localhost:9200/_bulk [status:200 duration:0.052s]
2025-12-12 00:17:33,707 - INFO - HTTP Request: PUT http://localhost:6333/collections/law_with_bge_round1/points?wait=true "HTTP/1.1 200 OK"
2025-12-12 00:17:33,747 - INFO - HTTP Request: PUT http://localhost:6333/collections/law_with_e5_emb_not_finetune/points?wait=true "HTTP/1.1 200 OK"
2025-12-12 00:17:33,802 - INFO - PUT http://localhost:9200/_bulk [status:200 duration:0.052s]
2025-12-12 00:17:36,888 - INFO - HTTP Request: PUT http://localhost:6333/collections/law_with_bge_round1/points?wait=true "HTTP/1.1 200 OK"
2025-12-12 00:17:36,920 - INFO - HTTP Request: PUT http://localhost:6333/collections/law_with_e5_emb_not_finetune/points?wait=true "HTTP/1.1 200 OK"
2025-12-12 00:17:36,947 - INFO - PUT http://localhost:9200/_bulk [status:200 duration:0.024s]
2025-12-12 00:17:40,012 - INFO - HTTP Request: PUT http://localhost:6333/collections/law_with_bge_round1/points?wait=true "HTTP/1.1 200 OK"
2025-12-12 00:17:40,077 - INFO - HTTP Request: PUT http://localhost:6333/collections/law_with_e5_emb_not_finetune/points?wait=true "HTTP/1.1 200 OK"
2025-12-12 00:17:40,139 - INFO - PUT http://localhost:9200/_bulk [status:200 duration:0.057s]
2025-12-12 00:17:43,212 - INFO - HTTP Request: PUT http://localhost:6333/collections/law_with_bge_round1/points?wait=true "HTTP/1.1 200 OK"
2025-12-12 00:17:43,255 - INFO - HTTP Request: PUT http://localhost:6333/collections/law_with_e5_emb_not_finetune/points?wait=true "HTTP/1.1 200 OK"
2025-12-12 00:17:43,313 - INFO - PUT http://localhost:9200/_bulk [status:200 duration:0.055s]
2025-12-12 00:17:46,395 - INFO - HTTP Request: PUT http://localhost:6333/collections/law_with_bge_round1/points?wait=true "HTTP/1.1 200 OK"
2025-12-12 00:17:46,473 - INFO - HTTP Request: PUT http://localhost:6333/collections/law_with_e5_emb_not_finetune/points?wait=true "HTTP/1.1 200 OK"
2025-12-12 00:17:46,553 - INFO - PUT http://localhost:9200/_bulk [status:200 duration:0.071s]
2025-12-12 00:17:49,645 - INFO - HTTP Request: PUT http://localhost:6333/collections/law_with_bge_round1/points?wait=true "HTTP/1.1 200 OK"
2025-12-12 00:17:49,679 - INFO - HTTP Request: PUT http://localhost:6333/collections/law_with_e5_emb_not_finetune/points?wait=true "HTTP/1.1 200 OK"
2025-12-12 00:17:49,736 - INFO - PUT http://localhost:9200/_bulk [status:200 duration:0.054s]
2025-12-12 00:17:52,722 - INFO - HTTP Request: PUT http://localhost:6333/collections/law_with_bge_round1/points?wait=true "HTTP/1.1 200 OK"
2025-12-12 00:17:52,764 - INFO - HTTP Request: PUT http://localhost:6333/collections/law_with_e5_emb_not_finetune/points?wait=true "HTTP/1.1 200 OK"
2025-12-12 00:17:52,822 - INFO - PUT http://localhost:9200/_bulk [status:200 duration:0.055s]
2025-12-12 00:17:55,856 - INFO - HTTP Request: PUT http://localhost:6333/collections/law_with_bge_round1/points?wait=true "HTTP/1.1 200 OK"
2025-12-12 00:17:55,888 - INFO - HTTP Request: PUT http://localhost:6333/collections/law_with_e5_emb_not_finetune/points?wait=true "HTTP/1.1 200 OK"
2025-12-12 00:17:55,948 - INFO - PUT http://localhost:9200/_bulk [status:200 duration:0.057s]
2025-12-12 00:17:58,980 - INFO - HTTP Request: PUT http://localhost:6333/collections/law_with_bge_round1/points?wait=true "HTTP/1.1 200 OK"
2025-12-12 00:17:59,020 - INFO - HTTP Request: PUT http://localhost:6333/collections/law_with_e5_emb_not_finetune/points?wait=true "HTTP/1.1 200 OK"
2025-12-12 00:17:59,075 - INFO - PUT http://localhost:9200/_bulk [status:200 duration:0.052s]
2025-12-12 00:18:02,144 - INFO - HTTP Request: PUT http://localhost:6333/collections/law_with_bge_round1/points?wait=true "HTTP/1.1 200 OK"
2025-12-12 00:18:02,174 - INFO - HTTP Request: PUT http://localhost:6333/collections/law_with_e5_emb_not_finetune/points?wait=true "HTTP/1.1 200 OK"
2025-12-12 00:18:02,192 - INFO - PUT http://localhost:9200/_bulk [status:200 duration:0.012s]
2025-12-12 00:18:05,242 - INFO - HTTP Request: PUT http://localhost:6333/collections/law_with_bge_round1/points?wait=true "HTTP/1.1 200 OK"
2025-12-12 00:18:05,283 - INFO - HTTP Request: PUT http://localhost:6333/collections/law_with_e5_emb_not_finetune/points?wait=true "HTTP/1.1 200 OK"
2025-12-12 00:18:05,337 - INFO - PUT http://localhost:9200/_bulk [status:200 duration:0.052s]
2025-12-12 00:18:08,385 - INFO - HTTP Request: PUT http://localhost:6333/collections/law_with_bge_round1/points?wait=true "HTTP/1.1 200 OK"
2025-12-12 00:18:08,421 - INFO - HTTP Request: PUT http://localhost:6333/collections/law_with_e5_emb_not_finetune/points?wait=true "HTTP/1.1 200 OK"
2025-12-12 00:18:08,478 - INFO - PUT http://localhost:9200/_bulk [status:200 duration:0.055s]
2025-12-12 00:18:11,528 - INFO - HTTP Request: PUT http://localhost:6333/collections/law_with_bge_round1/points?wait=true "HTTP/1.1 200 OK"
2025-12-12 00:18:11,564 - INFO - HTTP Request: PUT http://localhost:6333/collections/law_with_e5_emb_not_finetune/points?wait=true "HTTP/1.1 200 OK"
2025-12-12 00:18:11,619 - INFO - PUT http://localhost:9200/_bulk [status:200 duration:0.052s]
2025-12-12 00:18:14,693 - INFO - HTTP Request: PUT http://localhost:6333/collections/law_with_bge_round1/points?wait=true "HTTP/1.1 200 OK"
2025-12-12 00:18:14,776 - INFO - HTTP Request: PUT http://localhost:6333/collections/law_with_e5_emb_not_finetune/points?wait=true "HTTP/1.1 200 OK"
2025-12-12 00:18:14,795 - INFO - PUT http://localhost:9200/_bulk [status:200 duration:0.016s]
2025-12-12 00:18:17,907 - INFO - HTTP Request: PUT http://localhost:6333/collections/law_with_bge_round1/points?wait=true "HTTP/1.1 200 OK"
2025-12-12 00:18:17,951 - INFO - HTTP Request: PUT http://localhost:6333/collections/law_with_e5_emb_not_finetune/points?wait=true "HTTP/1.1 200 OK"
2025-12-12 00:18:18,010 - INFO - PUT http://localhost:9200/_bulk [status:200 duration:0.057s]
2025-12-12 00:18:21,083 - INFO - HTTP Request: PUT http://localhost:6333/collections/law_with_bge_round1/points?wait=true "HTTP/1.1 200 OK"
2025-12-12 00:18:21,113 - INFO - HTTP Request: PUT http://localhost:6333/collections/law_with_e5_emb_not_finetune/points?wait=true "HTTP/1.1 200 OK"
2025-12-12 00:18:21,169 - INFO - PUT http://localhost:9200/_bulk [status:200 duration:0.053s]
2025-12-12 00:18:24,125 - INFO - HTTP Request: PUT http://localhost:6333/collections/law_with_bge_round1/points?wait=true "HTTP/1.1 200 OK"
2025-12-12 00:18:24,154 - INFO - HTTP Request: PUT http://localhost:6333/collections/law_with_e5_emb_not_finetune/points?wait=true "HTTP/1.1 200 OK"
2025-12-12 00:18:24,215 - INFO - PUT http://localhost:9200/_bulk [status:200 duration:0.058s]
2025-12-12 00:18:27,217 - INFO - HTTP Request: PUT http://localhost:6333/collections/law_with_bge_round1/points?wait=true "HTTP/1.1 200 OK"
2025-12-12 00:18:27,249 - INFO - HTTP Request: PUT http://localhost:6333/collections/law_with_e5_emb_not_finetune/points?wait=true "HTTP/1.1 200 OK"
2025-12-12 00:18:27,304 - INFO - PUT http://localhost:9200/_bulk [status:200 duration:0.053s]
2025-12-12 00:18:30,309 - INFO - HTTP Request: PUT http://localhost:6333/collections/law_with_bge_round1/points?wait=true "HTTP/1.1 200 OK"
2025-12-12 00:18:30,345 - INFO - HTTP Request: PUT http://localhost:6333/collections/law_with_e5_emb_not_finetune/points?wait=true "HTTP/1.1 200 OK"
2025-12-12 00:18:30,404 - INFO - PUT http://localhost:9200/_bulk [status:200 duration:0.057s]
2025-12-12 00:18:33,406 - INFO - HTTP Request: PUT http://localhost:6333/collections/law_with_bge_round1/points?wait=true "HTTP/1.1 200 OK"
2025-12-12 00:18:33,452 - INFO - HTTP Request: PUT http://localhost:6333/collections/law_with_e5_emb_not_finetune/points?wait=true "HTTP/1.1 200 OK"
2025-12-12 00:18:33,506 - INFO - PUT http://localhost:9200/_bulk [status:200 duration:0.051s]
2025-12-12 00:18:36,519 - INFO - HTTP Request: PUT http://localhost:6333/collections/law_with_bge_round1/points?wait=true "HTTP/1.1 200 OK"
2025-12-12 00:18:36,548 - INFO - HTTP Request: PUT http://localhost:6333/collections/law_with_e5_emb_not_finetune/points?wait=true "HTTP/1.1 200 OK"
2025-12-12 00:18:36,603 - INFO - PUT http://localhost:9200/_bulk [status:200 duration:0.053s]
2025-12-12 00:18:39,637 - INFO - HTTP Request: PUT http://localhost:6333/collections/law_with_bge_round1/points?wait=true "HTTP/1.1 200 OK"
2025-12-12 00:18:39,671 - INFO - HTTP Request: PUT http://localhost:6333/collections/law_with_e5_emb_not_finetune/points?wait=true "HTTP/1.1 200 OK"
2025-12-12 00:18:39,726 - INFO - PUT http://localhost:9200/_bulk [status:200 duration:0.053s]
2025-12-12 00:18:42,772 - INFO - HTTP Request: PUT http://localhost:6333/collections/law_with_bge_round1/points?wait=true "HTTP/1.1 200 OK"
2025-12-12 00:18:42,803 - INFO - HTTP Request: PUT http://localhost:6333/collections/law_with_e5_emb_not_finetune/points?wait=true "HTTP/1.1 200 OK"
2025-12-12 00:18:42,863 - INFO - PUT http://localhost:9200/_bulk [status:200 duration:0.058s]
2025-12-12 00:18:45,880 - INFO - HTTP Request: PUT http://localhost:6333/collections/law_with_bge_round1/points?wait=true "HTTP/1.1 200 OK"
2025-12-12 00:18:45,932 - INFO - HTTP Request: PUT http://localhost:6333/collections/law_with_e5_emb_not_finetune/points?wait=true "HTTP/1.1 200 OK"
2025-12-12 00:18:45,988 - INFO - PUT http://localhost:9200/_bulk [status:200 duration:0.054s]
2025-12-12 00:18:49,003 - INFO - HTTP Request: PUT http://localhost:6333/collections/law_with_bge_round1/points?wait=true "HTTP/1.1 200 OK"
2025-12-12 00:18:49,034 - INFO - HTTP Request: PUT http://localhost:6333/collections/law_with_e5_emb_not_finetune/points?wait=true "HTTP/1.1 200 OK"
2025-12-12 00:18:49,052 - INFO - PUT http://localhost:9200/_bulk [status:200 duration:0.014s]
2025-12-12 00:18:52,152 - INFO - HTTP Request: PUT http://localhost:6333/collections/law_with_bge_round1/points?wait=true "HTTP/1.1 200 OK"
2025-12-12 00:18:52,191 - INFO - HTTP Request: PUT http://localhost:6333/collections/law_with_e5_emb_not_finetune/points?wait=true "HTTP/1.1 200 OK"
2025-12-12 00:18:52,251 - INFO - PUT http://localhost:9200/_bulk [status:200 duration:0.053s]
2025-12-12 00:18:55,262 - INFO - HTTP Request: PUT http://localhost:6333/collections/law_with_bge_round1/points?wait=true "HTTP/1.1 200 OK"
2025-12-12 00:18:55,310 - INFO - HTTP Request: PUT http://localhost:6333/collections/law_with_e5_emb_not_finetune/points?wait=true "HTTP/1.1 200 OK"
2025-12-12 00:18:55,367 - INFO - PUT http://localhost:9200/_bulk [status:200 duration:0.053s]
2025-12-12 00:18:58,495 - INFO - HTTP Request: PUT http://localhost:6333/collections/law_with_bge_round1/points?wait=true "HTTP/1.1 200 OK"
2025-12-12 00:18:58,548 - INFO - HTTP Request: PUT http://localhost:6333/collections/law_with_e5_emb_not_finetune/points?wait=true "HTTP/1.1 200 OK"
2025-12-12 00:18:58,605 - INFO - PUT http://localhost:9200/_bulk [status:200 duration:0.054s]
2025-12-12 00:19:01,657 - INFO - HTTP Request: PUT http://localhost:6333/collections/law_with_bge_round1/points?wait=true "HTTP/1.1 200 OK"
2025-12-12 00:19:01,687 - INFO - HTTP Request: PUT http://localhost:6333/collections/law_with_e5_emb_not_finetune/points?wait=true "HTTP/1.1 200 OK"
2025-12-12 00:19:01,749 - INFO - PUT http://localhost:9200/_bulk [status:200 duration:0.058s]
2025-12-12 00:19:04,782 - INFO - HTTP Request: PUT http://localhost:6333/collections/law_with_bge_round1/points?wait=true "HTTP/1.1 200 OK"
2025-12-12 00:19:04,815 - INFO - HTTP Request: PUT http://localhost:6333/collections/law_with_e5_emb_not_finetune/points?wait=true "HTTP/1.1 200 OK"
2025-12-12 00:19:04,834 - INFO - PUT http://localhost:9200/_bulk [status:200 duration:0.015s]
2025-12-12 00:19:07,864 - INFO - HTTP Request: PUT http://localhost:6333/collections/law_with_bge_round1/points?wait=true "HTTP/1.1 200 OK"
2025-12-12 00:19:07,902 - INFO - HTTP Request: PUT http://localhost:6333/collections/law_with_e5_emb_not_finetune/points?wait=true "HTTP/1.1 200 OK"
2025-12-12 00:19:07,961 - INFO - PUT http://localhost:9200/_bulk [status:200 duration:0.056s]
2025-12-12 00:19:10,787 - INFO - HTTP Request: PUT http://localhost:6333/collections/law_with_bge_round1/points?wait=true "HTTP/1.1 200 OK"
2025-12-12 00:19:10,825 - INFO - HTTP Request: PUT http://localhost:6333/collections/law_with_e5_emb_not_finetune/points?wait=true "HTTP/1.1 200 OK"
2025-12-12 00:19:10,885 - INFO - PUT http://localhost:9200/_bulk [status:200 duration:0.058s]
2025-12-12 00:19:13,722 - INFO - HTTP Request: PUT http://localhost:6333/collections/law_with_bge_round1/points?wait=true "HTTP/1.1 200 OK"
2025-12-12 00:19:13,753 - INFO - HTTP Request: PUT http://localhost:6333/collections/law_with_e5_emb_not_finetune/points?wait=true "HTTP/1.1 200 OK"
2025-12-12 00:19:13,812 - INFO - PUT http://localhost:9200/_bulk [status:200 duration:0.057s]
2025-12-12 00:19:16,679 - INFO - HTTP Request: PUT http://localhost:6333/collections/law_with_bge_round1/points?wait=true "HTTP/1.1 200 OK"
2025-12-12 00:19:16,732 - INFO - HTTP Request: PUT http://localhost:6333/collections/law_with_e5_emb_not_finetune/points?wait=true "HTTP/1.1 200 OK"
2025-12-12 00:19:16,791 - INFO - PUT http://localhost:9200/_bulk [status:200 duration:0.056s]
2025-12-12 00:19:19,632 - INFO - HTTP Request: PUT http://localhost:6333/collections/law_with_bge_round1/points?wait=true "HTTP/1.1 200 OK"
2025-12-12 00:19:19,665 - INFO - HTTP Request: PUT http://localhost:6333/collections/law_with_e5_emb_not_finetune/points?wait=true "HTTP/1.1 200 OK"
2025-12-12 00:19:19,724 - INFO - PUT http://localhost:9200/_bulk [status:200 duration:0.057s]
2025-12-12 00:19:22,631 - INFO - HTTP Request: PUT http://localhost:6333/collections/law_with_bge_round1/points?wait=true "HTTP/1.1 200 OK"
2025-12-12 00:19:22,681 - INFO - HTTP Request: PUT http://localhost:6333/collections/law_with_e5_emb_not_finetune/points?wait=true "HTTP/1.1 200 OK"
2025-12-12 00:19:22,739 - INFO - PUT http://localhost:9200/_bulk [status:200 duration:0.055s]
2025-12-12 00:19:25,690 - INFO - HTTP Request: PUT http://localhost:6333/collections/law_with_bge_round1/points?wait=true "HTTP/1.1 200 OK"
2025-12-12 00:19:25,755 - INFO - HTTP Request: PUT http://localhost:6333/collections/law_with_e5_emb_not_finetune/points?wait=true "HTTP/1.1 200 OK"
2025-12-12 00:19:25,774 - INFO - PUT http://localhost:9200/_bulk [status:200 duration:0.014s]
2025-12-12 00:19:28,970 - INFO - HTTP Request: PUT http://localhost:6333/collections/law_with_bge_round1/points?wait=true "HTTP/1.1 200 OK"
2025-12-12 00:19:29,160 - INFO - HTTP Request: PUT http://localhost:6333/collections/law_with_e5_emb_not_finetune/points?wait=true "HTTP/1.1 200 OK"
2025-12-12 00:19:29,219 - INFO - PUT http://localhost:9200/_bulk [status:200 duration:0.056s]
2025-12-12 00:19:32,285 - INFO - HTTP Request: PUT http://localhost:6333/collections/law_with_bge_round1/points?wait=true "HTTP/1.1 200 OK"
2025-12-12 00:19:32,333 - INFO - HTTP Request: PUT http://localhost:6333/collections/law_with_e5_emb_not_finetune/points?wait=true "HTTP/1.1 200 OK"
2025-12-12 00:19:32,389 - INFO - PUT http://localhost:9200/_bulk [status:200 duration:0.053s]
2025-12-12 00:19:35,460 - INFO - HTTP Request: PUT http://localhost:6333/collections/law_with_bge_round1/points?wait=true "HTTP/1.1 200 OK"
2025-12-12 00:19:35,491 - INFO - HTTP Request: PUT http://localhost:6333/collections/law_with_e5_emb_not_finetune/points?wait=true "HTTP/1.1 200 OK"
2025-12-12 00:19:35,512 - INFO - PUT http://localhost:9200/_bulk [status:200 duration:0.014s]
2025-12-12 00:19:38,593 - INFO - HTTP Request: PUT http://localhost:6333/collections/law_with_bge_round1/points?wait=true "HTTP/1.1 200 OK"
2025-12-12 00:19:38,623 - INFO - HTTP Request: PUT http://localhost:6333/collections/law_with_e5_emb_not_finetune/points?wait=true "HTTP/1.1 200 OK"
2025-12-12 00:19:38,685 - INFO - PUT http://localhost:9200/_bulk [status:200 duration:0.057s]
2025-12-12 00:19:41,686 - INFO - HTTP Request: PUT http://localhost:6333/collections/law_with_bge_round1/points?wait=true "HTTP/1.1 200 OK"
2025-12-12 00:19:41,719 - INFO - HTTP Request: PUT http://localhost:6333/collections/law_with_e5_emb_not_finetune/points?wait=true "HTTP/1.1 200 OK"
2025-12-12 00:19:41,775 - INFO - PUT http://localhost:9200/_bulk [status:200 duration:0.053s]
2025-12-12 00:19:44,860 - INFO - HTTP Request: PUT http://localhost:6333/collections/law_with_bge_round1/points?wait=true "HTTP/1.1 200 OK"
2025-12-12 00:19:44,905 - INFO - HTTP Request: PUT http://localhost:6333/collections/law_with_e5_emb_not_finetune/points?wait=true "HTTP/1.1 200 OK"
2025-12-12 00:19:44,929 - INFO - PUT http://localhost:9200/_bulk [status:200 duration:0.019s]
2025-12-12 00:19:48,001 - INFO - HTTP Request: PUT http://localhost:6333/collections/law_with_bge_round1/points?wait=true "HTTP/1.1 200 OK"
2025-12-12 00:19:48,043 - INFO - HTTP Request: PUT http://localhost:6333/collections/law_with_e5_emb_not_finetune/points?wait=true "HTTP/1.1 200 OK"
2025-12-12 00:19:48,106 - INFO - PUT http://localhost:9200/_bulk [status:200 duration:0.058s]
2025-12-12 00:19:51,177 - INFO - HTTP Request: PUT http://localhost:6333/collections/law_with_bge_round1/points?wait=true "HTTP/1.1 200 OK"
2025-12-12 00:19:51,215 - INFO - HTTP Request: PUT http://localhost:6333/collections/law_with_e5_emb_not_finetune/points?wait=true "HTTP/1.1 200 OK"
2025-12-12 00:19:51,276 - INFO - PUT http://localhost:9200/_bulk [status:200 duration:0.057s]
2025-12-12 00:19:54,374 - INFO - HTTP Request: PUT http://localhost:6333/collections/law_with_bge_round1/points?wait=true "HTTP/1.1 200 OK"
2025-12-12 00:19:54,405 - INFO - HTTP Request: PUT http://localhost:6333/collections/law_with_e5_emb_not_finetune/points?wait=true "HTTP/1.1 200 OK"
2025-12-12 00:19:54,422 - INFO - PUT http://localhost:9200/_bulk [status:200 duration:0.013s]
2025-12-12 00:19:57,568 - INFO - HTTP Request: PUT http://localhost:6333/collections/law_with_bge_round1/points?wait=true "HTTP/1.1 200 OK"
2025-12-12 00:19:57,604 - INFO - HTTP Request: PUT http://localhost:6333/collections/law_with_e5_emb_not_finetune/points?wait=true "HTTP/1.1 200 OK"
2025-12-12 00:19:57,655 - INFO - PUT http://localhost:9200/_bulk [status:200 duration:0.049s]
2025-12-12 00:20:00,756 - INFO - HTTP Request: PUT http://localhost:6333/collections/law_with_bge_round1/points?wait=true "HTTP/1.1 200 OK"
2025-12-12 00:20:00,806 - INFO - HTTP Request: PUT http://localhost:6333/collections/law_with_e5_emb_not_finetune/points?wait=true "HTTP/1.1 200 OK"
2025-12-12 00:20:00,865 - INFO - PUT http://localhost:9200/_bulk [status:200 duration:0.055s]
2025-12-12 00:20:03,917 - INFO - HTTP Request: PUT http://localhost:6333/collections/law_with_bge_round1/points?wait=true "HTTP/1.1 200 OK"
2025-12-12 00:20:03,972 - INFO - HTTP Request: PUT http://localhost:6333/collections/law_with_e5_emb_not_finetune/points?wait=true "HTTP/1.1 200 OK"
2025-12-12 00:20:04,023 - INFO - PUT http://localhost:9200/_bulk [status:200 duration:0.049s]
2025-12-12 00:20:07,103 - INFO - HTTP Request: PUT http://localhost:6333/collections/law_with_bge_round1/points?wait=true "HTTP/1.1 200 OK"
2025-12-12 00:20:07,163 - INFO - HTTP Request: PUT http://localhost:6333/collections/law_with_e5_emb_not_finetune/points?wait=true "HTTP/1.1 200 OK"
2025-12-12 00:20:07,221 - INFO - PUT http://localhost:9200/_bulk [status:200 duration:0.056s]
2025-12-12 00:20:10,255 - INFO - HTTP Request: PUT http://localhost:6333/collections/law_with_bge_round1/points?wait=true "HTTP/1.1 200 OK"
2025-12-12 00:20:10,299 - INFO - HTTP Request: PUT http://localhost:6333/collections/law_with_e5_emb_not_finetune/points?wait=true "HTTP/1.1 200 OK"
2025-12-12 00:20:10,355 - INFO - PUT http://localhost:9200/_bulk [status:200 duration:0.052s]
2025-12-12 00:20:13,384 - INFO - HTTP Request: PUT http://localhost:6333/collections/law_with_bge_round1/points?wait=true "HTTP/1.1 200 OK"
2025-12-12 00:20:13,420 - INFO - HTTP Request: PUT http://localhost:6333/collections/law_with_e5_emb_not_finetune/points?wait=true "HTTP/1.1 200 OK"
2025-12-12 00:20:13,482 - INFO - PUT http://localhost:9200/_bulk [status:200 duration:0.058s]
2025-12-12 00:20:16,315 - INFO - HTTP Request: PUT http://localhost:6333/collections/law_with_bge_round1/points?wait=true "HTTP/1.1 200 OK"
2025-12-12 00:20:16,365 - INFO - HTTP Request: PUT http://localhost:6333/collections/law_with_e5_emb_not_finetune/points?wait=true "HTTP/1.1 200 OK"
2025-12-12 00:20:16,420 - INFO - PUT http://localhost:9200/_bulk [status:200 duration:0.052s]
2025-12-12 00:20:19,475 - INFO - HTTP Request: PUT http://localhost:6333/collections/law_with_bge_round1/points?wait=true "HTTP/1.1 200 OK"
2025-12-12 00:20:19,507 - INFO - HTTP Request: PUT http://localhost:6333/collections/law_with_e5_emb_not_finetune/points?wait=true "HTTP/1.1 200 OK"
2025-12-12 00:20:19,568 - INFO - PUT http://localhost:9200/_bulk [status:200 duration:0.056s]
2025-12-12 00:20:22,598 - INFO - HTTP Request: PUT http://localhost:6333/collections/law_with_bge_round1/points?wait=true "HTTP/1.1 200 OK"
2025-12-12 00:20:22,642 - INFO - HTTP Request: PUT http://localhost:6333/collections/law_with_e5_emb_not_finetune/points?wait=true "HTTP/1.1 200 OK"
2025-12-12 00:20:22,706 - INFO - PUT http://localhost:9200/_bulk [status:200 duration:0.059s]
2025-12-12 00:20:25,733 - INFO - HTTP Request: PUT http://localhost:6333/collections/law_with_bge_round1/points?wait=true "HTTP/1.1 200 OK"
2025-12-12 00:20:25,783 - INFO - HTTP Request: PUT http://localhost:6333/collections/law_with_e5_emb_not_finetune/points?wait=true "HTTP/1.1 200 OK"
2025-12-12 00:20:25,841 - INFO - PUT http://localhost:9200/_bulk [status:200 duration:0.055s]
2025-12-12 00:20:28,821 - INFO - HTTP Request: PUT http://localhost:6333/collections/law_with_bge_round1/points?wait=true "HTTP/1.1 200 OK"
2025-12-12 00:20:28,859 - INFO - HTTP Request: PUT http://localhost:6333/collections/law_with_e5_emb_not_finetune/points?wait=true "HTTP/1.1 200 OK"
2025-12-12 00:20:28,917 - INFO - PUT http://localhost:9200/_bulk [status:200 duration:0.055s]
2025-12-12 00:20:31,939 - INFO - HTTP Request: PUT http://localhost:6333/collections/law_with_bge_round1/points?wait=true "HTTP/1.1 200 OK"
2025-12-12 00:20:31,984 - INFO - HTTP Request: PUT http://localhost:6333/collections/law_with_e5_emb_not_finetune/points?wait=true "HTTP/1.1 200 OK"
2025-12-12 00:20:32,040 - INFO - PUT http://localhost:9200/_bulk [status:200 duration:0.052s]
2025-12-12 00:20:35,086 - INFO - HTTP Request: PUT http://localhost:6333/collections/law_with_bge_round1/points?wait=true "HTTP/1.1 200 OK"
2025-12-12 00:20:35,129 - INFO - HTTP Request: PUT http://localhost:6333/collections/law_with_e5_emb_not_finetune/points?wait=true "HTTP/1.1 200 OK"
2025-12-12 00:20:35,187 - INFO - PUT http://localhost:9200/_bulk [status:200 duration:0.053s]
2025-12-12 00:20:38,124 - INFO - HTTP Request: PUT http://localhost:6333/collections/law_with_bge_round1/points?wait=true "HTTP/1.1 200 OK"
2025-12-12 00:20:38,155 - INFO - HTTP Request: PUT http://localhost:6333/collections/law_with_e5_emb_not_finetune/points?wait=true "HTTP/1.1 200 OK"
2025-12-12 00:20:38,209 - INFO - PUT http://localhost:9200/_bulk [status:200 duration:0.050s]
2025-12-12 00:20:41,218 - INFO - HTTP Request: PUT http://localhost:6333/collections/law_with_bge_round1/points?wait=true "HTTP/1.1 200 OK"
2025-12-12 00:20:41,267 - INFO - HTTP Request: PUT http://localhost:6333/collections/law_with_e5_emb_not_finetune/points?wait=true "HTTP/1.1 200 OK"
2025-12-12 00:20:41,327 - INFO - PUT http://localhost:9200/_bulk [status:200 duration:0.058s]
2025-12-12 00:20:44,357 - INFO - HTTP Request: PUT http://localhost:6333/collections/law_with_bge_round1/points?wait=true "HTTP/1.1 200 OK"
2025-12-12 00:20:44,407 - INFO - HTTP Request: PUT http://localhost:6333/collections/law_with_e5_emb_not_finetune/points?wait=true "HTTP/1.1 200 OK"
2025-12-12 00:20:44,470 - INFO - PUT http://localhost:9200/_bulk [status:200 duration:0.058s]
2025-12-12 00:20:47,570 - INFO - HTTP Request: PUT http://localhost:6333/collections/law_with_bge_round1/points?wait=true "HTTP/1.1 200 OK"
2025-12-12 00:20:47,605 - INFO - HTTP Request: PUT http://localhost:6333/collections/law_with_e5_emb_not_finetune/points?wait=true "HTTP/1.1 200 OK"
2025-12-12 00:20:47,665 - INFO - PUT http://localhost:9200/_bulk [status:200 duration:0.056s]
2025-12-12 00:20:49,705 - INFO - HTTP Request: PUT http://localhost:6333/collections/law_with_bge_round1/points?wait=true "HTTP/1.1 200 OK"
2025-12-12 00:20:49,736 - INFO - HTTP Request: PUT http://localhost:6333/collections/law_with_e5_emb_not_finetune/points?wait=true "HTTP/1.1 200 OK"
2025-12-12 00:20:49,790 - INFO - PUT http://localhost:9200/_bulk [status:200 duration:0.051s]
2025-12-12 00:20:52,870 - INFO - HTTP Request: PUT http://localhost:6333/collections/law_with_bge_round1/points?wait=true "HTTP/1.1 200 OK"
2025-12-12 00:20:52,904 - INFO - HTTP Request: PUT http://localhost:6333/collections/law_with_e5_emb_not_finetune/points?wait=true "HTTP/1.1 200 OK"
2025-12-12 00:20:52,964 - INFO - PUT http://localhost:9200/_bulk [status:200 duration:0.057s]
2025-12-12 00:20:56,014 - INFO - HTTP Request: PUT http://localhost:6333/collections/law_with_bge_round1/points?wait=true "HTTP/1.1 200 OK"
2025-12-12 00:20:56,044 - INFO - HTTP Request: PUT http://localhost:6333/collections/law_with_e5_emb_not_finetune/points?wait=true "HTTP/1.1 200 OK"
2025-12-12 00:20:56,106 - INFO - PUT http://localhost:9200/_bulk [status:200 duration:0.057s]
2025-12-12 00:20:59,147 - INFO - HTTP Request: PUT http://localhost:6333/collections/law_with_bge_round1/points?wait=true "HTTP/1.1 200 OK"
2025-12-12 00:20:59,174 - INFO - HTTP Request: PUT http://localhost:6333/collections/law_with_e5_emb_not_finetune/points?wait=true "HTTP/1.1 200 OK"
2025-12-12 00:20:59,191 - INFO - PUT http://localhost:9200/_bulk [status:200 duration:0.012s]
2025-12-12 00:21:02,315 - INFO - HTTP Request: PUT http://localhost:6333/collections/law_with_bge_round1/points?wait=true "HTTP/1.1 200 OK"
2025-12-12 00:21:02,352 - INFO - HTTP Request: PUT http://localhost:6333/collections/law_with_e5_emb_not_finetune/points?wait=true "HTTP/1.1 200 OK"
2025-12-12 00:21:02,408 - INFO - PUT http://localhost:9200/_bulk [status:200 duration:0.053s]
2025-12-12 00:21:04,508 - INFO - HTTP Request: PUT http://localhost:6333/collections/law_with_bge_round1/points?wait=true "HTTP/1.1 200 OK"
2025-12-12 00:21:04,538 - INFO - HTTP Request: PUT http://localhost:6333/collections/law_with_e5_emb_not_finetune/points?wait=true "HTTP/1.1 200 OK"
2025-12-12 00:21:04,591 - INFO - PUT http://localhost:9200/_bulk [status:200 duration:0.051s]
2025-12-12 00:21:07,618 - INFO - HTTP Request: PUT http://localhost:6333/collections/law_with_bge_round1/points?wait=true "HTTP/1.1 200 OK"
2025-12-12 00:21:07,671 - INFO - HTTP Request: PUT http://localhost:6333/collections/law_with_e5_emb_not_finetune/points?wait=true "HTTP/1.1 200 OK"
2025-12-12 00:21:07,690 - INFO - PUT http://localhost:9200/_bulk [status:200 duration:0.015s]
2025-12-12 00:21:10,746 - INFO - HTTP Request: PUT http://localhost:6333/collections/law_with_bge_round1/points?wait=true "HTTP/1.1 200 OK"
2025-12-12 00:21:10,799 - INFO - HTTP Request: PUT http://localhost:6333/collections/law_with_e5_emb_not_finetune/points?wait=true "HTTP/1.1 200 OK"
2025-12-12 00:21:10,852 - INFO - PUT http://localhost:9200/_bulk [status:200 duration:0.050s]
2025-12-12 00:21:13,876 - INFO - HTTP Request: PUT http://localhost:6333/collections/law_with_bge_round1/points?wait=true "HTTP/1.1 200 OK"
2025-12-12 00:21:13,987 - INFO - HTTP Request: PUT http://localhost:6333/collections/law_with_e5_emb_not_finetune/points?wait=true "HTTP/1.1 200 OK"
2025-12-12 00:21:14,040 - INFO - PUT http://localhost:9200/_bulk [status:200 duration:0.051s]
2025-12-12 00:21:17,133 - INFO - HTTP Request: PUT http://localhost:6333/collections/law_with_bge_round1/points?wait=true "HTTP/1.1 200 OK"
2025-12-12 00:21:17,164 - INFO - HTTP Request: PUT http://localhost:6333/collections/law_with_e5_emb_not_finetune/points?wait=true "HTTP/1.1 200 OK"
2025-12-12 00:21:17,182 - INFO - PUT http://localhost:9200/_bulk [status:200 duration:0.016s]
2025-12-12 00:21:20,278 - INFO - HTTP Request: PUT http://localhost:6333/collections/law_with_bge_round1/points?wait=true "HTTP/1.1 200 OK"
2025-12-12 00:21:20,390 - INFO - HTTP Request: PUT http://localhost:6333/collections/law_with_e5_emb_not_finetune/points?wait=true "HTTP/1.1 200 OK"
2025-12-12 00:21:20,445 - INFO - PUT http://localhost:9200/_bulk [status:200 duration:0.051s]
2025-12-12 00:21:23,495 - INFO - HTTP Request: PUT http://localhost:6333/collections/law_with_bge_round1/points?wait=true "HTTP/1.1 200 OK"
2025-12-12 00:21:23,760 - INFO - HTTP Request: PUT http://localhost:6333/collections/law_with_e5_emb_not_finetune/points?wait=true "HTTP/1.1 200 OK"
2025-12-12 00:21:23,825 - INFO - PUT http://localhost:9200/_bulk [status:200 duration:0.062s]
2025-12-12 00:21:26,948 - INFO - HTTP Request: PUT http://localhost:6333/collections/law_with_bge_round1/points?wait=true "HTTP/1.1 200 OK"
2025-12-12 00:21:26,994 - INFO - HTTP Request: PUT http://localhost:6333/collections/law_with_e5_emb_not_finetune/points?wait=true "HTTP/1.1 200 OK"
2025-12-12 00:21:27,051 - INFO - PUT http://localhost:9200/_bulk [status:200 duration:0.052s]
2025-12-12 00:21:30,063 - INFO - HTTP Request: PUT http://localhost:6333/collections/law_with_bge_round1/points?wait=true "HTTP/1.1 200 OK"
2025-12-12 00:21:30,249 - INFO - HTTP Request: PUT http://localhost:6333/collections/law_with_e5_emb_not_finetune/points?wait=true "HTTP/1.1 200 OK"
2025-12-12 00:21:30,303 - INFO - PUT http://localhost:9200/_bulk [status:200 duration:0.051s]
2025-12-12 00:21:33,256 - INFO - HTTP Request: PUT http://localhost:6333/collections/law_with_bge_round1/points?wait=true "HTTP/1.1 200 OK"
2025-12-12 00:21:33,291 - INFO - HTTP Request: PUT http://localhost:6333/collections/law_with_e5_emb_not_finetune/points?wait=true "HTTP/1.1 200 OK"
2025-12-12 00:21:33,353 - INFO - PUT http://localhost:9200/_bulk [status:200 duration:0.058s]
2025-12-12 00:21:36,276 - INFO - HTTP Request: PUT http://localhost:6333/collections/law_with_bge_round1/points?wait=true "HTTP/1.1 200 OK"
2025-12-12 00:21:36,308 - INFO - HTTP Request: PUT http://localhost:6333/collections/law_with_e5_emb_not_finetune/points?wait=true "HTTP/1.1 200 OK"
2025-12-12 00:21:36,328 - INFO - PUT http://localhost:9200/_bulk [status:200 duration:0.016s]
2025-12-12 00:21:39,287 - INFO - HTTP Request: PUT http://localhost:6333/collections/law_with_bge_round1/points?wait=true "HTTP/1.1 200 OK"
2025-12-12 00:21:39,315 - INFO - HTTP Request: PUT http://localhost:6333/collections/law_with_e5_emb_not_finetune/points?wait=true "HTTP/1.1 200 OK"
2025-12-12 00:21:39,367 - INFO - PUT http://localhost:9200/_bulk [status:200 duration:0.050s]
2025-12-12 00:21:42,275 - INFO - HTTP Request: PUT http://localhost:6333/collections/law_with_bge_round1/points?wait=true "HTTP/1.1 200 OK"
2025-12-12 00:21:42,315 - INFO - HTTP Request: PUT http://localhost:6333/collections/law_with_e5_emb_not_finetune/points?wait=true "HTTP/1.1 200 OK"
2025-12-12 00:21:42,329 - INFO - PUT http://localhost:9200/_bulk [status:200 duration:0.011s]
2025-12-12 00:21:45,333 - INFO - HTTP Request: PUT http://localhost:6333/collections/law_with_bge_round1/points?wait=true "HTTP/1.1 200 OK"
2025-12-12 00:21:45,369 - INFO - HTTP Request: PUT http://localhost:6333/collections/law_with_e5_emb_not_finetune/points?wait=true "HTTP/1.1 200 OK"
2025-12-12 00:21:45,388 - INFO - PUT http://localhost:9200/_bulk [status:200 duration:0.017s]
2025-12-12 00:21:48,476 - INFO - HTTP Request: PUT http://localhost:6333/collections/law_with_bge_round1/points?wait=true "HTTP/1.1 200 OK"
2025-12-12 00:21:48,546 - INFO - HTTP Request: PUT http://localhost:6333/collections/law_with_e5_emb_not_finetune/points?wait=true "HTTP/1.1 200 OK"
2025-12-12 00:21:48,572 - INFO - PUT http://localhost:9200/_bulk [status:200 duration:0.021s]
2025-12-12 00:21:51,697 - INFO - HTTP Request: PUT http://localhost:6333/collections/law_with_bge_round1/points?wait=true "HTTP/1.1 200 OK"
2025-12-12 00:21:51,752 - INFO - HTTP Request: PUT http://localhost:6333/collections/law_with_e5_emb_not_finetune/points?wait=true "HTTP/1.1 200 OK"
2025-12-12 00:21:51,809 - INFO - PUT http://localhost:9200/_bulk [status:200 duration:0.054s]
2025-12-12 00:21:54,831 - INFO - HTTP Request: PUT http://localhost:6333/collections/law_with_bge_round1/points?wait=true "HTTP/1.1 200 OK"
2025-12-12 00:21:54,857 - INFO - HTTP Request: PUT http://localhost:6333/collections/law_with_e5_emb_not_finetune/points?wait=true "HTTP/1.1 200 OK"
2025-12-12 00:21:54,912 - INFO - PUT http://localhost:9200/_bulk [status:200 duration:0.051s]
2025-12-12 00:21:57,920 - INFO - HTTP Request: PUT http://localhost:6333/collections/law_with_bge_round1/points?wait=true "HTTP/1.1 200 OK"
2025-12-12 00:21:57,962 - INFO - HTTP Request: PUT http://localhost:6333/collections/law_with_e5_emb_not_finetune/points?wait=true "HTTP/1.1 200 OK"
2025-12-12 00:21:58,023 - INFO - PUT http://localhost:9200/_bulk [status:200 duration:0.057s]
2025-12-12 00:22:01,078 - INFO - HTTP Request: PUT http://localhost:6333/collections/law_with_bge_round1/points?wait=true "HTTP/1.1 200 OK"
2025-12-12 00:22:01,126 - INFO - HTTP Request: PUT http://localhost:6333/collections/law_with_e5_emb_not_finetune/points?wait=true "HTTP/1.1 200 OK"
2025-12-12 00:22:01,140 - INFO - PUT http://localhost:9200/_bulk [status:200 duration:0.010s]
2025-12-12 00:22:04,224 - INFO - HTTP Request: PUT http://localhost:6333/collections/law_with_bge_round1/points?wait=true "HTTP/1.1 200 OK"
2025-12-12 00:22:04,283 - INFO - HTTP Request: PUT http://localhost:6333/collections/law_with_e5_emb_not_finetune/points?wait=true "HTTP/1.1 200 OK"
2025-12-12 00:22:04,341 - INFO - PUT http://localhost:9200/_bulk [status:200 duration:0.054s]
2025-12-12 00:22:07,363 - INFO - HTTP Request: PUT http://localhost:6333/collections/law_with_bge_round1/points?wait=true "HTTP/1.1 200 OK"
2025-12-12 00:22:07,402 - INFO - HTTP Request: PUT http://localhost:6333/collections/law_with_e5_emb_not_finetune/points?wait=true "HTTP/1.1 200 OK"
2025-12-12 00:22:07,457 - INFO - PUT http://localhost:9200/_bulk [status:200 duration:0.052s]
2025-12-12 00:22:10,490 - INFO - HTTP Request: PUT http://localhost:6333/collections/law_with_bge_round1/points?wait=true "HTTP/1.1 200 OK"
2025-12-12 00:22:10,528 - INFO - HTTP Request: PUT http://localhost:6333/collections/law_with_e5_emb_not_finetune/points?wait=true "HTTP/1.1 200 OK"
2025-12-12 00:22:10,582 - INFO - PUT http://localhost:9200/_bulk [status:200 duration:0.051s]
2025-12-12 00:22:13,192 - INFO - HTTP Request: PUT http://localhost:6333/collections/law_with_bge_round1/points?wait=true "HTTP/1.1 200 OK"
2025-12-12 00:22:13,222 - INFO - HTTP Request: PUT http://localhost:6333/collections/law_with_e5_emb_not_finetune/points?wait=true "HTTP/1.1 200 OK"
2025-12-12 00:22:13,271 - INFO - PUT http://localhost:9200/_bulk [status:200 duration:0.047s]
2025-12-12 00:22:15,423 - INFO - HTTP Request: PUT http://localhost:6333/collections/law_with_bge_round1/points?wait=true "HTTP/1.1 200 OK"
2025-12-12 00:22:15,458 - INFO - HTTP Request: PUT http://localhost:6333/collections/law_with_e5_emb_not_finetune/points?wait=true "HTTP/1.1 200 OK"
2025-12-12 00:22:15,515 - INFO - PUT http://localhost:9200/_bulk [status:200 duration:0.053s]
2025-12-12 00:22:18,533 - INFO - HTTP Request: PUT http://localhost:6333/collections/law_with_bge_round1/points?wait=true "HTTP/1.1 200 OK"
2025-12-12 00:22:18,730 - INFO - HTTP Request: PUT http://localhost:6333/collections/law_with_e5_emb_not_finetune/points?wait=true "HTTP/1.1 200 OK"
2025-12-12 00:22:18,787 - INFO - PUT http://localhost:9200/_bulk [status:200 duration:0.054s]
2025-12-12 00:22:21,833 - INFO - HTTP Request: PUT http://localhost:6333/collections/law_with_bge_round1/points?wait=true "HTTP/1.1 200 OK"
2025-12-12 00:22:21,868 - INFO - HTTP Request: PUT http://localhost:6333/collections/law_with_e5_emb_not_finetune/points?wait=true "HTTP/1.1 200 OK"
2025-12-12 00:22:21,926 - INFO - PUT http://localhost:9200/_bulk [status:200 duration:0.056s]
2025-12-12 00:22:24,916 - INFO - HTTP Request: PUT http://localhost:6333/collections/law_with_bge_round1/points?wait=true "HTTP/1.1 200 OK"
2025-12-12 00:22:24,950 - INFO - HTTP Request: PUT http://localhost:6333/collections/law_with_e5_emb_not_finetune/points?wait=true "HTTP/1.1 200 OK"
2025-12-12 00:22:25,007 - INFO - PUT http://localhost:9200/_bulk [status:200 duration:0.055s]
2025-12-12 00:22:28,079 - INFO - HTTP Request: PUT http://localhost:6333/collections/law_with_bge_round1/points?wait=true "HTTP/1.1 200 OK"
2025-12-12 00:22:28,118 - INFO - HTTP Request: PUT http://localhost:6333/collections/law_with_e5_emb_not_finetune/points?wait=true "HTTP/1.1 200 OK"
2025-12-12 00:22:28,134 - INFO - PUT http://localhost:9200/_bulk [status:200 duration:0.013s]
2025-12-12 00:22:31,215 - INFO - HTTP Request: PUT http://localhost:6333/collections/law_with_bge_round1/points?wait=true "HTTP/1.1 200 OK"
2025-12-12 00:22:31,245 - INFO - HTTP Request: PUT http://localhost:6333/collections/law_with_e5_emb_not_finetune/points?wait=true "HTTP/1.1 200 OK"
2025-12-12 00:22:31,306 - INFO - PUT http://localhost:9200/_bulk [status:200 duration:0.057s]
2025-12-12 00:22:34,391 - INFO - HTTP Request: PUT http://localhost:6333/collections/law_with_bge_round1/points?wait=true "HTTP/1.1 200 OK"
2025-12-12 00:22:34,433 - INFO - HTTP Request: PUT http://localhost:6333/collections/law_with_e5_emb_not_finetune/points?wait=true "HTTP/1.1 200 OK"
2025-12-12 00:22:34,489 - INFO - PUT http://localhost:9200/_bulk [status:200 duration:0.053s]
2025-12-12 00:22:37,572 - INFO - HTTP Request: PUT http://localhost:6333/collections/law_with_bge_round1/points?wait=true "HTTP/1.1 200 OK"
2025-12-12 00:22:37,612 - INFO - HTTP Request: PUT http://localhost:6333/collections/law_with_e5_emb_not_finetune/points?wait=true "HTTP/1.1 200 OK"
2025-12-12 00:22:37,701 - INFO - PUT http://localhost:9200/_bulk [status:200 duration:0.085s]
2025-12-12 00:22:40,802 - INFO - HTTP Request: PUT http://localhost:6333/collections/law_with_bge_round1/points?wait=true "HTTP/1.1 200 OK"
2025-12-12 00:22:40,857 - INFO - HTTP Request: PUT http://localhost:6333/collections/law_with_e5_emb_not_finetune/points?wait=true "HTTP/1.1 200 OK"
2025-12-12 00:22:40,912 - INFO - PUT http://localhost:9200/_bulk [status:200 duration:0.052s]
2025-12-12 00:22:43,939 - INFO - HTTP Request: PUT http://localhost:6333/collections/law_with_bge_round1/points?wait=true "HTTP/1.1 200 OK"
2025-12-12 00:22:43,981 - INFO - HTTP Request: PUT http://localhost:6333/collections/law_with_e5_emb_not_finetune/points?wait=true "HTTP/1.1 200 OK"
2025-12-12 00:22:44,045 - INFO - PUT http://localhost:9200/_bulk [status:200 duration:0.060s]
2025-12-12 00:22:47,134 - INFO - HTTP Request: PUT http://localhost:6333/collections/law_with_bge_round1/points?wait=true "HTTP/1.1 200 OK"
2025-12-12 00:22:47,171 - INFO - HTTP Request: PUT http://localhost:6333/collections/law_with_e5_emb_not_finetune/points?wait=true "HTTP/1.1 200 OK"
2025-12-12 00:22:47,223 - INFO - PUT http://localhost:9200/_bulk [status:200 duration:0.049s]
2025-12-12 00:22:50,328 - INFO - HTTP Request: PUT http://localhost:6333/collections/law_with_bge_round1/points?wait=true "HTTP/1.1 200 OK"
2025-12-12 00:22:50,358 - INFO - HTTP Request: PUT http://localhost:6333/collections/law_with_e5_emb_not_finetune/points?wait=true "HTTP/1.1 200 OK"
2025-12-12 00:22:50,380 - INFO - PUT http://localhost:9200/_bulk [status:200 duration:0.016s]
2025-12-12 00:22:53,464 - INFO - HTTP Request: PUT http://localhost:6333/collections/law_with_bge_round1/points?wait=true "HTTP/1.1 200 OK"
2025-12-12 00:22:53,531 - INFO - HTTP Request: PUT http://localhost:6333/collections/law_with_e5_emb_not_finetune/points?wait=true "HTTP/1.1 200 OK"
2025-12-12 00:22:53,585 - INFO - PUT http://localhost:9200/_bulk [status:200 duration:0.051s]
2025-12-12 00:22:56,724 - INFO - HTTP Request: PUT http://localhost:6333/collections/law_with_bge_round1/points?wait=true "HTTP/1.1 200 OK"
2025-12-12 00:22:56,776 - INFO - HTTP Request: PUT http://localhost:6333/collections/law_with_e5_emb_not_finetune/points?wait=true "HTTP/1.1 200 OK"
2025-12-12 00:22:56,838 - INFO - PUT http://localhost:9200/_bulk [status:200 duration:0.057s]
2025-12-12 00:22:59,905 - INFO - HTTP Request: PUT http://localhost:6333/collections/law_with_bge_round1/points?wait=true "HTTP/1.1 200 OK"
2025-12-12 00:22:59,949 - INFO - HTTP Request: PUT http://localhost:6333/collections/law_with_e5_emb_not_finetune/points?wait=true "HTTP/1.1 200 OK"
2025-12-12 00:23:00,008 - INFO - PUT http://localhost:9200/_bulk [status:200 duration:0.055s]
2025-12-12 00:23:03,025 - INFO - HTTP Request: PUT http://localhost:6333/collections/law_with_bge_round1/points?wait=true "HTTP/1.1 200 OK"
2025-12-12 00:23:03,080 - INFO - HTTP Request: PUT http://localhost:6333/collections/law_with_e5_emb_not_finetune/points?wait=true "HTTP/1.1 200 OK"
2025-12-12 00:23:03,135 - INFO - PUT http://localhost:9200/_bulk [status:200 duration:0.053s]
2025-12-12 00:23:06,169 - INFO - HTTP Request: PUT http://localhost:6333/collections/law_with_bge_round1/points?wait=true "HTTP/1.1 200 OK"
2025-12-12 00:23:06,209 - INFO - HTTP Request: PUT http://localhost:6333/collections/law_with_e5_emb_not_finetune/points?wait=true "HTTP/1.1 200 OK"
2025-12-12 00:23:06,228 - INFO - PUT http://localhost:9200/_bulk [status:200 duration:0.014s]
2025-12-12 00:23:09,242 - INFO - HTTP Request: PUT http://localhost:6333/collections/law_with_bge_round1/points?wait=true "HTTP/1.1 200 OK"
2025-12-12 00:23:09,287 - INFO - HTTP Request: PUT http://localhost:6333/collections/law_with_e5_emb_not_finetune/points?wait=true "HTTP/1.1 200 OK"
2025-12-12 00:23:09,351 - INFO - PUT http://localhost:9200/_bulk [status:200 duration:0.061s]
2025-12-12 00:23:12,435 - INFO - HTTP Request: PUT http://localhost:6333/collections/law_with_bge_round1/points?wait=true "HTTP/1.1 200 OK"
2025-12-12 00:23:12,486 - INFO - HTTP Request: PUT http://localhost:6333/collections/law_with_e5_emb_not_finetune/points?wait=true "HTTP/1.1 200 OK"
2025-12-12 00:23:12,504 - INFO - PUT http://localhost:9200/_bulk [status:200 duration:0.014s]
2025-12-12 00:23:15,368 - INFO - HTTP Request: PUT http://localhost:6333/collections/law_with_bge_round1/points?wait=true "HTTP/1.1 200 OK"
2025-12-12 00:23:15,404 - INFO - HTTP Request: PUT http://localhost:6333/collections/law_with_e5_emb_not_finetune/points?wait=true "HTTP/1.1 200 OK"
2025-12-12 00:23:15,420 - INFO - PUT http://localhost:9200/_bulk [status:200 duration:0.013s]
2025-12-12 00:23:18,261 - INFO - HTTP Request: PUT http://localhost:6333/collections/law_with_bge_round1/points?wait=true "HTTP/1.1 200 OK"
2025-12-12 00:23:18,307 - INFO - HTTP Request: PUT http://localhost:6333/collections/law_with_e5_emb_not_finetune/points?wait=true "HTTP/1.1 200 OK"
2025-12-12 00:23:18,372 - INFO - PUT http://localhost:9200/_bulk [status:200 duration:0.062s]
2025-12-12 00:23:20,260 - INFO - HTTP Request: PUT http://localhost:6333/collections/law_with_bge_round1/points?wait=true "HTTP/1.1 200 OK"
2025-12-12 00:23:20,302 - INFO - HTTP Request: PUT http://localhost:6333/collections/law_with_e5_emb_not_finetune/points?wait=true "HTTP/1.1 200 OK"
2025-12-12 00:23:20,355 - INFO - PUT http://localhost:9200/_bulk [status:200 duration:0.050s]
2025-12-12 00:23:23,185 - INFO - HTTP Request: PUT http://localhost:6333/collections/law_with_bge_round1/points?wait=true "HTTP/1.1 200 OK"
2025-12-12 00:23:23,216 - INFO - HTTP Request: PUT http://localhost:6333/collections/law_with_e5_emb_not_finetune/points?wait=true "HTTP/1.1 200 OK"
2025-12-12 00:23:23,271 - INFO - PUT http://localhost:9200/_bulk [status:200 duration:0.052s]
2025-12-12 00:23:26,160 - INFO - HTTP Request: PUT http://localhost:6333/collections/law_with_bge_round1/points?wait=true "HTTP/1.1 200 OK"
2025-12-12 00:23:26,196 - INFO - HTTP Request: PUT http://localhost:6333/collections/law_with_e5_emb_not_finetune/points?wait=true "HTTP/1.1 200 OK"
2025-12-12 00:23:26,256 - INFO - PUT http://localhost:9200/_bulk [status:200 duration:0.055s]
2025-12-12 00:23:29,334 - INFO - HTTP Request: PUT http://localhost:6333/collections/law_with_bge_round1/points?wait=true "HTTP/1.1 200 OK"
2025-12-12 00:23:29,389 - INFO - HTTP Request: PUT http://localhost:6333/collections/law_with_e5_emb_not_finetune/points?wait=true "HTTP/1.1 200 OK"
2025-12-12 00:23:29,439 - INFO - PUT http://localhost:9200/_bulk [status:200 duration:0.047s]
2025-12-12 00:23:32,415 - INFO - HTTP Request: PUT http://localhost:6333/collections/law_with_bge_round1/points?wait=true "HTTP/1.1 200 OK"
2025-12-12 00:23:32,489 - INFO - HTTP Request: PUT http://localhost:6333/collections/law_with_e5_emb_not_finetune/points?wait=true "HTTP/1.1 200 OK"
2025-12-12 00:23:32,540 - INFO - PUT http://localhost:9200/_bulk [status:200 duration:0.049s]
2025-12-12 00:23:35,533 - INFO - HTTP Request: PUT http://localhost:6333/collections/law_with_bge_round1/points?wait=true "HTTP/1.1 200 OK"
2025-12-12 00:23:35,581 - INFO - HTTP Request: PUT http://localhost:6333/collections/law_with_e5_emb_not_finetune/points?wait=true "HTTP/1.1 200 OK"
2025-12-12 00:23:35,637 - INFO - PUT http://localhost:9200/_bulk [status:200 duration:0.053s]
2025-12-12 00:23:38,671 - INFO - HTTP Request: PUT http://localhost:6333/collections/law_with_bge_round1/points?wait=true "HTTP/1.1 200 OK"
2025-12-12 00:23:38,703 - INFO - HTTP Request: PUT http://localhost:6333/collections/law_with_e5_emb_not_finetune/points?wait=true "HTTP/1.1 200 OK"
2025-12-12 00:23:38,755 - INFO - PUT http://localhost:9200/_bulk [status:200 duration:0.050s]
2025-12-12 00:23:40,592 - INFO - HTTP Request: PUT http://localhost:6333/collections/law_with_bge_round1/points?wait=true "HTTP/1.1 200 OK"
2025-12-12 00:23:40,642 - INFO - HTTP Request: PUT http://localhost:6333/collections/law_with_e5_emb_not_finetune/points?wait=true "HTTP/1.1 200 OK"
2025-12-12 00:23:40,693 - INFO - PUT http://localhost:9200/_bulk [status:200 duration:0.048s]
2025-12-12 00:23:43,753 - INFO - HTTP Request: PUT http://localhost:6333/collections/law_with_bge_round1/points?wait=true "HTTP/1.1 200 OK"
2025-12-12 00:23:43,820 - INFO - HTTP Request: PUT http://localhost:6333/collections/law_with_e5_emb_not_finetune/points?wait=true "HTTP/1.1 200 OK"
2025-12-12 00:23:43,875 - INFO - PUT http://localhost:9200/_bulk [status:200 duration:0.052s]
2025-12-12 00:23:46,918 - INFO - HTTP Request: PUT http://localhost:6333/collections/law_with_bge_round1/points?wait=true "HTTP/1.1 200 OK"
2025-12-12 00:23:46,952 - INFO - HTTP Request: PUT http://localhost:6333/collections/law_with_e5_emb_not_finetune/points?wait=true "HTTP/1.1 200 OK"
2025-12-12 00:23:46,973 - INFO - PUT http://localhost:9200/_bulk [status:200 duration:0.019s]
2025-12-12 00:23:50,058 - INFO - HTTP Request: PUT http://localhost:6333/collections/law_with_bge_round1/points?wait=true "HTTP/1.1 200 OK"
2025-12-12 00:23:50,091 - INFO - HTTP Request: PUT http://localhost:6333/collections/law_with_e5_emb_not_finetune/points?wait=true "HTTP/1.1 200 OK"
2025-12-12 00:23:50,106 - INFO - PUT http://localhost:9200/_bulk [status:200 duration:0.012s]
2025-12-12 00:23:53,194 - INFO - HTTP Request: PUT http://localhost:6333/collections/law_with_bge_round1/points?wait=true "HTTP/1.1 200 OK"
2025-12-12 00:23:53,223 - INFO - HTTP Request: PUT http://localhost:6333/collections/law_with_e5_emb_not_finetune/points?wait=true "HTTP/1.1 200 OK"
2025-12-12 00:23:53,240 - INFO - PUT http://localhost:9200/_bulk [status:200 duration:0.014s]
2025-12-12 00:23:56,304 - INFO - HTTP Request: PUT http://localhost:6333/collections/law_with_bge_round1/points?wait=true "HTTP/1.1 200 OK"
2025-12-12 00:23:56,338 - INFO - HTTP Request: PUT http://localhost:6333/collections/law_with_e5_emb_not_finetune/points?wait=true "HTTP/1.1 200 OK"
2025-12-12 00:23:56,357 - INFO - PUT http://localhost:9200/_bulk [status:200 duration:0.015s]
2025-12-12 00:23:59,413 - INFO - HTTP Request: PUT http://localhost:6333/collections/law_with_bge_round1/points?wait=true "HTTP/1.1 200 OK"
2025-12-12 00:23:59,458 - INFO - HTTP Request: PUT http://localhost:6333/collections/law_with_e5_emb_not_finetune/points?wait=true "HTTP/1.1 200 OK"
2025-12-12 00:23:59,511 - INFO - PUT http://localhost:9200/_bulk [status:200 duration:0.049s]
2025-12-12 00:24:02,622 - INFO - HTTP Request: PUT http://localhost:6333/collections/law_with_bge_round1/points?wait=true "HTTP/1.1 200 OK"
2025-12-12 00:24:02,657 - INFO - HTTP Request: PUT http://localhost:6333/collections/law_with_e5_emb_not_finetune/points?wait=true "HTTP/1.1 200 OK"
2025-12-12 00:24:02,677 - INFO - PUT http://localhost:9200/_bulk [status:200 duration:0.017s]
2025-12-12 00:24:05,759 - INFO - HTTP Request: PUT http://localhost:6333/collections/law_with_bge_round1/points?wait=true "HTTP/1.1 200 OK"
2025-12-12 00:24:05,809 - INFO - HTTP Request: PUT http://localhost:6333/collections/law_with_e5_emb_not_finetune/points?wait=true "HTTP/1.1 200 OK"
2025-12-12 00:24:05,863 - INFO - PUT http://localhost:9200/_bulk [status:200 duration:0.052s]
2025-12-12 00:24:08,980 - INFO - HTTP Request: PUT http://localhost:6333/collections/law_with_bge_round1/points?wait=true "HTTP/1.1 200 OK"
2025-12-12 00:24:09,055 - INFO - HTTP Request: PUT http://localhost:6333/collections/law_with_e5_emb_not_finetune/points?wait=true "HTTP/1.1 200 OK"
2025-12-12 00:24:09,109 - INFO - PUT http://localhost:9200/_bulk [status:200 duration:0.048s]
2025-12-12 00:24:12,229 - INFO - HTTP Request: PUT http://localhost:6333/collections/law_with_bge_round1/points?wait=true "HTTP/1.1 200 OK"
2025-12-12 00:24:12,275 - INFO - HTTP Request: PUT http://localhost:6333/collections/law_with_e5_emb_not_finetune/points?wait=true "HTTP/1.1 200 OK"
2025-12-12 00:24:12,302 - INFO - PUT http://localhost:9200/_bulk [status:200 duration:0.021s]
2025-12-12 00:24:15,315 - INFO - HTTP Request: PUT http://localhost:6333/collections/law_with_bge_round1/points?wait=true "HTTP/1.1 200 OK"
2025-12-12 00:24:15,344 - INFO - HTTP Request: PUT http://localhost:6333/collections/law_with_e5_emb_not_finetune/points?wait=true "HTTP/1.1 200 OK"
2025-12-12 00:24:15,415 - INFO - PUT http://localhost:9200/_bulk [status:200 duration:0.064s]
2025-12-12 00:24:18,460 - INFO - HTTP Request: PUT http://localhost:6333/collections/law_with_bge_round1/points?wait=true "HTTP/1.1 200 OK"
2025-12-12 00:24:18,523 - INFO - HTTP Request: PUT http://localhost:6333/collections/law_with_e5_emb_not_finetune/points?wait=true "HTTP/1.1 200 OK"
2025-12-12 00:24:18,575 - INFO - PUT http://localhost:9200/_bulk [status:200 duration:0.049s]
2025-12-12 00:24:21,665 - INFO - HTTP Request: PUT http://localhost:6333/collections/law_with_bge_round1/points?wait=true "HTTP/1.1 200 OK"
2025-12-12 00:24:21,702 - INFO - HTTP Request: PUT http://localhost:6333/collections/law_with_e5_emb_not_finetune/points?wait=true "HTTP/1.1 200 OK"
2025-12-12 00:24:21,763 - INFO - PUT http://localhost:9200/_bulk [status:200 duration:0.057s]
2025-12-12 00:24:24,734 - INFO - HTTP Request: PUT http://localhost:6333/collections/law_with_bge_round1/points?wait=true "HTTP/1.1 200 OK"
2025-12-12 00:24:24,807 - INFO - HTTP Request: PUT http://localhost:6333/collections/law_with_e5_emb_not_finetune/points?wait=true "HTTP/1.1 200 OK"
2025-12-12 00:24:24,867 - INFO - PUT http://localhost:9200/_bulk [status:200 duration:0.056s]
2025-12-12 00:24:27,894 - INFO - HTTP Request: PUT http://localhost:6333/collections/law_with_bge_round1/points?wait=true "HTTP/1.1 200 OK"
2025-12-12 00:24:27,955 - INFO - HTTP Request: PUT http://localhost:6333/collections/law_with_e5_emb_not_finetune/points?wait=true "HTTP/1.1 200 OK"
2025-12-12 00:24:28,033 - INFO - PUT http://localhost:9200/_bulk [status:200 duration:0.076s]
2025-12-12 00:24:31,080 - INFO - HTTP Request: PUT http://localhost:6333/collections/law_with_bge_round1/points?wait=true "HTTP/1.1 200 OK"
2025-12-12 00:24:31,115 - INFO - HTTP Request: PUT http://localhost:6333/collections/law_with_e5_emb_not_finetune/points?wait=true "HTTP/1.1 200 OK"
2025-12-12 00:24:31,182 - INFO - PUT http://localhost:9200/_bulk [status:200 duration:0.062s]
2025-12-12 00:24:34,218 - INFO - HTTP Request: PUT http://localhost:6333/collections/law_with_bge_round1/points?wait=true "HTTP/1.1 200 OK"
2025-12-12 00:24:34,274 - INFO - HTTP Request: PUT http://localhost:6333/collections/law_with_e5_emb_not_finetune/points?wait=true "HTTP/1.1 200 OK"
2025-12-12 00:24:34,307 - INFO - PUT http://localhost:9200/_bulk [status:200 duration:0.030s]
2025-12-12 00:24:37,416 - INFO - HTTP Request: PUT http://localhost:6333/collections/law_with_bge_round1/points?wait=true "HTTP/1.1 200 OK"
2025-12-12 00:24:37,449 - INFO - HTTP Request: PUT http://localhost:6333/collections/law_with_e5_emb_not_finetune/points?wait=true "HTTP/1.1 200 OK"
2025-12-12 00:24:37,459 - INFO - PUT http://localhost:9200/_bulk [status:200 duration:0.007s]
2025-12-12 00:24:40,534 - INFO - HTTP Request: PUT http://localhost:6333/collections/law_with_bge_round1/points?wait=true "HTTP/1.1 200 OK"
2025-12-12 00:24:40,576 - INFO - HTTP Request: PUT http://localhost:6333/collections/law_with_e5_emb_not_finetune/points?wait=true "HTTP/1.1 200 OK"
2025-12-12 00:24:40,587 - INFO - PUT http://localhost:9200/_bulk [status:200 duration:0.008s]
2025-12-12 00:24:43,673 - INFO - HTTP Request: PUT http://localhost:6333/collections/law_with_bge_round1/points?wait=true "HTTP/1.1 200 OK"
2025-12-12 00:24:43,716 - INFO - HTTP Request: PUT http://localhost:6333/collections/law_with_e5_emb_not_finetune/points?wait=true "HTTP/1.1 200 OK"
2025-12-12 00:24:43,730 - INFO - PUT http://localhost:9200/_bulk [status:200 duration:0.010s]
2025-12-12 00:24:46,813 - INFO - HTTP Request: PUT http://localhost:6333/collections/law_with_bge_round1/points?wait=true "HTTP/1.1 200 OK"
2025-12-12 00:24:46,847 - INFO - HTTP Request: PUT http://localhost:6333/collections/law_with_e5_emb_not_finetune/points?wait=true "HTTP/1.1 200 OK"
2025-12-12 00:24:46,903 - INFO - PUT http://localhost:9200/_bulk [status:200 duration:0.053s]
2025-12-12 00:24:49,883 - INFO - HTTP Request: PUT http://localhost:6333/collections/law_with_bge_round1/points?wait=true "HTTP/1.1 200 OK"
2025-12-12 00:24:49,932 - INFO - HTTP Request: PUT http://localhost:6333/collections/law_with_e5_emb_not_finetune/points?wait=true "HTTP/1.1 200 OK"
2025-12-12 00:24:49,983 - INFO - PUT http://localhost:9200/_bulk [status:200 duration:0.048s]
2025-12-12 00:24:52,999 - INFO - HTTP Request: PUT http://localhost:6333/collections/law_with_bge_round1/points?wait=true "HTTP/1.1 200 OK"
2025-12-12 00:24:53,072 - INFO - HTTP Request: PUT http://localhost:6333/collections/law_with_e5_emb_not_finetune/points?wait=true "HTTP/1.1 200 OK"
2025-12-12 00:24:53,125 - INFO - PUT http://localhost:9200/_bulk [status:200 duration:0.051s]
2025-12-12 00:24:55,996 - INFO - HTTP Request: PUT http://localhost:6333/collections/law_with_bge_round1/points?wait=true "HTTP/1.1 200 OK"
2025-12-12 00:24:56,028 - INFO - HTTP Request: PUT http://localhost:6333/collections/law_with_e5_emb_not_finetune/points?wait=true "HTTP/1.1 200 OK"
2025-12-12 00:24:56,084 - INFO - PUT http://localhost:9200/_bulk [status:200 duration:0.053s]
2025-12-12 00:24:58,864 - INFO - HTTP Request: PUT http://localhost:6333/collections/law_with_bge_round1/points?wait=true "HTTP/1.1 200 OK"
2025-12-12 00:24:58,890 - INFO - HTTP Request: PUT http://localhost:6333/collections/law_with_e5_emb_not_finetune/points?wait=true "HTTP/1.1 200 OK"
2025-12-12 00:24:58,955 - INFO - PUT http://localhost:9200/_bulk [status:200 duration:0.064s]
2025-12-12 00:25:01,948 - INFO - HTTP Request: PUT http://localhost:6333/collections/law_with_bge_round1/points?wait=true "HTTP/1.1 200 OK"
2025-12-12 00:25:01,982 - INFO - HTTP Request: PUT http://localhost:6333/collections/law_with_e5_emb_not_finetune/points?wait=true "HTTP/1.1 200 OK"
2025-12-12 00:25:02,035 - INFO - PUT http://localhost:9200/_bulk [status:200 duration:0.050s]
2025-12-12 00:25:05,078 - INFO - HTTP Request: PUT http://localhost:6333/collections/law_with_bge_round1/points?wait=true "HTTP/1.1 200 OK"
2025-12-12 00:25:05,109 - INFO - HTTP Request: PUT http://localhost:6333/collections/law_with_e5_emb_not_finetune/points?wait=true "HTTP/1.1 200 OK"
2025-12-12 00:25:05,164 - INFO - PUT http://localhost:9200/_bulk [status:200 duration:0.050s]
2025-12-12 00:25:08,242 - INFO - HTTP Request: PUT http://localhost:6333/collections/law_with_bge_round1/points?wait=true "HTTP/1.1 200 OK"
2025-12-12 00:25:08,288 - INFO - HTTP Request: PUT http://localhost:6333/collections/law_with_e5_emb_not_finetune/points?wait=true "HTTP/1.1 200 OK"
2025-12-12 00:25:08,303 - INFO - PUT http://localhost:9200/_bulk [status:200 duration:0.012s]
2025-12-12 00:25:11,382 - INFO - HTTP Request: PUT http://localhost:6333/collections/law_with_bge_round1/points?wait=true "HTTP/1.1 200 OK"
2025-12-12 00:25:11,432 - INFO - HTTP Request: PUT http://localhost:6333/collections/law_with_e5_emb_not_finetune/points?wait=true "HTTP/1.1 200 OK"
2025-12-12 00:25:11,490 - INFO - PUT http://localhost:9200/_bulk [status:200 duration:0.053s]
2025-12-12 00:25:14,564 - INFO - HTTP Request: PUT http://localhost:6333/collections/law_with_bge_round1/points?wait=true "HTTP/1.1 200 OK"
2025-12-12 00:25:14,613 - INFO - HTTP Request: PUT http://localhost:6333/collections/law_with_e5_emb_not_finetune/points?wait=true "HTTP/1.1 200 OK"
2025-12-12 00:25:14,635 - INFO - PUT http://localhost:9200/_bulk [status:200 duration:0.017s]
2025-12-12 00:25:17,758 - INFO - HTTP Request: PUT http://localhost:6333/collections/law_with_bge_round1/points?wait=true "HTTP/1.1 200 OK"
2025-12-12 00:25:17,801 - INFO - HTTP Request: PUT http://localhost:6333/collections/law_with_e5_emb_not_finetune/points?wait=true "HTTP/1.1 200 OK"
2025-12-12 00:25:17,881 - INFO - PUT http://localhost:9200/_bulk [status:200 duration:0.077s]
2025-12-12 00:25:20,940 - INFO - HTTP Request: PUT http://localhost:6333/collections/law_with_bge_round1/points?wait=true "HTTP/1.1 200 OK"
2025-12-12 00:25:20,970 - INFO - HTTP Request: PUT http://localhost:6333/collections/law_with_e5_emb_not_finetune/points?wait=true "HTTP/1.1 200 OK"
2025-12-12 00:25:21,037 - INFO - PUT http://localhost:9200/_bulk [status:200 duration:0.064s]
2025-12-12 00:25:24,107 - INFO - HTTP Request: PUT http://localhost:6333/collections/law_with_bge_round1/points?wait=true "HTTP/1.1 200 OK"
2025-12-12 00:25:24,151 - INFO - HTTP Request: PUT http://localhost:6333/collections/law_with_e5_emb_not_finetune/points?wait=true "HTTP/1.1 200 OK"
2025-12-12 00:25:24,186 - INFO - PUT http://localhost:9200/_bulk [status:200 duration:0.032s]
2025-12-12 00:25:27,204 - INFO - HTTP Request: PUT http://localhost:6333/collections/law_with_bge_round1/points?wait=true "HTTP/1.1 200 OK"
2025-12-12 00:25:27,244 - INFO - HTTP Request: PUT http://localhost:6333/collections/law_with_e5_emb_not_finetune/points?wait=true "HTTP/1.1 200 OK"
2025-12-12 00:25:27,278 - INFO - PUT http://localhost:9200/_bulk [status:200 duration:0.029s]
2025-12-12 00:25:30,221 - INFO - HTTP Request: PUT http://localhost:6333/collections/law_with_bge_round1/points?wait=true "HTTP/1.1 200 OK"
2025-12-12 00:25:30,273 - INFO - HTTP Request: PUT http://localhost:6333/collections/law_with_e5_emb_not_finetune/points?wait=true "HTTP/1.1 200 OK"
2025-12-12 00:25:30,303 - INFO - PUT http://localhost:9200/_bulk [status:200 duration:0.028s]
2025-12-12 00:25:33,317 - INFO - HTTP Request: PUT http://localhost:6333/collections/law_with_bge_round1/points?wait=true "HTTP/1.1 200 OK"
2025-12-12 00:25:33,364 - INFO - HTTP Request: PUT http://localhost:6333/collections/law_with_e5_emb_not_finetune/points?wait=true "HTTP/1.1 200 OK"
2025-12-12 00:25:33,443 - INFO - PUT http://localhost:9200/_bulk [status:200 duration:0.076s]
2025-12-12 00:25:36,528 - INFO - HTTP Request: PUT http://localhost:6333/collections/law_with_bge_round1/points?wait=true "HTTP/1.1 200 OK"
2025-12-12 00:25:36,558 - INFO - HTTP Request: PUT http://localhost:6333/collections/law_with_e5_emb_not_finetune/points?wait=true "HTTP/1.1 200 OK"
2025-12-12 00:25:36,631 - INFO - PUT http://localhost:9200/_bulk [status:200 duration:0.070s]
2025-12-12 00:25:39,689 - INFO - HTTP Request: PUT http://localhost:6333/collections/law_with_bge_round1/points?wait=true "HTTP/1.1 200 OK"
2025-12-12 00:25:39,733 - INFO - HTTP Request: PUT http://localhost:6333/collections/law_with_e5_emb_not_finetune/points?wait=true "HTTP/1.1 200 OK"
2025-12-12 00:25:39,802 - INFO - PUT http://localhost:9200/_bulk [status:200 duration:0.066s]
2025-12-12 00:25:42,962 - INFO - HTTP Request: PUT http://localhost:6333/collections/law_with_bge_round1/points?wait=true "HTTP/1.1 200 OK"
2025-12-12 00:25:42,993 - INFO - HTTP Request: PUT http://localhost:6333/collections/law_with_e5_emb_not_finetune/points?wait=true "HTTP/1.1 200 OK"
2025-12-12 00:25:43,038 - INFO - PUT http://localhost:9200/_bulk [status:200 duration:0.042s]
2025-12-12 00:25:46,108 - INFO - HTTP Request: PUT http://localhost:6333/collections/law_with_bge_round1/points?wait=true "HTTP/1.1 200 OK"
2025-12-12 00:25:46,139 - INFO - HTTP Request: PUT http://localhost:6333/collections/law_with_e5_emb_not_finetune/points?wait=true "HTTP/1.1 200 OK"
2025-12-12 00:25:46,177 - INFO - PUT http://localhost:9200/_bulk [status:200 duration:0.035s]
2025-12-12 00:25:49,204 - INFO - HTTP Request: PUT http://localhost:6333/collections/law_with_bge_round1/points?wait=true "HTTP/1.1 200 OK"
2025-12-12 00:25:49,239 - INFO - HTTP Request: PUT http://localhost:6333/collections/law_with_e5_emb_not_finetune/points?wait=true "HTTP/1.1 200 OK"
2025-12-12 00:25:49,313 - INFO - PUT http://localhost:9200/_bulk [status:200 duration:0.071s]
2025-12-12 00:25:52,326 - INFO - HTTP Request: PUT http://localhost:6333/collections/law_with_bge_round1/points?wait=true "HTTP/1.1 200 OK"
2025-12-12 00:25:52,358 - INFO - HTTP Request: PUT http://localhost:6333/collections/law_with_e5_emb_not_finetune/points?wait=true "HTTP/1.1 200 OK"
2025-12-12 00:25:52,428 - INFO - PUT http://localhost:9200/_bulk [status:200 duration:0.067s]
2025-12-12 00:25:55,454 - INFO - HTTP Request: PUT http://localhost:6333/collections/law_with_bge_round1/points?wait=true "HTTP/1.1 200 OK"
2025-12-12 00:25:55,501 - INFO - HTTP Request: PUT http://localhost:6333/collections/law_with_e5_emb_not_finetune/points?wait=true "HTTP/1.1 200 OK"
2025-12-12 00:25:55,569 - INFO - PUT http://localhost:9200/_bulk [status:200 duration:0.066s]
2025-12-12 00:25:58,673 - INFO - HTTP Request: PUT http://localhost:6333/collections/law_with_bge_round1/points?wait=true "HTTP/1.1 200 OK"
2025-12-12 00:25:58,709 - INFO - HTTP Request: PUT http://localhost:6333/collections/law_with_e5_emb_not_finetune/points?wait=true "HTTP/1.1 200 OK"
2025-12-12 00:25:58,774 - INFO - PUT http://localhost:9200/_bulk [status:200 duration:0.063s]
2025-12-12 00:26:02,004 - INFO - HTTP Request: PUT http://localhost:6333/collections/law_with_bge_round1/points?wait=true "HTTP/1.1 200 OK"
2025-12-12 00:26:02,048 - INFO - HTTP Request: PUT http://localhost:6333/collections/law_with_e5_emb_not_finetune/points?wait=true "HTTP/1.1 200 OK"
2025-12-12 00:26:02,118 - INFO - PUT http://localhost:9200/_bulk [status:200 duration:0.067s]
2025-12-12 00:26:05,153 - INFO - HTTP Request: PUT http://localhost:6333/collections/law_with_bge_round1/points?wait=true "HTTP/1.1 200 OK"
2025-12-12 00:26:05,188 - INFO - HTTP Request: PUT http://localhost:6333/collections/law_with_e5_emb_not_finetune/points?wait=true "HTTP/1.1 200 OK"
2025-12-12 00:26:05,243 - INFO - PUT http://localhost:9200/_bulk [status:200 duration:0.052s]
2025-12-12 00:26:08,409 - INFO - HTTP Request: PUT http://localhost:6333/collections/law_with_bge_round1/points?wait=true "HTTP/1.1 200 OK"
2025-12-12 00:26:08,444 - INFO - HTTP Request: PUT http://localhost:6333/collections/law_with_e5_emb_not_finetune/points?wait=true "HTTP/1.1 200 OK"
2025-12-12 00:26:08,501 - INFO - PUT http://localhost:9200/_bulk [status:200 duration:0.051s]
2025-12-12 00:26:11,571 - INFO - HTTP Request: PUT http://localhost:6333/collections/law_with_bge_round1/points?wait=true "HTTP/1.1 200 OK"
2025-12-12 00:26:11,618 - INFO - HTTP Request: PUT http://localhost:6333/collections/law_with_e5_emb_not_finetune/points?wait=true "HTTP/1.1 200 OK"
2025-12-12 00:26:11,677 - INFO - PUT http://localhost:9200/_bulk [status:200 duration:0.055s]
2025-12-12 00:26:14,801 - INFO - HTTP Request: PUT http://localhost:6333/collections/law_with_bge_round1/points?wait=true "HTTP/1.1 200 OK"
2025-12-12 00:26:14,853 - INFO - HTTP Request: PUT http://localhost:6333/collections/law_with_e5_emb_not_finetune/points?wait=true "HTTP/1.1 200 OK"
2025-12-12 00:26:14,905 - INFO - PUT http://localhost:9200/_bulk [status:200 duration:0.049s]
2025-12-12 00:26:17,986 - INFO - HTTP Request: PUT http://localhost:6333/collections/law_with_bge_round1/points?wait=true "HTTP/1.1 200 OK"
2025-12-12 00:26:18,015 - INFO - HTTP Request: PUT http://localhost:6333/collections/law_with_e5_emb_not_finetune/points?wait=true "HTTP/1.1 200 OK"
2025-12-12 00:26:18,070 - INFO - PUT http://localhost:9200/_bulk [status:200 duration:0.051s]
2025-12-12 00:26:21,099 - INFO - HTTP Request: PUT http://localhost:6333/collections/law_with_bge_round1/points?wait=true "HTTP/1.1 200 OK"
2025-12-12 00:26:21,154 - INFO - HTTP Request: PUT http://localhost:6333/collections/law_with_e5_emb_not_finetune/points?wait=true "HTTP/1.1 200 OK"
2025-12-12 00:26:21,165 - INFO - PUT http://localhost:9200/_bulk [status:200 duration:0.008s]
2025-12-12 00:26:24,248 - INFO - HTTP Request: PUT http://localhost:6333/collections/law_with_bge_round1/points?wait=true "HTTP/1.1 200 OK"
2025-12-12 00:26:24,321 - INFO - HTTP Request: PUT http://localhost:6333/collections/law_with_e5_emb_not_finetune/points?wait=true "HTTP/1.1 200 OK"
2025-12-12 00:26:24,373 - INFO - PUT http://localhost:9200/_bulk [status:200 duration:0.048s]
2025-12-12 00:26:27,484 - INFO - HTTP Request: PUT http://localhost:6333/collections/law_with_bge_round1/points?wait=true "HTTP/1.1 200 OK"
2025-12-12 00:26:27,548 - INFO - HTTP Request: PUT http://localhost:6333/collections/law_with_e5_emb_not_finetune/points?wait=true "HTTP/1.1 200 OK"
2025-12-12 00:26:27,602 - INFO - PUT http://localhost:9200/_bulk [status:200 duration:0.052s]
2025-12-12 00:26:30,651 - INFO - HTTP Request: PUT http://localhost:6333/collections/law_with_bge_round1/points?wait=true "HTTP/1.1 200 OK"
2025-12-12 00:26:30,698 - INFO - HTTP Request: PUT http://localhost:6333/collections/law_with_e5_emb_not_finetune/points?wait=true "HTTP/1.1 200 OK"
2025-12-12 00:26:30,712 - INFO - PUT http://localhost:9200/_bulk [status:200 duration:0.010s]
2025-12-12 00:26:33,759 - INFO - HTTP Request: PUT http://localhost:6333/collections/law_with_bge_round1/points?wait=true "HTTP/1.1 200 OK"
2025-12-12 00:26:33,792 - INFO - HTTP Request: PUT http://localhost:6333/collections/law_with_e5_emb_not_finetune/points?wait=true "HTTP/1.1 200 OK"
2025-12-12 00:26:33,809 - INFO - PUT http://localhost:9200/_bulk [status:200 duration:0.013s]
2025-12-12 00:26:36,985 - INFO - HTTP Request: PUT http://localhost:6333/collections/law_with_bge_round1/points?wait=true "HTTP/1.1 200 OK"
2025-12-12 00:26:37,044 - INFO - HTTP Request: PUT http://localhost:6333/collections/law_with_e5_emb_not_finetune/points?wait=true "HTTP/1.1 200 OK"
2025-12-12 00:26:37,060 - INFO - PUT http://localhost:9200/_bulk [status:200 duration:0.010s]
2025-12-12 00:26:40,010 - INFO - HTTP Request: PUT http://localhost:6333/collections/law_with_bge_round1/points?wait=true "HTTP/1.1 200 OK"
2025-12-12 00:26:40,039 - INFO - HTTP Request: PUT http://localhost:6333/collections/law_with_e5_emb_not_finetune/points?wait=true "HTTP/1.1 200 OK"
2025-12-12 00:26:40,052 - INFO - PUT http://localhost:9200/_bulk [status:200 duration:0.011s]
2025-12-12 00:26:42,906 - INFO - HTTP Request: PUT http://localhost:6333/collections/law_with_bge_round1/points?wait=true "HTTP/1.1 200 OK"
2025-12-12 00:26:42,935 - INFO - HTTP Request: PUT http://localhost:6333/collections/law_with_e5_emb_not_finetune/points?wait=true "HTTP/1.1 200 OK"
2025-12-12 00:26:42,991 - INFO - PUT http://localhost:9200/_bulk [status:200 duration:0.054s]
2025-12-12 00:26:45,842 - INFO - HTTP Request: PUT http://localhost:6333/collections/law_with_bge_round1/points?wait=true "HTTP/1.1 200 OK"
2025-12-12 00:26:45,871 - INFO - HTTP Request: PUT http://localhost:6333/collections/law_with_e5_emb_not_finetune/points?wait=true "HTTP/1.1 200 OK"
2025-12-12 00:26:45,925 - INFO - PUT http://localhost:9200/_bulk [status:200 duration:0.051s]
2025-12-12 00:26:48,822 - INFO - HTTP Request: PUT http://localhost:6333/collections/law_with_bge_round1/points?wait=true "HTTP/1.1 200 OK"
2025-12-12 00:26:48,861 - INFO - HTTP Request: PUT http://localhost:6333/collections/law_with_e5_emb_not_finetune/points?wait=true "HTTP/1.1 200 OK"
2025-12-12 00:26:48,917 - INFO - PUT http://localhost:9200/_bulk [status:200 duration:0.052s]
2025-12-12 00:26:51,835 - INFO - HTTP Request: PUT http://localhost:6333/collections/law_with_bge_round1/points?wait=true "HTTP/1.1 200 OK"
2025-12-12 00:26:51,865 - INFO - HTTP Request: PUT http://localhost:6333/collections/law_with_e5_emb_not_finetune/points?wait=true "HTTP/1.1 200 OK"
2025-12-12 00:26:51,916 - INFO - PUT http://localhost:9200/_bulk [status:200 duration:0.048s]
2025-12-12 00:26:54,767 - INFO - HTTP Request: PUT http://localhost:6333/collections/law_with_bge_round1/points?wait=true "HTTP/1.1 200 OK"
2025-12-12 00:26:54,825 - INFO - HTTP Request: PUT http://localhost:6333/collections/law_with_e5_emb_not_finetune/points?wait=true "HTTP/1.1 200 OK"
2025-12-12 00:26:54,876 - INFO - PUT http://localhost:9200/_bulk [status:200 duration:0.048s]
2025-12-12 00:26:57,759 - INFO - HTTP Request: PUT http://localhost:6333/collections/law_with_bge_round1/points?wait=true "HTTP/1.1 200 OK"
2025-12-12 00:26:57,815 - INFO - HTTP Request: PUT http://localhost:6333/collections/law_with_e5_emb_not_finetune/points?wait=true "HTTP/1.1 200 OK"
2025-12-12 00:26:57,870 - INFO - PUT http://localhost:9200/_bulk [status:200 duration:0.050s]
2025-12-12 00:27:00,783 - INFO - HTTP Request: PUT http://localhost:6333/collections/law_with_bge_round1/points?wait=true "HTTP/1.1 200 OK"
2025-12-12 00:27:00,836 - INFO - HTTP Request: PUT http://localhost:6333/collections/law_with_e5_emb_not_finetune/points?wait=true "HTTP/1.1 200 OK"
2025-12-12 00:27:00,895 - INFO - PUT http://localhost:9200/_bulk [status:200 duration:0.055s]
2025-12-12 00:27:03,655 - INFO - HTTP Request: PUT http://localhost:6333/collections/law_with_bge_round1/points?wait=true "HTTP/1.1 200 OK"
2025-12-12 00:27:03,714 - INFO - HTTP Request: PUT http://localhost:6333/collections/law_with_e5_emb_not_finetune/points?wait=true "HTTP/1.1 200 OK"
2025-12-12 00:27:03,780 - INFO - PUT http://localhost:9200/_bulk [status:200 duration:0.064s]
2025-12-12 00:27:06,591 - INFO - HTTP Request: PUT http://localhost:6333/collections/law_with_bge_round1/points?wait=true "HTTP/1.1 200 OK"
2025-12-12 00:27:06,620 - INFO - HTTP Request: PUT http://localhost:6333/collections/law_with_e5_emb_not_finetune/points?wait=true "HTTP/1.1 200 OK"
2025-12-12 00:27:06,651 - INFO - PUT http://localhost:9200/_bulk [status:200 duration:0.029s]
2025-12-12 00:27:09,498 - INFO - HTTP Request: PUT http://localhost:6333/collections/law_with_bge_round1/points?wait=true "HTTP/1.1 200 OK"
2025-12-12 00:27:09,544 - INFO - HTTP Request: PUT http://localhost:6333/collections/law_with_e5_emb_not_finetune/points?wait=true "HTTP/1.1 200 OK"
2025-12-12 00:27:09,637 - INFO - PUT http://localhost:9200/_bulk [status:200 duration:0.090s]
2025-12-12 00:27:12,520 - INFO - HTTP Request: PUT http://localhost:6333/collections/law_with_bge_round1/points?wait=true "HTTP/1.1 200 OK"
2025-12-12 00:27:12,554 - INFO - HTTP Request: PUT http://localhost:6333/collections/law_with_e5_emb_not_finetune/points?wait=true "HTTP/1.1 200 OK"
2025-12-12 00:27:12,589 - INFO - PUT http://localhost:9200/_bulk [status:200 duration:0.032s]
2025-12-12 00:27:15,477 - INFO - HTTP Request: PUT http://localhost:6333/collections/law_with_bge_round1/points?wait=true "HTTP/1.1 200 OK"
2025-12-12 00:27:15,532 - INFO - HTTP Request: PUT http://localhost:6333/collections/law_with_e5_emb_not_finetune/points?wait=true "HTTP/1.1 200 OK"
2025-12-12 00:27:15,591 - INFO - PUT http://localhost:9200/_bulk [status:200 duration:0.056s]
2025-12-12 00:27:18,474 - INFO - HTTP Request: PUT http://localhost:6333/collections/law_with_bge_round1/points?wait=true "HTTP/1.1 200 OK"
2025-12-12 00:27:18,568 - INFO - HTTP Request: PUT http://localhost:6333/collections/law_with_e5_emb_not_finetune/points?wait=true "HTTP/1.1 200 OK"
2025-12-12 00:27:18,647 - INFO - PUT http://localhost:9200/_bulk [status:200 duration:0.074s]
2025-12-12 00:27:21,442 - INFO - HTTP Request: PUT http://localhost:6333/collections/law_with_bge_round1/points?wait=true "HTTP/1.1 200 OK"
2025-12-12 00:27:21,580 - INFO - HTTP Request: PUT http://localhost:6333/collections/law_with_e5_emb_not_finetune/points?wait=true "HTTP/1.1 200 OK"
2025-12-12 00:27:21,659 - INFO - PUT http://localhost:9200/_bulk [status:200 duration:0.075s]
2025-12-12 00:27:24,596 - INFO - HTTP Request: PUT http://localhost:6333/collections/law_with_bge_round1/points?wait=true "HTTP/1.1 200 OK"
2025-12-12 00:27:24,657 - INFO - HTTP Request: PUT http://localhost:6333/collections/law_with_e5_emb_not_finetune/points?wait=true "HTTP/1.1 200 OK"
2025-12-12 00:27:24,677 - INFO - PUT http://localhost:9200/_bulk [status:200 duration:0.017s]
2025-12-12 00:27:28,118 - INFO - HTTP Request: PUT http://localhost:6333/collections/law_with_bge_round1/points?wait=true "HTTP/1.1 200 OK"
2025-12-12 00:27:28,362 - INFO - HTTP Request: PUT http://localhost:6333/collections/law_with_e5_emb_not_finetune/points?wait=true "HTTP/1.1 200 OK"
2025-12-12 00:27:28,434 - INFO - PUT http://localhost:9200/_bulk [status:200 duration:0.066s]
2025-12-12 00:27:31,437 - INFO - HTTP Request: PUT http://localhost:6333/collections/law_with_bge_round1/points?wait=true "HTTP/1.1 200 OK"
2025-12-12 00:27:32,858 - INFO - HTTP Request: PUT http://localhost:6333/collections/law_with_e5_emb_not_finetune/points?wait=true "HTTP/1.1 200 OK"
2025-12-12 00:27:32,911 - INFO - PUT http://localhost:9200/_bulk [status:200 duration:0.048s]
2025-12-12 00:27:36,395 - INFO - HTTP Request: PUT http://localhost:6333/collections/law_with_bge_round1/points?wait=true "HTTP/1.1 200 OK"
2025-12-12 00:27:36,839 - INFO - HTTP Request: PUT http://localhost:6333/collections/law_with_e5_emb_not_finetune/points?wait=true "HTTP/1.1 200 OK"
2025-12-12 00:27:36,891 - INFO - PUT http://localhost:9200/_bulk [status:200 duration:0.048s]
2025-12-12 00:27:40,312 - INFO - HTTP Request: PUT http://localhost:6333/collections/law_with_bge_round1/points?wait=true "HTTP/1.1 200 OK"
2025-12-12 00:27:40,585 - INFO - HTTP Request: PUT http://localhost:6333/collections/law_with_e5_emb_not_finetune/points?wait=true "HTTP/1.1 200 OK"
2025-12-12 00:27:40,638 - INFO - PUT http://localhost:9200/_bulk [status:200 duration:0.048s]
2025-12-12 00:27:44,333 - INFO - HTTP Request: PUT http://localhost:6333/collections/law_with_bge_round1/points?wait=true "HTTP/1.1 200 OK"
2025-12-12 00:27:44,817 - INFO - HTTP Request: PUT http://localhost:6333/collections/law_with_e5_emb_not_finetune/points?wait=true "HTTP/1.1 200 OK"
2025-12-12 00:27:44,886 - INFO - PUT http://localhost:9200/_bulk [status:200 duration:0.065s]
2025-12-12 00:27:47,732 - INFO - HTTP Request: PUT http://localhost:6333/collections/law_with_bge_round1/points?wait=true "HTTP/1.1 200 OK"
2025-12-12 00:27:47,829 - INFO - HTTP Request: PUT http://localhost:6333/collections/law_with_e5_emb_not_finetune/points?wait=true "HTTP/1.1 200 OK"
2025-12-12 00:27:47,891 - INFO - PUT http://localhost:9200/_bulk [status:200 duration:0.058s]
2025-12-12 00:27:50,851 - INFO - HTTP Request: PUT http://localhost:6333/collections/law_with_bge_round1/points?wait=true "HTTP/1.1 200 OK"
2025-12-12 00:27:51,084 - INFO - HTTP Request: PUT http://localhost:6333/collections/law_with_e5_emb_not_finetune/points?wait=true "HTTP/1.1 200 OK"
2025-12-12 00:27:51,119 - INFO - PUT http://localhost:9200/_bulk [status:200 duration:0.030s]
2025-12-12 00:27:54,037 - INFO - HTTP Request: PUT http://localhost:6333/collections/law_with_bge_round1/points?wait=true "HTTP/1.1 200 OK"
2025-12-12 00:27:54,092 - INFO - HTTP Request: PUT http://localhost:6333/collections/law_with_e5_emb_not_finetune/points?wait=true "HTTP/1.1 200 OK"
2025-12-12 00:27:54,155 - INFO - PUT http://localhost:9200/_bulk [status:200 duration:0.059s]
2025-12-12 00:27:57,139 - INFO - HTTP Request: PUT http://localhost:6333/collections/law_with_bge_round1/points?wait=true "HTTP/1.1 200 OK"
2025-12-12 00:27:57,169 - INFO - HTTP Request: PUT http://localhost:6333/collections/law_with_e5_emb_not_finetune/points?wait=true "HTTP/1.1 200 OK"
2025-12-12 00:27:57,285 - INFO - PUT http://localhost:9200/_bulk [status:200 duration:0.113s]
2025-12-12 00:31:17,958 - INFO - Using device: cuda
2025-12-12 00:31:17,958 - INFO - Connecting to Qdrant at http://localhost:6333
2025-12-12 00:31:18,443 - INFO - HTTP Request: GET http://localhost:6333 "HTTP/1.1 200 OK"
2025-12-12 00:31:18,451 - INFO - Connecting to Elasticsearch at http://localhost:9200
2025-12-12 00:31:18,463 - INFO - GET http://localhost:9200/ [status:200 duration:0.012s]
2025-12-12 00:31:18,464 - INFO - Connected to Elasticsearch cluster: docker-cluster
2025-12-12 00:31:18,464 - INFO - Connected to both databases successfully
2025-12-12 00:31:18,464 - INFO - Loading BGE-m3 model...
2025-12-12 00:31:25,281 - INFO - loading existing colbert_linear and sparse_linear---------
2025-12-12 00:31:25,290 - INFO - Loading E5-large model...
2025-12-12 00:31:25,292 - INFO - Load pretrained SentenceTransformer: intfloat/multilingual-e5-large
2025-12-12 00:31:35,229 - INFO - Models loaded successfully
2025-12-12 00:31:35,229 - INFO - Creating Qdrant collection: law_with_bge_round1
2025-12-12 00:31:35,239 - INFO - HTTP Request: GET http://localhost:6333/collections/law_with_bge_round1/exists "HTTP/1.1 200 OK"
2025-12-12 00:31:35,322 - INFO - HTTP Request: DELETE http://localhost:6333/collections/law_with_bge_round1 "HTTP/1.1 200 OK"
2025-12-12 00:31:35,480 - INFO - HTTP Request: PUT http://localhost:6333/collections/law_with_bge_round1 "HTTP/1.1 200 OK"
2025-12-12 00:31:35,480 - INFO - Creating Qdrant collection: law_with_e5_emb_not_finetune
2025-12-12 00:31:35,485 - INFO - HTTP Request: GET http://localhost:6333/collections/law_with_e5_emb_not_finetune/exists "HTTP/1.1 200 OK"
2025-12-12 00:31:35,504 - INFO - HTTP Request: DELETE http://localhost:6333/collections/law_with_e5_emb_not_finetune "HTTP/1.1 200 OK"
2025-12-12 00:31:35,633 - INFO - HTTP Request: PUT http://localhost:6333/collections/law_with_e5_emb_not_finetune "HTTP/1.1 200 OK"
2025-12-12 00:31:35,633 - INFO - Creating Elasticsearch index: legal_data_part2
2025-12-12 00:31:35,688 - INFO - HEAD http://localhost:9200/legal_data_part2 [status:200 duration:0.054s]
2025-12-12 00:31:36,468 - INFO - DELETE http://localhost:9200/legal_data_part2 [status:200 duration:0.780s]
2025-12-12 00:31:37,041 - INFO - PUT http://localhost:9200/legal_data_part2 [status:200 duration:0.571s]
2025-12-12 00:31:37,042 - INFO - Loading corpus from data/corpus.csv
2025-12-12 00:31:42,815 - INFO - Importing 10% of data: 26,159 documents
2025-12-12 00:31:51,852 - INFO - HTTP Request: PUT http://localhost:6333/collections/law_with_bge_round1/points?wait=true "HTTP/1.1 200 OK"
2025-12-12 00:31:52,003 - INFO - HTTP Request: PUT http://localhost:6333/collections/law_with_e5_emb_not_finetune/points?wait=true "HTTP/1.1 200 OK"
2025-12-12 00:31:52,043 - INFO - PUT http://localhost:9200/_bulk [status:200 duration:0.033s]
2025-12-12 00:31:55,092 - INFO - HTTP Request: PUT http://localhost:6333/collections/law_with_bge_round1/points?wait=true "HTTP/1.1 200 OK"
2025-12-12 00:31:55,179 - INFO - HTTP Request: PUT http://localhost:6333/collections/law_with_e5_emb_not_finetune/points?wait=true "HTTP/1.1 200 OK"
2025-12-12 00:31:55,257 - INFO - PUT http://localhost:9200/_bulk [status:200 duration:0.073s]
2025-12-12 00:31:58,333 - INFO - HTTP Request: PUT http://localhost:6333/collections/law_with_bge_round1/points?wait=true "HTTP/1.1 200 OK"
2025-12-12 00:31:58,362 - INFO - HTTP Request: PUT http://localhost:6333/collections/law_with_e5_emb_not_finetune/points?wait=true "HTTP/1.1 200 OK"
2025-12-12 00:31:58,432 - INFO - PUT http://localhost:9200/_bulk [status:200 duration:0.067s]
2025-12-12 00:32:01,449 - INFO - HTTP Request: PUT http://localhost:6333/collections/law_with_bge_round1/points?wait=true "HTTP/1.1 200 OK"
2025-12-12 00:32:01,494 - INFO - HTTP Request: PUT http://localhost:6333/collections/law_with_e5_emb_not_finetune/points?wait=true "HTTP/1.1 200 OK"
2025-12-12 00:32:01,591 - INFO - PUT http://localhost:9200/_bulk [status:200 duration:0.093s]
2025-12-12 00:32:04,575 - INFO - HTTP Request: PUT http://localhost:6333/collections/law_with_bge_round1/points?wait=true "HTTP/1.1 200 OK"
2025-12-12 00:32:04,620 - INFO - HTTP Request: PUT http://localhost:6333/collections/law_with_e5_emb_not_finetune/points?wait=true "HTTP/1.1 200 OK"
2025-12-12 00:32:04,654 - INFO - PUT http://localhost:9200/_bulk [status:200 duration:0.031s]
2025-12-12 00:32:07,699 - INFO - HTTP Request: PUT http://localhost:6333/collections/law_with_bge_round1/points?wait=true "HTTP/1.1 200 OK"
2025-12-12 00:32:07,733 - INFO - HTTP Request: PUT http://localhost:6333/collections/law_with_e5_emb_not_finetune/points?wait=true "HTTP/1.1 200 OK"
2025-12-12 00:32:07,823 - INFO - PUT http://localhost:9200/_bulk [status:200 duration:0.089s]
2025-12-12 00:32:10,826 - INFO - HTTP Request: PUT http://localhost:6333/collections/law_with_bge_round1/points?wait=true "HTTP/1.1 200 OK"
2025-12-12 00:32:10,858 - INFO - HTTP Request: PUT http://localhost:6333/collections/law_with_e5_emb_not_finetune/points?wait=true "HTTP/1.1 200 OK"
2025-12-12 00:32:10,879 - INFO - PUT http://localhost:9200/_bulk [status:200 duration:0.018s]
2025-12-12 00:32:13,547 - INFO - HTTP Request: PUT http://localhost:6333/collections/law_with_bge_round1/points?wait=true "HTTP/1.1 200 OK"
2025-12-12 00:32:13,582 - INFO - HTTP Request: PUT http://localhost:6333/collections/law_with_e5_emb_not_finetune/points?wait=true "HTTP/1.1 200 OK"
2025-12-12 00:32:13,648 - INFO - PUT http://localhost:9200/_bulk [status:200 duration:0.061s]
2025-12-12 00:32:16,612 - INFO - HTTP Request: PUT http://localhost:6333/collections/law_with_bge_round1/points?wait=true "HTTP/1.1 200 OK"
2025-12-12 00:32:16,683 - INFO - HTTP Request: PUT http://localhost:6333/collections/law_with_e5_emb_not_finetune/points?wait=true "HTTP/1.1 200 OK"
2025-12-12 00:32:16,709 - INFO - PUT http://localhost:9200/_bulk [status:200 duration:0.022s]
2025-12-12 00:32:19,711 - INFO - HTTP Request: PUT http://localhost:6333/collections/law_with_bge_round1/points?wait=true "HTTP/1.1 200 OK"
2025-12-12 00:32:19,741 - INFO - HTTP Request: PUT http://localhost:6333/collections/law_with_e5_emb_not_finetune/points?wait=true "HTTP/1.1 200 OK"
2025-12-12 00:32:19,800 - INFO - PUT http://localhost:9200/_bulk [status:200 duration:0.054s]
2025-12-12 00:32:22,773 - INFO - HTTP Request: PUT http://localhost:6333/collections/law_with_bge_round1/points?wait=true "HTTP/1.1 200 OK"
2025-12-12 00:32:22,825 - INFO - HTTP Request: PUT http://localhost:6333/collections/law_with_e5_emb_not_finetune/points?wait=true "HTTP/1.1 200 OK"
2025-12-12 00:32:22,846 - INFO - PUT http://localhost:9200/_bulk [status:200 duration:0.017s]
2025-12-12 00:32:25,768 - INFO - HTTP Request: PUT http://localhost:6333/collections/law_with_bge_round1/points?wait=true "HTTP/1.1 200 OK"
2025-12-12 00:32:25,795 - INFO - HTTP Request: PUT http://localhost:6333/collections/law_with_e5_emb_not_finetune/points?wait=true "HTTP/1.1 200 OK"
2025-12-12 00:32:25,861 - INFO - PUT http://localhost:9200/_bulk [status:200 duration:0.061s]
2025-12-12 00:32:28,838 - INFO - HTTP Request: PUT http://localhost:6333/collections/law_with_bge_round1/points?wait=true "HTTP/1.1 200 OK"
2025-12-12 00:32:28,893 - INFO - HTTP Request: PUT http://localhost:6333/collections/law_with_e5_emb_not_finetune/points?wait=true "HTTP/1.1 200 OK"
2025-12-12 00:32:28,955 - INFO - PUT http://localhost:9200/_bulk [status:200 duration:0.059s]
2025-12-12 00:32:31,935 - INFO - HTTP Request: PUT http://localhost:6333/collections/law_with_bge_round1/points?wait=true "HTTP/1.1 200 OK"
2025-12-12 00:32:31,967 - INFO - HTTP Request: PUT http://localhost:6333/collections/law_with_e5_emb_not_finetune/points?wait=true "HTTP/1.1 200 OK"
2025-12-12 00:32:32,031 - INFO - PUT http://localhost:9200/_bulk [status:200 duration:0.061s]
2025-12-12 00:32:34,942 - INFO - HTTP Request: PUT http://localhost:6333/collections/law_with_bge_round1/points?wait=true "HTTP/1.1 200 OK"
2025-12-12 00:32:34,971 - INFO - HTTP Request: PUT http://localhost:6333/collections/law_with_e5_emb_not_finetune/points?wait=true "HTTP/1.1 200 OK"
2025-12-12 00:32:35,029 - INFO - PUT http://localhost:9200/_bulk [status:200 duration:0.056s]
2025-12-12 00:32:37,868 - INFO - HTTP Request: PUT http://localhost:6333/collections/law_with_bge_round1/points?wait=true "HTTP/1.1 200 OK"
2025-12-12 00:32:37,894 - INFO - HTTP Request: PUT http://localhost:6333/collections/law_with_e5_emb_not_finetune/points?wait=true "HTTP/1.1 200 OK"
2025-12-12 00:32:37,935 - INFO - PUT http://localhost:9200/_bulk [status:200 duration:0.037s]
2025-12-12 00:32:40,768 - INFO - HTTP Request: PUT http://localhost:6333/collections/law_with_bge_round1/points?wait=true "HTTP/1.1 200 OK"
2025-12-12 00:32:40,828 - INFO - HTTP Request: PUT http://localhost:6333/collections/law_with_e5_emb_not_finetune/points?wait=true "HTTP/1.1 200 OK"
2025-12-12 00:32:40,904 - INFO - PUT http://localhost:9200/_bulk [status:200 duration:0.073s]
2025-12-12 00:32:43,827 - INFO - HTTP Request: PUT http://localhost:6333/collections/law_with_bge_round1/points?wait=true "HTTP/1.1 200 OK"
2025-12-12 00:32:43,856 - INFO - HTTP Request: PUT http://localhost:6333/collections/law_with_e5_emb_not_finetune/points?wait=true "HTTP/1.1 200 OK"
2025-12-12 00:32:43,923 - INFO - PUT http://localhost:9200/_bulk [status:200 duration:0.063s]
2025-12-12 00:32:46,903 - INFO - HTTP Request: PUT http://localhost:6333/collections/law_with_bge_round1/points?wait=true "HTTP/1.1 200 OK"
2025-12-12 00:32:46,932 - INFO - HTTP Request: PUT http://localhost:6333/collections/law_with_e5_emb_not_finetune/points?wait=true "HTTP/1.1 200 OK"
2025-12-12 00:32:47,003 - INFO - PUT http://localhost:9200/_bulk [status:200 duration:0.066s]
2025-12-12 00:32:49,969 - INFO - HTTP Request: PUT http://localhost:6333/collections/law_with_bge_round1/points?wait=true "HTTP/1.1 200 OK"
2025-12-12 00:32:49,996 - INFO - HTTP Request: PUT http://localhost:6333/collections/law_with_e5_emb_not_finetune/points?wait=true "HTTP/1.1 200 OK"
2025-12-12 00:32:50,070 - INFO - PUT http://localhost:9200/_bulk [status:200 duration:0.068s]
2025-12-12 00:32:53,075 - INFO - HTTP Request: PUT http://localhost:6333/collections/law_with_bge_round1/points?wait=true "HTTP/1.1 200 OK"
2025-12-12 00:32:53,106 - INFO - HTTP Request: PUT http://localhost:6333/collections/law_with_e5_emb_not_finetune/points?wait=true "HTTP/1.1 200 OK"
2025-12-12 00:32:53,169 - INFO - PUT http://localhost:9200/_bulk [status:200 duration:0.059s]
2025-12-12 00:32:56,143 - INFO - HTTP Request: PUT http://localhost:6333/collections/law_with_bge_round1/points?wait=true "HTTP/1.1 200 OK"
2025-12-12 00:32:56,172 - INFO - HTTP Request: PUT http://localhost:6333/collections/law_with_e5_emb_not_finetune/points?wait=true "HTTP/1.1 200 OK"
2025-12-12 00:32:56,229 - INFO - PUT http://localhost:9200/_bulk [status:200 duration:0.053s]
2025-12-12 00:32:59,215 - INFO - HTTP Request: PUT http://localhost:6333/collections/law_with_bge_round1/points?wait=true "HTTP/1.1 200 OK"
2025-12-12 00:32:59,277 - INFO - HTTP Request: PUT http://localhost:6333/collections/law_with_e5_emb_not_finetune/points?wait=true "HTTP/1.1 200 OK"
2025-12-12 00:32:59,330 - INFO - PUT http://localhost:9200/_bulk [status:200 duration:0.051s]
2025-12-12 00:33:02,300 - INFO - HTTP Request: PUT http://localhost:6333/collections/law_with_bge_round1/points?wait=true "HTTP/1.1 200 OK"
2025-12-12 00:33:02,340 - INFO - HTTP Request: PUT http://localhost:6333/collections/law_with_e5_emb_not_finetune/points?wait=true "HTTP/1.1 200 OK"
2025-12-12 00:33:02,401 - INFO - PUT http://localhost:9200/_bulk [status:200 duration:0.056s]
2025-12-12 00:33:05,376 - INFO - HTTP Request: PUT http://localhost:6333/collections/law_with_bge_round1/points?wait=true "HTTP/1.1 200 OK"
2025-12-12 00:33:05,435 - INFO - HTTP Request: PUT http://localhost:6333/collections/law_with_e5_emb_not_finetune/points?wait=true "HTTP/1.1 200 OK"
2025-12-12 00:33:05,494 - INFO - PUT http://localhost:9200/_bulk [status:200 duration:0.056s]
2025-12-12 00:33:08,477 - INFO - HTTP Request: PUT http://localhost:6333/collections/law_with_bge_round1/points?wait=true "HTTP/1.1 200 OK"
2025-12-12 00:33:08,508 - INFO - HTTP Request: PUT http://localhost:6333/collections/law_with_e5_emb_not_finetune/points?wait=true "HTTP/1.1 200 OK"
2025-12-12 00:33:08,570 - INFO - PUT http://localhost:9200/_bulk [status:200 duration:0.060s]
2025-12-12 00:33:11,598 - INFO - HTTP Request: PUT http://localhost:6333/collections/law_with_bge_round1/points?wait=true "HTTP/1.1 200 OK"
2025-12-12 00:33:11,653 - INFO - HTTP Request: PUT http://localhost:6333/collections/law_with_e5_emb_not_finetune/points?wait=true "HTTP/1.1 200 OK"
2025-12-12 00:33:11,715 - INFO - PUT http://localhost:9200/_bulk [status:200 duration:0.059s]
2025-12-12 00:33:14,780 - INFO - HTTP Request: PUT http://localhost:6333/collections/law_with_bge_round1/points?wait=true "HTTP/1.1 200 OK"
2025-12-12 00:33:14,813 - INFO - HTTP Request: PUT http://localhost:6333/collections/law_with_e5_emb_not_finetune/points?wait=true "HTTP/1.1 200 OK"
2025-12-12 00:33:14,839 - INFO - PUT http://localhost:9200/_bulk [status:200 duration:0.020s]
2025-12-12 00:33:17,834 - INFO - HTTP Request: PUT http://localhost:6333/collections/law_with_bge_round1/points?wait=true "HTTP/1.1 200 OK"
2025-12-12 00:33:17,877 - INFO - HTTP Request: PUT http://localhost:6333/collections/law_with_e5_emb_not_finetune/points?wait=true "HTTP/1.1 200 OK"
2025-12-12 00:33:17,941 - INFO - PUT http://localhost:9200/_bulk [status:200 duration:0.061s]
2025-12-12 00:33:20,934 - INFO - HTTP Request: PUT http://localhost:6333/collections/law_with_bge_round1/points?wait=true "HTTP/1.1 200 OK"
2025-12-12 00:33:20,964 - INFO - HTTP Request: PUT http://localhost:6333/collections/law_with_e5_emb_not_finetune/points?wait=true "HTTP/1.1 200 OK"
2025-12-12 00:33:21,025 - INFO - PUT http://localhost:9200/_bulk [status:200 duration:0.058s]
2025-12-12 00:33:24,080 - INFO - HTTP Request: PUT http://localhost:6333/collections/law_with_bge_round1/points?wait=true "HTTP/1.1 200 OK"
2025-12-12 00:33:24,110 - INFO - HTTP Request: PUT http://localhost:6333/collections/law_with_e5_emb_not_finetune/points?wait=true "HTTP/1.1 200 OK"
2025-12-12 00:33:24,138 - INFO - PUT http://localhost:9200/_bulk [status:200 duration:0.022s]
2025-12-12 00:33:27,175 - INFO - HTTP Request: PUT http://localhost:6333/collections/law_with_bge_round1/points?wait=true "HTTP/1.1 200 OK"
2025-12-12 00:33:27,205 - INFO - HTTP Request: PUT http://localhost:6333/collections/law_with_e5_emb_not_finetune/points?wait=true "HTTP/1.1 200 OK"
2025-12-12 00:33:27,804 - INFO - PUT http://localhost:9200/_bulk [status:200 duration:0.058s]
2025-12-12 00:33:30,803 - INFO - HTTP Request: PUT http://localhost:6333/collections/law_with_bge_round1/points?wait=true "HTTP/1.1 200 OK"
2025-12-12 00:33:30,834 - INFO - HTTP Request: PUT http://localhost:6333/collections/law_with_e5_emb_not_finetune/points?wait=true "HTTP/1.1 200 OK"
2025-12-12 00:33:30,899 - INFO - PUT http://localhost:9200/_bulk [status:200 duration:0.061s]
2025-12-12 00:33:33,916 - INFO - HTTP Request: PUT http://localhost:6333/collections/law_with_bge_round1/points?wait=true "HTTP/1.1 200 OK"
2025-12-12 00:33:33,952 - INFO - HTTP Request: PUT http://localhost:6333/collections/law_with_e5_emb_not_finetune/points?wait=true "HTTP/1.1 200 OK"
2025-12-12 00:33:33,979 - INFO - PUT http://localhost:9200/_bulk [status:200 duration:0.023s]
2025-12-12 00:33:37,043 - INFO - HTTP Request: PUT http://localhost:6333/collections/law_with_bge_round1/points?wait=true "HTTP/1.1 200 OK"
2025-12-12 00:33:37,086 - INFO - HTTP Request: PUT http://localhost:6333/collections/law_with_e5_emb_not_finetune/points?wait=true "HTTP/1.1 200 OK"
2025-12-12 00:33:37,149 - INFO - PUT http://localhost:9200/_bulk [status:200 duration:0.059s]
2025-12-12 00:33:40,127 - INFO - HTTP Request: PUT http://localhost:6333/collections/law_with_bge_round1/points?wait=true "HTTP/1.1 200 OK"
2025-12-12 00:33:40,160 - INFO - HTTP Request: PUT http://localhost:6333/collections/law_with_e5_emb_not_finetune/points?wait=true "HTTP/1.1 200 OK"
2025-12-12 00:33:40,225 - INFO - PUT http://localhost:9200/_bulk [status:200 duration:0.062s]
2025-12-12 00:33:43,106 - INFO - HTTP Request: PUT http://localhost:6333/collections/law_with_bge_round1/points?wait=true "HTTP/1.1 200 OK"
2025-12-12 00:33:43,174 - INFO - HTTP Request: PUT http://localhost:6333/collections/law_with_e5_emb_not_finetune/points?wait=true "HTTP/1.1 200 OK"
2025-12-12 00:33:43,240 - INFO - PUT http://localhost:9200/_bulk [status:200 duration:0.063s]
2025-12-12 00:33:46,158 - INFO - HTTP Request: PUT http://localhost:6333/collections/law_with_bge_round1/points?wait=true "HTTP/1.1 200 OK"
2025-12-12 00:33:46,193 - INFO - HTTP Request: PUT http://localhost:6333/collections/law_with_e5_emb_not_finetune/points?wait=true "HTTP/1.1 200 OK"
2025-12-12 00:33:46,262 - INFO - PUT http://localhost:9200/_bulk [status:200 duration:0.066s]
2025-12-12 00:33:49,291 - INFO - HTTP Request: PUT http://localhost:6333/collections/law_with_bge_round1/points?wait=true "HTTP/1.1 200 OK"
2025-12-12 00:33:49,322 - INFO - HTTP Request: PUT http://localhost:6333/collections/law_with_e5_emb_not_finetune/points?wait=true "HTTP/1.1 200 OK"
2025-12-12 00:33:49,387 - INFO - PUT http://localhost:9200/_bulk [status:200 duration:0.061s]
2025-12-12 00:33:52,405 - INFO - HTTP Request: PUT http://localhost:6333/collections/law_with_bge_round1/points?wait=true "HTTP/1.1 200 OK"
2025-12-12 00:33:52,441 - INFO - HTTP Request: PUT http://localhost:6333/collections/law_with_e5_emb_not_finetune/points?wait=true "HTTP/1.1 200 OK"
2025-12-12 00:33:52,503 - INFO - PUT http://localhost:9200/_bulk [status:200 duration:0.060s]
2025-12-12 00:33:55,549 - INFO - HTTP Request: PUT http://localhost:6333/collections/law_with_bge_round1/points?wait=true "HTTP/1.1 200 OK"
2025-12-12 00:33:55,579 - INFO - HTTP Request: PUT http://localhost:6333/collections/law_with_e5_emb_not_finetune/points?wait=true "HTTP/1.1 200 OK"
2025-12-12 00:33:55,643 - INFO - PUT http://localhost:9200/_bulk [status:200 duration:0.061s]
2025-12-12 00:33:58,636 - INFO - HTTP Request: PUT http://localhost:6333/collections/law_with_bge_round1/points?wait=true "HTTP/1.1 200 OK"
2025-12-12 00:33:58,685 - INFO - HTTP Request: PUT http://localhost:6333/collections/law_with_e5_emb_not_finetune/points?wait=true "HTTP/1.1 200 OK"
2025-12-12 00:33:58,745 - INFO - PUT http://localhost:9200/_bulk [status:200 duration:0.056s]
2025-12-12 00:34:01,652 - INFO - HTTP Request: PUT http://localhost:6333/collections/law_with_bge_round1/points?wait=true "HTTP/1.1 200 OK"
2025-12-12 00:34:01,680 - INFO - HTTP Request: PUT http://localhost:6333/collections/law_with_e5_emb_not_finetune/points?wait=true "HTTP/1.1 200 OK"
2025-12-12 00:34:01,733 - INFO - PUT http://localhost:9200/_bulk [status:200 duration:0.051s]
2025-12-12 00:34:04,691 - INFO - HTTP Request: PUT http://localhost:6333/collections/law_with_bge_round1/points?wait=true "HTTP/1.1 200 OK"
2025-12-12 00:34:04,720 - INFO - HTTP Request: PUT http://localhost:6333/collections/law_with_e5_emb_not_finetune/points?wait=true "HTTP/1.1 200 OK"
2025-12-12 00:34:04,778 - INFO - PUT http://localhost:9200/_bulk [status:200 duration:0.055s]
2025-12-12 00:34:07,788 - INFO - HTTP Request: PUT http://localhost:6333/collections/law_with_bge_round1/points?wait=true "HTTP/1.1 200 OK"
2025-12-12 00:34:07,846 - INFO - HTTP Request: PUT http://localhost:6333/collections/law_with_e5_emb_not_finetune/points?wait=true "HTTP/1.1 200 OK"
2025-12-12 00:34:07,914 - INFO - PUT http://localhost:9200/_bulk [status:200 duration:0.065s]
2025-12-12 00:34:10,957 - INFO - HTTP Request: PUT http://localhost:6333/collections/law_with_bge_round1/points?wait=true "HTTP/1.1 200 OK"
2025-12-12 00:34:11,004 - INFO - HTTP Request: PUT http://localhost:6333/collections/law_with_e5_emb_not_finetune/points?wait=true "HTTP/1.1 200 OK"
2025-12-12 00:34:11,025 - INFO - PUT http://localhost:9200/_bulk [status:200 duration:0.018s]
2025-12-12 00:34:14,042 - INFO - HTTP Request: PUT http://localhost:6333/collections/law_with_bge_round1/points?wait=true "HTTP/1.1 200 OK"
2025-12-12 00:34:14,106 - INFO - HTTP Request: PUT http://localhost:6333/collections/law_with_e5_emb_not_finetune/points?wait=true "HTTP/1.1 200 OK"
2025-12-12 00:34:14,128 - INFO - PUT http://localhost:9200/_bulk [status:200 duration:0.017s]
2025-12-12 00:34:17,142 - INFO - HTTP Request: PUT http://localhost:6333/collections/law_with_bge_round1/points?wait=true "HTTP/1.1 200 OK"
2025-12-12 00:34:17,176 - INFO - HTTP Request: PUT http://localhost:6333/collections/law_with_e5_emb_not_finetune/points?wait=true "HTTP/1.1 200 OK"
2025-12-12 00:34:17,243 - INFO - PUT http://localhost:9200/_bulk [status:200 duration:0.063s]
2025-12-12 00:34:20,221 - INFO - HTTP Request: PUT http://localhost:6333/collections/law_with_bge_round1/points?wait=true "HTTP/1.1 200 OK"
2025-12-12 00:34:20,267 - INFO - HTTP Request: PUT http://localhost:6333/collections/law_with_e5_emb_not_finetune/points?wait=true "HTTP/1.1 200 OK"
2025-12-12 00:34:20,327 - INFO - PUT http://localhost:9200/_bulk [status:200 duration:0.056s]
2025-12-12 00:34:23,288 - INFO - HTTP Request: PUT http://localhost:6333/collections/law_with_bge_round1/points?wait=true "HTTP/1.1 200 OK"
2025-12-12 00:34:23,318 - INFO - HTTP Request: PUT http://localhost:6333/collections/law_with_e5_emb_not_finetune/points?wait=true "HTTP/1.1 200 OK"
2025-12-12 00:34:23,378 - INFO - PUT http://localhost:9200/_bulk [status:200 duration:0.057s]
2025-12-12 00:34:26,363 - INFO - HTTP Request: PUT http://localhost:6333/collections/law_with_bge_round1/points?wait=true "HTTP/1.1 200 OK"
2025-12-12 00:34:26,400 - INFO - HTTP Request: PUT http://localhost:6333/collections/law_with_e5_emb_not_finetune/points?wait=true "HTTP/1.1 200 OK"
2025-12-12 00:34:26,465 - INFO - PUT http://localhost:9200/_bulk [status:200 duration:0.061s]
2025-12-12 00:34:29,521 - INFO - HTTP Request: PUT http://localhost:6333/collections/law_with_bge_round1/points?wait=true "HTTP/1.1 200 OK"
2025-12-12 00:34:29,555 - INFO - HTTP Request: PUT http://localhost:6333/collections/law_with_e5_emb_not_finetune/points?wait=true "HTTP/1.1 200 OK"
2025-12-12 00:34:29,614 - INFO - PUT http://localhost:9200/_bulk [status:200 duration:0.055s]
2025-12-12 00:34:32,105 - INFO - HTTP Request: PUT http://localhost:6333/collections/law_with_bge_round1/points?wait=true "HTTP/1.1 200 OK"
2025-12-12 00:34:32,145 - INFO - HTTP Request: PUT http://localhost:6333/collections/law_with_e5_emb_not_finetune/points?wait=true "HTTP/1.1 200 OK"
2025-12-12 00:34:32,205 - INFO - PUT http://localhost:9200/_bulk [status:200 duration:0.056s]
2025-12-12 00:34:35,188 - INFO - HTTP Request: PUT http://localhost:6333/collections/law_with_bge_round1/points?wait=true "HTTP/1.1 200 OK"
2025-12-12 00:34:35,240 - INFO - HTTP Request: PUT http://localhost:6333/collections/law_with_e5_emb_not_finetune/points?wait=true "HTTP/1.1 200 OK"
2025-12-12 00:34:35,298 - INFO - PUT http://localhost:9200/_bulk [status:200 duration:0.054s]
2025-12-12 00:34:38,311 - INFO - HTTP Request: PUT http://localhost:6333/collections/law_with_bge_round1/points?wait=true "HTTP/1.1 200 OK"
2025-12-12 00:34:38,342 - INFO - HTTP Request: PUT http://localhost:6333/collections/law_with_e5_emb_not_finetune/points?wait=true "HTTP/1.1 200 OK"
2025-12-12 00:34:38,360 - INFO - PUT http://localhost:9200/_bulk [status:200 duration:0.016s]
2025-12-12 00:34:41,362 - INFO - HTTP Request: PUT http://localhost:6333/collections/law_with_bge_round1/points?wait=true "HTTP/1.1 200 OK"
2025-12-12 00:34:41,395 - INFO - HTTP Request: PUT http://localhost:6333/collections/law_with_e5_emb_not_finetune/points?wait=true "HTTP/1.1 200 OK"
2025-12-12 00:34:41,454 - INFO - PUT http://localhost:9200/_bulk [status:200 duration:0.056s]
2025-12-12 00:34:44,497 - INFO - HTTP Request: PUT http://localhost:6333/collections/law_with_bge_round1/points?wait=true "HTTP/1.1 200 OK"
2025-12-12 00:34:44,527 - INFO - HTTP Request: PUT http://localhost:6333/collections/law_with_e5_emb_not_finetune/points?wait=true "HTTP/1.1 200 OK"
2025-12-12 00:34:44,593 - INFO - PUT http://localhost:9200/_bulk [status:200 duration:0.063s]
2025-12-12 00:34:47,621 - INFO - HTTP Request: PUT http://localhost:6333/collections/law_with_bge_round1/points?wait=true "HTTP/1.1 200 OK"
2025-12-12 00:34:47,662 - INFO - HTTP Request: PUT http://localhost:6333/collections/law_with_e5_emb_not_finetune/points?wait=true "HTTP/1.1 200 OK"
2025-12-12 00:34:47,722 - INFO - PUT http://localhost:9200/_bulk [status:200 duration:0.057s]
2025-12-12 00:34:50,777 - INFO - HTTP Request: PUT http://localhost:6333/collections/law_with_bge_round1/points?wait=true "HTTP/1.1 200 OK"
2025-12-12 00:34:50,808 - INFO - HTTP Request: PUT http://localhost:6333/collections/law_with_e5_emb_not_finetune/points?wait=true "HTTP/1.1 200 OK"
2025-12-12 00:34:50,864 - INFO - PUT http://localhost:9200/_bulk [status:200 duration:0.053s]
2025-12-12 00:34:53,814 - INFO - HTTP Request: PUT http://localhost:6333/collections/law_with_bge_round1/points?wait=true "HTTP/1.1 200 OK"
2025-12-12 00:34:53,858 - INFO - HTTP Request: PUT http://localhost:6333/collections/law_with_e5_emb_not_finetune/points?wait=true "HTTP/1.1 200 OK"
2025-12-12 00:34:53,918 - INFO - PUT http://localhost:9200/_bulk [status:200 duration:0.058s]
2025-12-12 00:34:56,915 - INFO - HTTP Request: PUT http://localhost:6333/collections/law_with_bge_round1/points?wait=true "HTTP/1.1 200 OK"
2025-12-12 00:34:56,959 - INFO - HTTP Request: PUT http://localhost:6333/collections/law_with_e5_emb_not_finetune/points?wait=true "HTTP/1.1 200 OK"
2025-12-12 00:34:57,015 - INFO - PUT http://localhost:9200/_bulk [status:200 duration:0.054s]
2025-12-12 00:35:00,053 - INFO - HTTP Request: PUT http://localhost:6333/collections/law_with_bge_round1/points?wait=true "HTTP/1.1 200 OK"
2025-12-12 00:35:00,102 - INFO - HTTP Request: PUT http://localhost:6333/collections/law_with_e5_emb_not_finetune/points?wait=true "HTTP/1.1 200 OK"
2025-12-12 00:35:00,160 - INFO - PUT http://localhost:9200/_bulk [status:200 duration:0.054s]
2025-12-12 00:35:03,240 - INFO - HTTP Request: PUT http://localhost:6333/collections/law_with_bge_round1/points?wait=true "HTTP/1.1 200 OK"
2025-12-12 00:35:03,309 - INFO - HTTP Request: PUT http://localhost:6333/collections/law_with_e5_emb_not_finetune/points?wait=true "HTTP/1.1 200 OK"
2025-12-12 00:35:03,326 - INFO - PUT http://localhost:9200/_bulk [status:200 duration:0.014s]
2025-12-12 00:35:06,381 - INFO - HTTP Request: PUT http://localhost:6333/collections/law_with_bge_round1/points?wait=true "HTTP/1.1 200 OK"
2025-12-12 00:35:06,433 - INFO - HTTP Request: PUT http://localhost:6333/collections/law_with_e5_emb_not_finetune/points?wait=true "HTTP/1.1 200 OK"
2025-12-12 00:35:06,459 - INFO - PUT http://localhost:9200/_bulk [status:200 duration:0.020s]
2025-12-12 00:35:09,507 - INFO - HTTP Request: PUT http://localhost:6333/collections/law_with_bge_round1/points?wait=true "HTTP/1.1 200 OK"
2025-12-12 00:35:09,546 - INFO - HTTP Request: PUT http://localhost:6333/collections/law_with_e5_emb_not_finetune/points?wait=true "HTTP/1.1 200 OK"
2025-12-12 00:35:09,605 - INFO - PUT http://localhost:9200/_bulk [status:200 duration:0.053s]
2025-12-12 00:35:12,555 - INFO - HTTP Request: PUT http://localhost:6333/collections/law_with_bge_round1/points?wait=true "HTTP/1.1 200 OK"
2025-12-12 00:35:12,587 - INFO - HTTP Request: PUT http://localhost:6333/collections/law_with_e5_emb_not_finetune/points?wait=true "HTTP/1.1 200 OK"
2025-12-12 00:35:12,649 - INFO - PUT http://localhost:9200/_bulk [status:200 duration:0.059s]
2025-12-12 00:35:15,605 - INFO - HTTP Request: PUT http://localhost:6333/collections/law_with_bge_round1/points?wait=true "HTTP/1.1 200 OK"
2025-12-12 00:35:15,633 - INFO - HTTP Request: PUT http://localhost:6333/collections/law_with_e5_emb_not_finetune/points?wait=true "HTTP/1.1 200 OK"
2025-12-12 00:35:15,687 - INFO - PUT http://localhost:9200/_bulk [status:200 duration:0.051s]
2025-12-12 00:35:18,694 - INFO - HTTP Request: PUT http://localhost:6333/collections/law_with_bge_round1/points?wait=true "HTTP/1.1 200 OK"
2025-12-12 00:35:18,730 - INFO - HTTP Request: PUT http://localhost:6333/collections/law_with_e5_emb_not_finetune/points?wait=true "HTTP/1.1 200 OK"
2025-12-12 00:35:18,791 - INFO - PUT http://localhost:9200/_bulk [status:200 duration:0.058s]
2025-12-12 00:35:21,854 - INFO - HTTP Request: PUT http://localhost:6333/collections/law_with_bge_round1/points?wait=true "HTTP/1.1 200 OK"
2025-12-12 00:35:21,889 - INFO - HTTP Request: PUT http://localhost:6333/collections/law_with_e5_emb_not_finetune/points?wait=true "HTTP/1.1 200 OK"
2025-12-12 00:35:21,915 - INFO - PUT http://localhost:9200/_bulk [status:200 duration:0.023s]
2025-12-12 00:35:24,956 - INFO - HTTP Request: PUT http://localhost:6333/collections/law_with_bge_round1/points?wait=true "HTTP/1.1 200 OK"
2025-12-12 00:35:24,983 - INFO - HTTP Request: PUT http://localhost:6333/collections/law_with_e5_emb_not_finetune/points?wait=true "HTTP/1.1 200 OK"
2025-12-12 00:35:25,011 - INFO - PUT http://localhost:9200/_bulk [status:200 duration:0.024s]
2025-12-12 00:35:28,072 - INFO - HTTP Request: PUT http://localhost:6333/collections/law_with_bge_round1/points?wait=true "HTTP/1.1 200 OK"
2025-12-12 00:35:28,099 - INFO - HTTP Request: PUT http://localhost:6333/collections/law_with_e5_emb_not_finetune/points?wait=true "HTTP/1.1 200 OK"
2025-12-12 00:35:28,154 - INFO - PUT http://localhost:9200/_bulk [status:200 duration:0.051s]
2025-12-12 00:35:31,232 - INFO - HTTP Request: PUT http://localhost:6333/collections/law_with_bge_round1/points?wait=true "HTTP/1.1 200 OK"
2025-12-12 00:35:31,269 - INFO - HTTP Request: PUT http://localhost:6333/collections/law_with_e5_emb_not_finetune/points?wait=true "HTTP/1.1 200 OK"
2025-12-12 00:35:31,336 - INFO - PUT http://localhost:9200/_bulk [status:200 duration:0.064s]
2025-12-12 00:35:34,359 - INFO - HTTP Request: PUT http://localhost:6333/collections/law_with_bge_round1/points?wait=true "HTTP/1.1 200 OK"
2025-12-12 00:35:34,404 - INFO - HTTP Request: PUT http://localhost:6333/collections/law_with_e5_emb_not_finetune/points?wait=true "HTTP/1.1 200 OK"
2025-12-12 00:35:34,422 - INFO - PUT http://localhost:9200/_bulk [status:200 duration:0.015s]
2025-12-12 00:35:37,461 - INFO - HTTP Request: PUT http://localhost:6333/collections/law_with_bge_round1/points?wait=true "HTTP/1.1 200 OK"
2025-12-12 00:35:37,499 - INFO - HTTP Request: PUT http://localhost:6333/collections/law_with_e5_emb_not_finetune/points?wait=true "HTTP/1.1 200 OK"
2025-12-12 00:35:37,561 - INFO - PUT http://localhost:9200/_bulk [status:200 duration:0.057s]
2025-12-12 00:35:40,584 - INFO - HTTP Request: PUT http://localhost:6333/collections/law_with_bge_round1/points?wait=true "HTTP/1.1 200 OK"
2025-12-12 00:35:40,611 - INFO - HTTP Request: PUT http://localhost:6333/collections/law_with_e5_emb_not_finetune/points?wait=true "HTTP/1.1 200 OK"
2025-12-12 00:35:40,673 - INFO - PUT http://localhost:9200/_bulk [status:200 duration:0.057s]
2025-12-12 00:35:43,661 - INFO - HTTP Request: PUT http://localhost:6333/collections/law_with_bge_round1/points?wait=true "HTTP/1.1 200 OK"
2025-12-12 00:35:43,718 - INFO - HTTP Request: PUT http://localhost:6333/collections/law_with_e5_emb_not_finetune/points?wait=true "HTTP/1.1 200 OK"
2025-12-12 00:35:43,779 - INFO - PUT http://localhost:9200/_bulk [status:200 duration:0.057s]
2025-12-12 00:35:46,829 - INFO - HTTP Request: PUT http://localhost:6333/collections/law_with_bge_round1/points?wait=true "HTTP/1.1 200 OK"
2025-12-12 00:35:46,860 - INFO - HTTP Request: PUT http://localhost:6333/collections/law_with_e5_emb_not_finetune/points?wait=true "HTTP/1.1 200 OK"
2025-12-12 00:35:46,890 - INFO - PUT http://localhost:9200/_bulk [status:200 duration:0.027s]
2025-12-12 00:35:49,870 - INFO - HTTP Request: PUT http://localhost:6333/collections/law_with_bge_round1/points?wait=true "HTTP/1.1 200 OK"
2025-12-12 00:35:49,899 - INFO - HTTP Request: PUT http://localhost:6333/collections/law_with_e5_emb_not_finetune/points?wait=true "HTTP/1.1 200 OK"
2025-12-12 00:35:49,959 - INFO - PUT http://localhost:9200/_bulk [status:200 duration:0.056s]
2025-12-12 00:35:53,058 - INFO - HTTP Request: PUT http://localhost:6333/collections/law_with_bge_round1/points?wait=true "HTTP/1.1 200 OK"
2025-12-12 00:35:53,086 - INFO - HTTP Request: PUT http://localhost:6333/collections/law_with_e5_emb_not_finetune/points?wait=true "HTTP/1.1 200 OK"
2025-12-12 00:35:53,143 - INFO - PUT http://localhost:9200/_bulk [status:200 duration:0.053s]
2025-12-12 00:35:56,099 - INFO - HTTP Request: PUT http://localhost:6333/collections/law_with_bge_round1/points?wait=true "HTTP/1.1 200 OK"
2025-12-12 00:35:56,149 - INFO - HTTP Request: PUT http://localhost:6333/collections/law_with_e5_emb_not_finetune/points?wait=true "HTTP/1.1 200 OK"
2025-12-12 00:35:56,208 - INFO - PUT http://localhost:9200/_bulk [status:200 duration:0.054s]
2025-12-12 00:35:59,213 - INFO - HTTP Request: PUT http://localhost:6333/collections/law_with_bge_round1/points?wait=true "HTTP/1.1 200 OK"
2025-12-12 00:35:59,245 - INFO - HTTP Request: PUT http://localhost:6333/collections/law_with_e5_emb_not_finetune/points?wait=true "HTTP/1.1 200 OK"
2025-12-12 00:35:59,307 - INFO - PUT http://localhost:9200/_bulk [status:200 duration:0.060s]
2025-12-12 00:36:02,173 - INFO - HTTP Request: PUT http://localhost:6333/collections/law_with_bge_round1/points?wait=true "HTTP/1.1 200 OK"
2025-12-12 00:36:02,203 - INFO - HTTP Request: PUT http://localhost:6333/collections/law_with_e5_emb_not_finetune/points?wait=true "HTTP/1.1 200 OK"
2025-12-12 00:36:02,261 - INFO - PUT http://localhost:9200/_bulk [status:200 duration:0.054s]
2025-12-12 00:36:05,222 - INFO - HTTP Request: PUT http://localhost:6333/collections/law_with_bge_round1/points?wait=true "HTTP/1.1 200 OK"
2025-12-12 00:36:05,249 - INFO - HTTP Request: PUT http://localhost:6333/collections/law_with_e5_emb_not_finetune/points?wait=true "HTTP/1.1 200 OK"
2025-12-12 00:36:05,305 - INFO - PUT http://localhost:9200/_bulk [status:200 duration:0.051s]
2025-12-12 00:36:08,245 - INFO - HTTP Request: PUT http://localhost:6333/collections/law_with_bge_round1/points?wait=true "HTTP/1.1 200 OK"
2025-12-12 00:36:08,287 - INFO - HTTP Request: PUT http://localhost:6333/collections/law_with_e5_emb_not_finetune/points?wait=true "HTTP/1.1 200 OK"
2025-12-12 00:36:08,343 - INFO - PUT http://localhost:9200/_bulk [status:200 duration:0.054s]
2025-12-12 00:36:11,421 - INFO - HTTP Request: PUT http://localhost:6333/collections/law_with_bge_round1/points?wait=true "HTTP/1.1 200 OK"
2025-12-12 00:36:11,456 - INFO - HTTP Request: PUT http://localhost:6333/collections/law_with_e5_emb_not_finetune/points?wait=true "HTTP/1.1 200 OK"
2025-12-12 00:36:11,474 - INFO - PUT http://localhost:9200/_bulk [status:200 duration:0.015s]
2025-12-12 00:36:14,565 - INFO - HTTP Request: PUT http://localhost:6333/collections/law_with_bge_round1/points?wait=true "HTTP/1.1 200 OK"
2025-12-12 00:36:14,610 - INFO - HTTP Request: PUT http://localhost:6333/collections/law_with_e5_emb_not_finetune/points?wait=true "HTTP/1.1 200 OK"
2025-12-12 00:36:14,669 - INFO - PUT http://localhost:9200/_bulk [status:200 duration:0.055s]
2025-12-12 00:36:17,647 - INFO - HTTP Request: PUT http://localhost:6333/collections/law_with_bge_round1/points?wait=true "HTTP/1.1 200 OK"
2025-12-12 00:36:17,684 - INFO - HTTP Request: PUT http://localhost:6333/collections/law_with_e5_emb_not_finetune/points?wait=true "HTTP/1.1 200 OK"
2025-12-12 00:36:17,744 - INFO - PUT http://localhost:9200/_bulk [status:200 duration:0.056s]
2025-12-12 00:36:20,694 - INFO - HTTP Request: PUT http://localhost:6333/collections/law_with_bge_round1/points?wait=true "HTTP/1.1 200 OK"
2025-12-12 00:36:20,732 - INFO - HTTP Request: PUT http://localhost:6333/collections/law_with_e5_emb_not_finetune/points?wait=true "HTTP/1.1 200 OK"
2025-12-12 00:36:20,795 - INFO - PUT http://localhost:9200/_bulk [status:200 duration:0.058s]
2025-12-12 00:36:23,773 - INFO - HTTP Request: PUT http://localhost:6333/collections/law_with_bge_round1/points?wait=true "HTTP/1.1 200 OK"
2025-12-12 00:36:23,799 - INFO - HTTP Request: PUT http://localhost:6333/collections/law_with_e5_emb_not_finetune/points?wait=true "HTTP/1.1 200 OK"
2025-12-12 00:36:23,856 - INFO - PUT http://localhost:9200/_bulk [status:200 duration:0.052s]
2025-12-12 00:36:26,120 - INFO - HTTP Request: PUT http://localhost:6333/collections/law_with_bge_round1/points?wait=true "HTTP/1.1 200 OK"
2025-12-12 00:36:26,173 - INFO - HTTP Request: PUT http://localhost:6333/collections/law_with_e5_emb_not_finetune/points?wait=true "HTTP/1.1 200 OK"
2025-12-12 00:36:26,225 - INFO - PUT http://localhost:9200/_bulk [status:200 duration:0.050s]
2025-12-12 00:36:29,193 - INFO - HTTP Request: PUT http://localhost:6333/collections/law_with_bge_round1/points?wait=true "HTTP/1.1 200 OK"
2025-12-12 00:36:29,225 - INFO - HTTP Request: PUT http://localhost:6333/collections/law_with_e5_emb_not_finetune/points?wait=true "HTTP/1.1 200 OK"
2025-12-12 00:36:29,280 - INFO - PUT http://localhost:9200/_bulk [status:200 duration:0.053s]
2025-12-12 00:36:32,307 - INFO - HTTP Request: PUT http://localhost:6333/collections/law_with_bge_round1/points?wait=true "HTTP/1.1 200 OK"
2025-12-12 00:36:32,339 - INFO - HTTP Request: PUT http://localhost:6333/collections/law_with_e5_emb_not_finetune/points?wait=true "HTTP/1.1 200 OK"
2025-12-12 00:36:32,398 - INFO - PUT http://localhost:9200/_bulk [status:200 duration:0.056s]
2025-12-12 00:36:35,445 - INFO - HTTP Request: PUT http://localhost:6333/collections/law_with_bge_round1/points?wait=true "HTTP/1.1 200 OK"
2025-12-12 00:36:35,490 - INFO - HTTP Request: PUT http://localhost:6333/collections/law_with_e5_emb_not_finetune/points?wait=true "HTTP/1.1 200 OK"
2025-12-12 00:36:35,507 - INFO - PUT http://localhost:9200/_bulk [status:200 duration:0.015s]
2025-12-12 00:36:38,467 - INFO - HTTP Request: PUT http://localhost:6333/collections/law_with_bge_round1/points?wait=true "HTTP/1.1 200 OK"
2025-12-12 00:36:38,499 - INFO - HTTP Request: PUT http://localhost:6333/collections/law_with_e5_emb_not_finetune/points?wait=true "HTTP/1.1 200 OK"
2025-12-12 00:36:38,557 - INFO - PUT http://localhost:9200/_bulk [status:200 duration:0.054s]
2025-12-12 00:36:41,515 - INFO - HTTP Request: PUT http://localhost:6333/collections/law_with_bge_round1/points?wait=true "HTTP/1.1 200 OK"
2025-12-12 00:36:41,577 - INFO - HTTP Request: PUT http://localhost:6333/collections/law_with_e5_emb_not_finetune/points?wait=true "HTTP/1.1 200 OK"
2025-12-12 00:36:41,634 - INFO - PUT http://localhost:9200/_bulk [status:200 duration:0.054s]
2025-12-12 00:36:44,633 - INFO - HTTP Request: PUT http://localhost:6333/collections/law_with_bge_round1/points?wait=true "HTTP/1.1 200 OK"
2025-12-12 00:36:44,664 - INFO - HTTP Request: PUT http://localhost:6333/collections/law_with_e5_emb_not_finetune/points?wait=true "HTTP/1.1 200 OK"
2025-12-12 00:36:44,725 - INFO - PUT http://localhost:9200/_bulk [status:200 duration:0.059s]
2025-12-12 00:36:47,737 - INFO - HTTP Request: PUT http://localhost:6333/collections/law_with_bge_round1/points?wait=true "HTTP/1.1 200 OK"
2025-12-12 00:36:47,776 - INFO - HTTP Request: PUT http://localhost:6333/collections/law_with_e5_emb_not_finetune/points?wait=true "HTTP/1.1 200 OK"
2025-12-12 00:36:47,840 - INFO - PUT http://localhost:9200/_bulk [status:200 duration:0.060s]
2025-12-12 00:36:50,798 - INFO - HTTP Request: PUT http://localhost:6333/collections/law_with_bge_round1/points?wait=true "HTTP/1.1 200 OK"
2025-12-12 00:36:50,824 - INFO - HTTP Request: PUT http://localhost:6333/collections/law_with_e5_emb_not_finetune/points?wait=true "HTTP/1.1 200 OK"
2025-12-12 00:36:50,881 - INFO - PUT http://localhost:9200/_bulk [status:200 duration:0.054s]
2025-12-12 00:36:53,691 - INFO - HTTP Request: PUT http://localhost:6333/collections/law_with_bge_round1/points?wait=true "HTTP/1.1 200 OK"
2025-12-12 00:36:53,717 - INFO - HTTP Request: PUT http://localhost:6333/collections/law_with_e5_emb_not_finetune/points?wait=true "HTTP/1.1 200 OK"
2025-12-12 00:36:53,773 - INFO - PUT http://localhost:9200/_bulk [status:200 duration:0.052s]
2025-12-12 00:36:56,700 - INFO - HTTP Request: PUT http://localhost:6333/collections/law_with_bge_round1/points?wait=true "HTTP/1.1 200 OK"
2025-12-12 00:36:56,759 - INFO - HTTP Request: PUT http://localhost:6333/collections/law_with_e5_emb_not_finetune/points?wait=true "HTTP/1.1 200 OK"
2025-12-12 00:36:56,816 - INFO - PUT http://localhost:9200/_bulk [status:200 duration:0.055s]
2025-12-12 00:36:59,776 - INFO - HTTP Request: PUT http://localhost:6333/collections/law_with_bge_round1/points?wait=true "HTTP/1.1 200 OK"
2025-12-12 00:36:59,805 - INFO - HTTP Request: PUT http://localhost:6333/collections/law_with_e5_emb_not_finetune/points?wait=true "HTTP/1.1 200 OK"
2025-12-12 00:36:59,820 - INFO - PUT http://localhost:9200/_bulk [status:200 duration:0.012s]
2025-12-12 00:37:02,695 - INFO - HTTP Request: PUT http://localhost:6333/collections/law_with_bge_round1/points?wait=true "HTTP/1.1 200 OK"
2025-12-12 00:37:02,723 - INFO - HTTP Request: PUT http://localhost:6333/collections/law_with_e5_emb_not_finetune/points?wait=true "HTTP/1.1 200 OK"
2025-12-12 00:37:02,783 - INFO - PUT http://localhost:9200/_bulk [status:200 duration:0.057s]
2025-12-12 00:37:05,615 - INFO - HTTP Request: PUT http://localhost:6333/collections/law_with_bge_round1/points?wait=true "HTTP/1.1 200 OK"
2025-12-12 00:37:05,642 - INFO - HTTP Request: PUT http://localhost:6333/collections/law_with_e5_emb_not_finetune/points?wait=true "HTTP/1.1 200 OK"
2025-12-12 00:37:05,699 - INFO - PUT http://localhost:9200/_bulk [status:200 duration:0.054s]
2025-12-12 00:37:08,530 - INFO - HTTP Request: PUT http://localhost:6333/collections/law_with_bge_round1/points?wait=true "HTTP/1.1 200 OK"
2025-12-12 00:37:08,594 - INFO - HTTP Request: PUT http://localhost:6333/collections/law_with_e5_emb_not_finetune/points?wait=true "HTTP/1.1 200 OK"
2025-12-12 00:37:08,648 - INFO - PUT http://localhost:9200/_bulk [status:200 duration:0.052s]
2025-12-12 00:37:11,430 - INFO - HTTP Request: PUT http://localhost:6333/collections/law_with_bge_round1/points?wait=true "HTTP/1.1 200 OK"
2025-12-12 00:37:11,455 - INFO - HTTP Request: PUT http://localhost:6333/collections/law_with_e5_emb_not_finetune/points?wait=true "HTTP/1.1 200 OK"
2025-12-12 00:37:11,470 - INFO - PUT http://localhost:9200/_bulk [status:200 duration:0.012s]
2025-12-12 00:37:14,281 - INFO - HTTP Request: PUT http://localhost:6333/collections/law_with_bge_round1/points?wait=true "HTTP/1.1 200 OK"
2025-12-12 00:37:14,318 - INFO - HTTP Request: PUT http://localhost:6333/collections/law_with_e5_emb_not_finetune/points?wait=true "HTTP/1.1 200 OK"
2025-12-12 00:37:14,370 - INFO - PUT http://localhost:9200/_bulk [status:200 duration:0.049s]
2025-12-12 00:37:17,282 - INFO - HTTP Request: PUT http://localhost:6333/collections/law_with_bge_round1/points?wait=true "HTTP/1.1 200 OK"
2025-12-12 00:37:17,307 - INFO - HTTP Request: PUT http://localhost:6333/collections/law_with_e5_emb_not_finetune/points?wait=true "HTTP/1.1 200 OK"
2025-12-12 00:37:17,364 - INFO - PUT http://localhost:9200/_bulk [status:200 duration:0.053s]
2025-12-12 00:37:20,258 - INFO - HTTP Request: PUT http://localhost:6333/collections/law_with_bge_round1/points?wait=true "HTTP/1.1 200 OK"
2025-12-12 00:37:20,282 - INFO - HTTP Request: PUT http://localhost:6333/collections/law_with_e5_emb_not_finetune/points?wait=true "HTTP/1.1 200 OK"
2025-12-12 00:37:20,343 - INFO - PUT http://localhost:9200/_bulk [status:200 duration:0.057s]
2025-12-12 00:37:23,253 - INFO - HTTP Request: PUT http://localhost:6333/collections/law_with_bge_round1/points?wait=true "HTTP/1.1 200 OK"
2025-12-12 00:37:23,282 - INFO - HTTP Request: PUT http://localhost:6333/collections/law_with_e5_emb_not_finetune/points?wait=true "HTTP/1.1 200 OK"
2025-12-12 00:37:23,350 - INFO - PUT http://localhost:9200/_bulk [status:200 duration:0.065s]
2025-12-12 00:37:26,293 - INFO - HTTP Request: PUT http://localhost:6333/collections/law_with_bge_round1/points?wait=true "HTTP/1.1 200 OK"
2025-12-12 00:37:26,398 - INFO - HTTP Request: PUT http://localhost:6333/collections/law_with_e5_emb_not_finetune/points?wait=true "HTTP/1.1 200 OK"
2025-12-12 00:37:26,457 - INFO - PUT http://localhost:9200/_bulk [status:200 duration:0.055s]
2025-12-12 00:37:29,345 - INFO - HTTP Request: PUT http://localhost:6333/collections/law_with_bge_round1/points?wait=true "HTTP/1.1 200 OK"
2025-12-12 00:37:29,449 - INFO - HTTP Request: PUT http://localhost:6333/collections/law_with_e5_emb_not_finetune/points?wait=true "HTTP/1.1 200 OK"
2025-12-12 00:37:29,506 - INFO - PUT http://localhost:9200/_bulk [status:200 duration:0.054s]
2025-12-12 00:37:32,336 - INFO - HTTP Request: PUT http://localhost:6333/collections/law_with_bge_round1/points?wait=true "HTTP/1.1 200 OK"
2025-12-12 00:37:32,392 - INFO - HTTP Request: PUT http://localhost:6333/collections/law_with_e5_emb_not_finetune/points?wait=true "HTTP/1.1 200 OK"
2025-12-12 00:37:32,448 - INFO - PUT http://localhost:9200/_bulk [status:200 duration:0.053s]
2025-12-12 00:37:35,293 - INFO - HTTP Request: PUT http://localhost:6333/collections/law_with_bge_round1/points?wait=true "HTTP/1.1 200 OK"
2025-12-12 00:37:35,322 - INFO - HTTP Request: PUT http://localhost:6333/collections/law_with_e5_emb_not_finetune/points?wait=true "HTTP/1.1 200 OK"
2025-12-12 00:37:35,383 - INFO - PUT http://localhost:9200/_bulk [status:200 duration:0.058s]
2025-12-12 00:37:38,289 - INFO - HTTP Request: PUT http://localhost:6333/collections/law_with_bge_round1/points?wait=true "HTTP/1.1 200 OK"
2025-12-12 00:37:38,317 - INFO - HTTP Request: PUT http://localhost:6333/collections/law_with_e5_emb_not_finetune/points?wait=true "HTTP/1.1 200 OK"
2025-12-12 00:37:38,371 - INFO - PUT http://localhost:9200/_bulk [status:200 duration:0.051s]
2025-12-12 00:37:41,315 - INFO - HTTP Request: PUT http://localhost:6333/collections/law_with_bge_round1/points?wait=true "HTTP/1.1 200 OK"
2025-12-12 00:37:41,341 - INFO - HTTP Request: PUT http://localhost:6333/collections/law_with_e5_emb_not_finetune/points?wait=true "HTTP/1.1 200 OK"
2025-12-12 00:37:41,397 - INFO - PUT http://localhost:9200/_bulk [status:200 duration:0.053s]
2025-12-12 00:37:44,251 - INFO - HTTP Request: PUT http://localhost:6333/collections/law_with_bge_round1/points?wait=true "HTTP/1.1 200 OK"
2025-12-12 00:37:44,275 - INFO - HTTP Request: PUT http://localhost:6333/collections/law_with_e5_emb_not_finetune/points?wait=true "HTTP/1.1 200 OK"
2025-12-12 00:37:44,290 - INFO - PUT http://localhost:9200/_bulk [status:200 duration:0.010s]
2025-12-12 00:37:47,204 - INFO - HTTP Request: PUT http://localhost:6333/collections/law_with_bge_round1/points?wait=true "HTTP/1.1 200 OK"
2025-12-12 00:37:47,230 - INFO - HTTP Request: PUT http://localhost:6333/collections/law_with_e5_emb_not_finetune/points?wait=true "HTTP/1.1 200 OK"
2025-12-12 00:37:47,292 - INFO - PUT http://localhost:9200/_bulk [status:200 duration:0.059s]
2025-12-12 00:37:50,238 - INFO - HTTP Request: PUT http://localhost:6333/collections/law_with_bge_round1/points?wait=true "HTTP/1.1 200 OK"
2025-12-12 00:37:50,264 - INFO - HTTP Request: PUT http://localhost:6333/collections/law_with_e5_emb_not_finetune/points?wait=true "HTTP/1.1 200 OK"
2025-12-12 00:37:50,325 - INFO - PUT http://localhost:9200/_bulk [status:200 duration:0.057s]
2025-12-12 00:37:53,241 - INFO - HTTP Request: PUT http://localhost:6333/collections/law_with_bge_round1/points?wait=true "HTTP/1.1 200 OK"
2025-12-12 00:37:53,266 - INFO - HTTP Request: PUT http://localhost:6333/collections/law_with_e5_emb_not_finetune/points?wait=true "HTTP/1.1 200 OK"
2025-12-12 00:37:53,331 - INFO - PUT http://localhost:9200/_bulk [status:200 duration:0.062s]
2025-12-12 00:37:56,164 - INFO - HTTP Request: PUT http://localhost:6333/collections/law_with_bge_round1/points?wait=true "HTTP/1.1 200 OK"
2025-12-12 00:37:56,192 - INFO - HTTP Request: PUT http://localhost:6333/collections/law_with_e5_emb_not_finetune/points?wait=true "HTTP/1.1 200 OK"
2025-12-12 00:37:56,246 - INFO - PUT http://localhost:9200/_bulk [status:200 duration:0.051s]
2025-12-12 00:37:59,140 - INFO - HTTP Request: PUT http://localhost:6333/collections/law_with_bge_round1/points?wait=true "HTTP/1.1 200 OK"
2025-12-12 00:37:59,166 - INFO - HTTP Request: PUT http://localhost:6333/collections/law_with_e5_emb_not_finetune/points?wait=true "HTTP/1.1 200 OK"
2025-12-12 00:37:59,183 - INFO - PUT http://localhost:9200/_bulk [status:200 duration:0.013s]
2025-12-12 00:38:02,069 - INFO - HTTP Request: PUT http://localhost:6333/collections/law_with_bge_round1/points?wait=true "HTTP/1.1 200 OK"
2025-12-12 00:38:02,095 - INFO - HTTP Request: PUT http://localhost:6333/collections/law_with_e5_emb_not_finetune/points?wait=true "HTTP/1.1 200 OK"
2025-12-12 00:38:02,153 - INFO - PUT http://localhost:9200/_bulk [status:200 duration:0.054s]
2025-12-12 00:38:05,026 - INFO - HTTP Request: PUT http://localhost:6333/collections/law_with_bge_round1/points?wait=true "HTTP/1.1 200 OK"
2025-12-12 00:38:05,065 - INFO - HTTP Request: PUT http://localhost:6333/collections/law_with_e5_emb_not_finetune/points?wait=true "HTTP/1.1 200 OK"
2025-12-12 00:38:05,122 - INFO - PUT http://localhost:9200/_bulk [status:200 duration:0.053s]
2025-12-12 00:38:07,958 - INFO - HTTP Request: PUT http://localhost:6333/collections/law_with_bge_round1/points?wait=true "HTTP/1.1 200 OK"
2025-12-12 00:38:07,988 - INFO - HTTP Request: PUT http://localhost:6333/collections/law_with_e5_emb_not_finetune/points?wait=true "HTTP/1.1 200 OK"
2025-12-12 00:38:08,041 - INFO - PUT http://localhost:9200/_bulk [status:200 duration:0.050s]
2025-12-12 00:38:10,935 - INFO - HTTP Request: PUT http://localhost:6333/collections/law_with_bge_round1/points?wait=true "HTTP/1.1 200 OK"
2025-12-12 00:38:10,961 - INFO - HTTP Request: PUT http://localhost:6333/collections/law_with_e5_emb_not_finetune/points?wait=true "HTTP/1.1 200 OK"
2025-12-12 00:38:11,027 - INFO - PUT http://localhost:9200/_bulk [status:200 duration:0.064s]
2025-12-12 00:38:13,838 - INFO - HTTP Request: PUT http://localhost:6333/collections/law_with_bge_round1/points?wait=true "HTTP/1.1 200 OK"
2025-12-12 00:38:13,863 - INFO - HTTP Request: PUT http://localhost:6333/collections/law_with_e5_emb_not_finetune/points?wait=true "HTTP/1.1 200 OK"
2025-12-12 00:38:13,918 - INFO - PUT http://localhost:9200/_bulk [status:200 duration:0.052s]
2025-12-12 00:38:16,800 - INFO - HTTP Request: PUT http://localhost:6333/collections/law_with_bge_round1/points?wait=true "HTTP/1.1 200 OK"
2025-12-12 00:38:16,826 - INFO - HTTP Request: PUT http://localhost:6333/collections/law_with_e5_emb_not_finetune/points?wait=true "HTTP/1.1 200 OK"
2025-12-12 00:38:16,879 - INFO - PUT http://localhost:9200/_bulk [status:200 duration:0.049s]
2025-12-12 00:38:19,769 - INFO - HTTP Request: PUT http://localhost:6333/collections/law_with_bge_round1/points?wait=true "HTTP/1.1 200 OK"
2025-12-12 00:38:19,806 - INFO - HTTP Request: PUT http://localhost:6333/collections/law_with_e5_emb_not_finetune/points?wait=true "HTTP/1.1 200 OK"
2025-12-12 00:38:19,824 - INFO - PUT http://localhost:9200/_bulk [status:200 duration:0.014s]
2025-12-12 00:38:22,713 - INFO - HTTP Request: PUT http://localhost:6333/collections/law_with_bge_round1/points?wait=true "HTTP/1.1 200 OK"
2025-12-12 00:38:22,739 - INFO - HTTP Request: PUT http://localhost:6333/collections/law_with_e5_emb_not_finetune/points?wait=true "HTTP/1.1 200 OK"
2025-12-12 00:38:22,797 - INFO - PUT http://localhost:9200/_bulk [status:200 duration:0.055s]
2025-12-12 00:38:25,743 - INFO - HTTP Request: PUT http://localhost:6333/collections/law_with_bge_round1/points?wait=true "HTTP/1.1 200 OK"
2025-12-12 00:38:25,769 - INFO - HTTP Request: PUT http://localhost:6333/collections/law_with_e5_emb_not_finetune/points?wait=true "HTTP/1.1 200 OK"
2025-12-12 00:38:25,830 - INFO - PUT http://localhost:9200/_bulk [status:200 duration:0.058s]
2025-12-12 00:38:28,689 - INFO - HTTP Request: PUT http://localhost:6333/collections/law_with_bge_round1/points?wait=true "HTTP/1.1 200 OK"
2025-12-12 00:38:28,714 - INFO - HTTP Request: PUT http://localhost:6333/collections/law_with_e5_emb_not_finetune/points?wait=true "HTTP/1.1 200 OK"
2025-12-12 00:38:28,731 - INFO - PUT http://localhost:9200/_bulk [status:200 duration:0.015s]
2025-12-12 00:38:31,572 - INFO - HTTP Request: PUT http://localhost:6333/collections/law_with_bge_round1/points?wait=true "HTTP/1.1 200 OK"
2025-12-12 00:38:31,616 - INFO - HTTP Request: PUT http://localhost:6333/collections/law_with_e5_emb_not_finetune/points?wait=true "HTTP/1.1 200 OK"
2025-12-12 00:38:31,677 - INFO - PUT http://localhost:9200/_bulk [status:200 duration:0.057s]
2025-12-12 00:38:34,521 - INFO - HTTP Request: PUT http://localhost:6333/collections/law_with_bge_round1/points?wait=true "HTTP/1.1 200 OK"
2025-12-12 00:38:34,545 - INFO - HTTP Request: PUT http://localhost:6333/collections/law_with_e5_emb_not_finetune/points?wait=true "HTTP/1.1 200 OK"
2025-12-12 00:38:34,605 - INFO - PUT http://localhost:9200/_bulk [status:200 duration:0.055s]
2025-12-12 00:38:37,463 - INFO - HTTP Request: PUT http://localhost:6333/collections/law_with_bge_round1/points?wait=true "HTTP/1.1 200 OK"
2025-12-12 00:38:37,527 - INFO - HTTP Request: PUT http://localhost:6333/collections/law_with_e5_emb_not_finetune/points?wait=true "HTTP/1.1 200 OK"
2025-12-12 00:38:37,581 - INFO - PUT http://localhost:9200/_bulk [status:200 duration:0.050s]
2025-12-12 00:38:40,514 - INFO - HTTP Request: PUT http://localhost:6333/collections/law_with_bge_round1/points?wait=true "HTTP/1.1 200 OK"
2025-12-12 00:38:40,541 - INFO - HTTP Request: PUT http://localhost:6333/collections/law_with_e5_emb_not_finetune/points?wait=true "HTTP/1.1 200 OK"
2025-12-12 00:38:40,555 - INFO - PUT http://localhost:9200/_bulk [status:200 duration:0.012s]
2025-12-12 00:38:43,440 - INFO - HTTP Request: PUT http://localhost:6333/collections/law_with_bge_round1/points?wait=true "HTTP/1.1 200 OK"
2025-12-12 00:38:43,476 - INFO - HTTP Request: PUT http://localhost:6333/collections/law_with_e5_emb_not_finetune/points?wait=true "HTTP/1.1 200 OK"
2025-12-12 00:38:43,539 - INFO - PUT http://localhost:9200/_bulk [status:200 duration:0.060s]
2025-12-12 00:38:46,406 - INFO - HTTP Request: PUT http://localhost:6333/collections/law_with_bge_round1/points?wait=true "HTTP/1.1 200 OK"
2025-12-12 00:38:46,437 - INFO - HTTP Request: PUT http://localhost:6333/collections/law_with_e5_emb_not_finetune/points?wait=true "HTTP/1.1 200 OK"
2025-12-12 00:38:46,455 - INFO - PUT http://localhost:9200/_bulk [status:200 duration:0.015s]
2025-12-12 00:38:49,320 - INFO - HTTP Request: PUT http://localhost:6333/collections/law_with_bge_round1/points?wait=true "HTTP/1.1 200 OK"
2025-12-12 00:38:49,345 - INFO - HTTP Request: PUT http://localhost:6333/collections/law_with_e5_emb_not_finetune/points?wait=true "HTTP/1.1 200 OK"
2025-12-12 00:38:49,402 - INFO - PUT http://localhost:9200/_bulk [status:200 duration:0.054s]
2025-12-12 00:38:52,272 - INFO - HTTP Request: PUT http://localhost:6333/collections/law_with_bge_round1/points?wait=true "HTTP/1.1 200 OK"
2025-12-12 00:38:52,299 - INFO - HTTP Request: PUT http://localhost:6333/collections/law_with_e5_emb_not_finetune/points?wait=true "HTTP/1.1 200 OK"
2025-12-12 00:38:52,362 - INFO - PUT http://localhost:9200/_bulk [status:200 duration:0.059s]
2025-12-12 00:38:55,190 - INFO - HTTP Request: PUT http://localhost:6333/collections/law_with_bge_round1/points?wait=true "HTTP/1.1 200 OK"
2025-12-12 00:38:55,218 - INFO - HTTP Request: PUT http://localhost:6333/collections/law_with_e5_emb_not_finetune/points?wait=true "HTTP/1.1 200 OK"
2025-12-12 00:38:55,278 - INFO - PUT http://localhost:9200/_bulk [status:200 duration:0.057s]
2025-12-12 00:38:58,183 - INFO - HTTP Request: PUT http://localhost:6333/collections/law_with_bge_round1/points?wait=true "HTTP/1.1 200 OK"
2025-12-12 00:38:58,210 - INFO - HTTP Request: PUT http://localhost:6333/collections/law_with_e5_emb_not_finetune/points?wait=true "HTTP/1.1 200 OK"
2025-12-12 00:38:58,272 - INFO - PUT http://localhost:9200/_bulk [status:200 duration:0.059s]
2025-12-12 00:39:01,102 - INFO - HTTP Request: PUT http://localhost:6333/collections/law_with_bge_round1/points?wait=true "HTTP/1.1 200 OK"
2025-12-12 00:39:01,129 - INFO - HTTP Request: PUT http://localhost:6333/collections/law_with_e5_emb_not_finetune/points?wait=true "HTTP/1.1 200 OK"
2025-12-12 00:39:01,185 - INFO - PUT http://localhost:9200/_bulk [status:200 duration:0.054s]
2025-12-12 00:39:04,047 - INFO - HTTP Request: PUT http://localhost:6333/collections/law_with_bge_round1/points?wait=true "HTTP/1.1 200 OK"
2025-12-12 00:39:04,120 - INFO - HTTP Request: PUT http://localhost:6333/collections/law_with_e5_emb_not_finetune/points?wait=true "HTTP/1.1 200 OK"
2025-12-12 00:39:04,175 - INFO - PUT http://localhost:9200/_bulk [status:200 duration:0.052s]
2025-12-12 00:39:06,779 - INFO - HTTP Request: PUT http://localhost:6333/collections/law_with_bge_round1/points?wait=true "HTTP/1.1 200 OK"
2025-12-12 00:39:06,839 - INFO - HTTP Request: PUT http://localhost:6333/collections/law_with_e5_emb_not_finetune/points?wait=true "HTTP/1.1 200 OK"
2025-12-12 00:39:06,894 - INFO - PUT http://localhost:9200/_bulk [status:200 duration:0.051s]
2025-12-12 00:39:09,787 - INFO - HTTP Request: PUT http://localhost:6333/collections/law_with_bge_round1/points?wait=true "HTTP/1.1 200 OK"
2025-12-12 00:39:09,814 - INFO - HTTP Request: PUT http://localhost:6333/collections/law_with_e5_emb_not_finetune/points?wait=true "HTTP/1.1 200 OK"
2025-12-12 00:39:09,875 - INFO - PUT http://localhost:9200/_bulk [status:200 duration:0.057s]
2025-12-12 00:39:12,737 - INFO - HTTP Request: PUT http://localhost:6333/collections/law_with_bge_round1/points?wait=true "HTTP/1.1 200 OK"
2025-12-12 00:39:12,765 - INFO - HTTP Request: PUT http://localhost:6333/collections/law_with_e5_emb_not_finetune/points?wait=true "HTTP/1.1 200 OK"
2025-12-12 00:39:12,824 - INFO - PUT http://localhost:9200/_bulk [status:200 duration:0.056s]
2025-12-12 00:39:15,680 - INFO - HTTP Request: PUT http://localhost:6333/collections/law_with_bge_round1/points?wait=true "HTTP/1.1 200 OK"
2025-12-12 00:39:15,719 - INFO - HTTP Request: PUT http://localhost:6333/collections/law_with_e5_emb_not_finetune/points?wait=true "HTTP/1.1 200 OK"
2025-12-12 00:39:15,779 - INFO - PUT http://localhost:9200/_bulk [status:200 duration:0.057s]
2025-12-12 00:39:18,663 - INFO - HTTP Request: PUT http://localhost:6333/collections/law_with_bge_round1/points?wait=true "HTTP/1.1 200 OK"
2025-12-12 00:39:18,710 - INFO - HTTP Request: PUT http://localhost:6333/collections/law_with_e5_emb_not_finetune/points?wait=true "HTTP/1.1 200 OK"
2025-12-12 00:39:18,770 - INFO - PUT http://localhost:9200/_bulk [status:200 duration:0.056s]
2025-12-12 00:39:21,570 - INFO - HTTP Request: PUT http://localhost:6333/collections/law_with_bge_round1/points?wait=true "HTTP/1.1 200 OK"
2025-12-12 00:39:21,595 - INFO - HTTP Request: PUT http://localhost:6333/collections/law_with_e5_emb_not_finetune/points?wait=true "HTTP/1.1 200 OK"
2025-12-12 00:39:21,652 - INFO - PUT http://localhost:9200/_bulk [status:200 duration:0.054s]
2025-12-12 00:39:24,541 - INFO - HTTP Request: PUT http://localhost:6333/collections/law_with_bge_round1/points?wait=true "HTTP/1.1 200 OK"
2025-12-12 00:39:24,566 - INFO - HTTP Request: PUT http://localhost:6333/collections/law_with_e5_emb_not_finetune/points?wait=true "HTTP/1.1 200 OK"
2025-12-12 00:39:24,626 - INFO - PUT http://localhost:9200/_bulk [status:200 duration:0.057s]
2025-12-12 00:39:27,524 - INFO - HTTP Request: PUT http://localhost:6333/collections/law_with_bge_round1/points?wait=true "HTTP/1.1 200 OK"
2025-12-12 00:39:27,548 - INFO - HTTP Request: PUT http://localhost:6333/collections/law_with_e5_emb_not_finetune/points?wait=true "HTTP/1.1 200 OK"
2025-12-12 00:39:27,608 - INFO - PUT http://localhost:9200/_bulk [status:200 duration:0.057s]
2025-12-12 00:39:30,411 - INFO - HTTP Request: PUT http://localhost:6333/collections/law_with_bge_round1/points?wait=true "HTTP/1.1 200 OK"
2025-12-12 00:39:30,453 - INFO - HTTP Request: PUT http://localhost:6333/collections/law_with_e5_emb_not_finetune/points?wait=true "HTTP/1.1 200 OK"
2025-12-12 00:39:30,510 - INFO - PUT http://localhost:9200/_bulk [status:200 duration:0.053s]
2025-12-12 00:39:33,285 - INFO - HTTP Request: PUT http://localhost:6333/collections/law_with_bge_round1/points?wait=true "HTTP/1.1 200 OK"
2025-12-12 00:39:33,341 - INFO - HTTP Request: PUT http://localhost:6333/collections/law_with_e5_emb_not_finetune/points?wait=true "HTTP/1.1 200 OK"
2025-12-12 00:39:33,403 - INFO - PUT http://localhost:9200/_bulk [status:200 duration:0.058s]
2025-12-12 00:39:36,342 - INFO - HTTP Request: PUT http://localhost:6333/collections/law_with_bge_round1/points?wait=true "HTTP/1.1 200 OK"
2025-12-12 00:39:36,391 - INFO - HTTP Request: PUT http://localhost:6333/collections/law_with_e5_emb_not_finetune/points?wait=true "HTTP/1.1 200 OK"
2025-12-12 00:39:36,445 - INFO - PUT http://localhost:9200/_bulk [status:200 duration:0.051s]
2025-12-12 00:39:38,364 - INFO - HTTP Request: PUT http://localhost:6333/collections/law_with_bge_round1/points?wait=true "HTTP/1.1 200 OK"
2025-12-12 00:39:38,399 - INFO - HTTP Request: PUT http://localhost:6333/collections/law_with_e5_emb_not_finetune/points?wait=true "HTTP/1.1 200 OK"
2025-12-12 00:39:38,458 - INFO - PUT http://localhost:9200/_bulk [status:200 duration:0.055s]
2025-12-12 00:39:41,313 - INFO - HTTP Request: PUT http://localhost:6333/collections/law_with_bge_round1/points?wait=true "HTTP/1.1 200 OK"
2025-12-12 00:39:41,341 - INFO - HTTP Request: PUT http://localhost:6333/collections/law_with_e5_emb_not_finetune/points?wait=true "HTTP/1.1 200 OK"
2025-12-12 00:39:41,396 - INFO - PUT http://localhost:9200/_bulk [status:200 duration:0.052s]
2025-12-12 00:39:44,300 - INFO - HTTP Request: PUT http://localhost:6333/collections/law_with_bge_round1/points?wait=true "HTTP/1.1 200 OK"
2025-12-12 00:39:44,326 - INFO - HTTP Request: PUT http://localhost:6333/collections/law_with_e5_emb_not_finetune/points?wait=true "HTTP/1.1 200 OK"
2025-12-12 00:39:44,389 - INFO - PUT http://localhost:9200/_bulk [status:200 duration:0.059s]
2025-12-12 00:39:47,243 - INFO - HTTP Request: PUT http://localhost:6333/collections/law_with_bge_round1/points?wait=true "HTTP/1.1 200 OK"
2025-12-12 00:39:47,269 - INFO - HTTP Request: PUT http://localhost:6333/collections/law_with_e5_emb_not_finetune/points?wait=true "HTTP/1.1 200 OK"
2025-12-12 00:39:47,284 - INFO - PUT http://localhost:9200/_bulk [status:200 duration:0.012s]
2025-12-12 00:39:50,138 - INFO - HTTP Request: PUT http://localhost:6333/collections/law_with_bge_round1/points?wait=true "HTTP/1.1 200 OK"
2025-12-12 00:39:50,201 - INFO - HTTP Request: PUT http://localhost:6333/collections/law_with_e5_emb_not_finetune/points?wait=true "HTTP/1.1 200 OK"
2025-12-12 00:39:50,262 - INFO - PUT http://localhost:9200/_bulk [status:200 duration:0.058s]
2025-12-12 00:39:52,241 - INFO - HTTP Request: PUT http://localhost:6333/collections/law_with_bge_round1/points?wait=true "HTTP/1.1 200 OK"
2025-12-12 00:39:52,300 - INFO - HTTP Request: PUT http://localhost:6333/collections/law_with_e5_emb_not_finetune/points?wait=true "HTTP/1.1 200 OK"
2025-12-12 00:39:52,361 - INFO - PUT http://localhost:9200/_bulk [status:200 duration:0.057s]
2025-12-12 00:39:55,239 - INFO - HTTP Request: PUT http://localhost:6333/collections/law_with_bge_round1/points?wait=true "HTTP/1.1 200 OK"
2025-12-12 00:39:55,267 - INFO - HTTP Request: PUT http://localhost:6333/collections/law_with_e5_emb_not_finetune/points?wait=true "HTTP/1.1 200 OK"
2025-12-12 00:39:55,288 - INFO - PUT http://localhost:9200/_bulk [status:200 duration:0.017s]
2025-12-12 00:39:58,243 - INFO - HTTP Request: PUT http://localhost:6333/collections/law_with_bge_round1/points?wait=true "HTTP/1.1 200 OK"
2025-12-12 00:39:58,268 - INFO - HTTP Request: PUT http://localhost:6333/collections/law_with_e5_emb_not_finetune/points?wait=true "HTTP/1.1 200 OK"
2025-12-12 00:39:58,328 - INFO - PUT http://localhost:9200/_bulk [status:200 duration:0.057s]
2025-12-12 00:40:01,201 - INFO - HTTP Request: PUT http://localhost:6333/collections/law_with_bge_round1/points?wait=true "HTTP/1.1 200 OK"
2025-12-12 00:40:01,264 - INFO - HTTP Request: PUT http://localhost:6333/collections/law_with_e5_emb_not_finetune/points?wait=true "HTTP/1.1 200 OK"
2025-12-12 00:40:01,323 - INFO - PUT http://localhost:9200/_bulk [status:200 duration:0.055s]
2025-12-12 00:40:04,115 - INFO - HTTP Request: PUT http://localhost:6333/collections/law_with_bge_round1/points?wait=true "HTTP/1.1 200 OK"
2025-12-12 00:40:04,141 - INFO - HTTP Request: PUT http://localhost:6333/collections/law_with_e5_emb_not_finetune/points?wait=true "HTTP/1.1 200 OK"
2025-12-12 00:40:04,156 - INFO - PUT http://localhost:9200/_bulk [status:200 duration:0.012s]
2025-12-12 00:40:07,125 - INFO - HTTP Request: PUT http://localhost:6333/collections/law_with_bge_round1/points?wait=true "HTTP/1.1 200 OK"
2025-12-12 00:40:07,150 - INFO - HTTP Request: PUT http://localhost:6333/collections/law_with_e5_emb_not_finetune/points?wait=true "HTTP/1.1 200 OK"
2025-12-12 00:40:07,211 - INFO - PUT http://localhost:9200/_bulk [status:200 duration:0.059s]
2025-12-12 00:40:10,224 - INFO - HTTP Request: PUT http://localhost:6333/collections/law_with_bge_round1/points?wait=true "HTTP/1.1 200 OK"
2025-12-12 00:40:10,250 - INFO - HTTP Request: PUT http://localhost:6333/collections/law_with_e5_emb_not_finetune/points?wait=true "HTTP/1.1 200 OK"
2025-12-12 00:40:10,309 - INFO - PUT http://localhost:9200/_bulk [status:200 duration:0.056s]
2025-12-12 00:40:13,168 - INFO - HTTP Request: PUT http://localhost:6333/collections/law_with_bge_round1/points?wait=true "HTTP/1.1 200 OK"
2025-12-12 00:40:13,203 - INFO - HTTP Request: PUT http://localhost:6333/collections/law_with_e5_emb_not_finetune/points?wait=true "HTTP/1.1 200 OK"
2025-12-12 00:40:13,268 - INFO - PUT http://localhost:9200/_bulk [status:200 duration:0.063s]
2025-12-12 00:40:16,121 - INFO - HTTP Request: PUT http://localhost:6333/collections/law_with_bge_round1/points?wait=true "HTTP/1.1 200 OK"
2025-12-12 00:40:16,160 - INFO - HTTP Request: PUT http://localhost:6333/collections/law_with_e5_emb_not_finetune/points?wait=true "HTTP/1.1 200 OK"
2025-12-12 00:40:16,213 - INFO - PUT http://localhost:9200/_bulk [status:200 duration:0.050s]
2025-12-12 00:40:19,101 - INFO - HTTP Request: PUT http://localhost:6333/collections/law_with_bge_round1/points?wait=true "HTTP/1.1 200 OK"
2025-12-12 00:40:19,128 - INFO - HTTP Request: PUT http://localhost:6333/collections/law_with_e5_emb_not_finetune/points?wait=true "HTTP/1.1 200 OK"
2025-12-12 00:40:19,184 - INFO - PUT http://localhost:9200/_bulk [status:200 duration:0.054s]
2025-12-12 00:40:22,185 - INFO - HTTP Request: PUT http://localhost:6333/collections/law_with_bge_round1/points?wait=true "HTTP/1.1 200 OK"
2025-12-12 00:40:22,249 - INFO - HTTP Request: PUT http://localhost:6333/collections/law_with_e5_emb_not_finetune/points?wait=true "HTTP/1.1 200 OK"
2025-12-12 00:40:22,268 - INFO - PUT http://localhost:9200/_bulk [status:200 duration:0.015s]
2025-12-12 00:40:25,228 - INFO - HTTP Request: PUT http://localhost:6333/collections/law_with_bge_round1/points?wait=true "HTTP/1.1 200 OK"
2025-12-12 00:40:25,253 - INFO - HTTP Request: PUT http://localhost:6333/collections/law_with_e5_emb_not_finetune/points?wait=true "HTTP/1.1 200 OK"
2025-12-12 00:40:25,309 - INFO - PUT http://localhost:9200/_bulk [status:200 duration:0.052s]
2025-12-12 00:40:28,118 - INFO - HTTP Request: PUT http://localhost:6333/collections/law_with_bge_round1/points?wait=true "HTTP/1.1 200 OK"
2025-12-12 00:40:28,143 - INFO - HTTP Request: PUT http://localhost:6333/collections/law_with_e5_emb_not_finetune/points?wait=true "HTTP/1.1 200 OK"
2025-12-12 00:40:28,158 - INFO - PUT http://localhost:9200/_bulk [status:200 duration:0.011s]
2025-12-12 00:40:31,091 - INFO - HTTP Request: PUT http://localhost:6333/collections/law_with_bge_round1/points?wait=true "HTTP/1.1 200 OK"
2025-12-12 00:40:31,154 - INFO - HTTP Request: PUT http://localhost:6333/collections/law_with_e5_emb_not_finetune/points?wait=true "HTTP/1.1 200 OK"
2025-12-12 00:40:31,174 - INFO - PUT http://localhost:9200/_bulk [status:200 duration:0.016s]
2025-12-12 00:40:34,159 - INFO - HTTP Request: PUT http://localhost:6333/collections/law_with_bge_round1/points?wait=true "HTTP/1.1 200 OK"
2025-12-12 00:40:34,200 - INFO - HTTP Request: PUT http://localhost:6333/collections/law_with_e5_emb_not_finetune/points?wait=true "HTTP/1.1 200 OK"
2025-12-12 00:40:34,222 - INFO - PUT http://localhost:9200/_bulk [status:200 duration:0.018s]
2025-12-12 00:40:37,225 - INFO - HTTP Request: PUT http://localhost:6333/collections/law_with_bge_round1/points?wait=true "HTTP/1.1 200 OK"
2025-12-12 00:40:37,251 - INFO - HTTP Request: PUT http://localhost:6333/collections/law_with_e5_emb_not_finetune/points?wait=true "HTTP/1.1 200 OK"
2025-12-12 00:40:37,307 - INFO - PUT http://localhost:9200/_bulk [status:200 duration:0.053s]
2025-12-12 00:40:40,062 - INFO - HTTP Request: PUT http://localhost:6333/collections/law_with_bge_round1/points?wait=true "HTTP/1.1 200 OK"
2025-12-12 00:40:40,092 - INFO - HTTP Request: PUT http://localhost:6333/collections/law_with_e5_emb_not_finetune/points?wait=true "HTTP/1.1 200 OK"
2025-12-12 00:40:40,156 - INFO - PUT http://localhost:9200/_bulk [status:200 duration:0.061s]
2025-12-12 00:40:43,112 - INFO - HTTP Request: PUT http://localhost:6333/collections/law_with_bge_round1/points?wait=true "HTTP/1.1 200 OK"
2025-12-12 00:40:43,138 - INFO - HTTP Request: PUT http://localhost:6333/collections/law_with_e5_emb_not_finetune/points?wait=true "HTTP/1.1 200 OK"
2025-12-12 00:40:43,197 - INFO - PUT http://localhost:9200/_bulk [status:200 duration:0.056s]
2025-12-12 00:40:46,030 - INFO - HTTP Request: PUT http://localhost:6333/collections/law_with_bge_round1/points?wait=true "HTTP/1.1 200 OK"
2025-12-12 00:40:46,054 - INFO - HTTP Request: PUT http://localhost:6333/collections/law_with_e5_emb_not_finetune/points?wait=true "HTTP/1.1 200 OK"
2025-12-12 00:40:46,072 - INFO - PUT http://localhost:9200/_bulk [status:200 duration:0.015s]
2025-12-12 00:40:49,002 - INFO - HTTP Request: PUT http://localhost:6333/collections/law_with_bge_round1/points?wait=true "HTTP/1.1 200 OK"
2025-12-12 00:40:49,027 - INFO - HTTP Request: PUT http://localhost:6333/collections/law_with_e5_emb_not_finetune/points?wait=true "HTTP/1.1 200 OK"
2025-12-12 00:40:49,083 - INFO - PUT http://localhost:9200/_bulk [status:200 duration:0.053s]
2025-12-12 00:40:51,969 - INFO - HTTP Request: PUT http://localhost:6333/collections/law_with_bge_round1/points?wait=true "HTTP/1.1 200 OK"
2025-12-12 00:40:51,994 - INFO - HTTP Request: PUT http://localhost:6333/collections/law_with_e5_emb_not_finetune/points?wait=true "HTTP/1.1 200 OK"
2025-12-12 00:40:52,057 - INFO - PUT http://localhost:9200/_bulk [status:200 duration:0.060s]
2025-12-12 00:40:54,930 - INFO - HTTP Request: PUT http://localhost:6333/collections/law_with_bge_round1/points?wait=true "HTTP/1.1 200 OK"
2025-12-12 00:40:54,958 - INFO - HTTP Request: PUT http://localhost:6333/collections/law_with_e5_emb_not_finetune/points?wait=true "HTTP/1.1 200 OK"
2025-12-12 00:40:55,019 - INFO - PUT http://localhost:9200/_bulk [status:200 duration:0.058s]
2025-12-12 00:40:57,391 - INFO - HTTP Request: PUT http://localhost:6333/collections/law_with_bge_round1/points?wait=true "HTTP/1.1 200 OK"
2025-12-12 00:40:57,419 - INFO - HTTP Request: PUT http://localhost:6333/collections/law_with_e5_emb_not_finetune/points?wait=true "HTTP/1.1 200 OK"
2025-12-12 00:40:57,480 - INFO - PUT http://localhost:9200/_bulk [status:200 duration:0.057s]
2025-12-12 00:40:59,467 - INFO - HTTP Request: PUT http://localhost:6333/collections/law_with_bge_round1/points?wait=true "HTTP/1.1 200 OK"
2025-12-12 00:40:59,493 - INFO - HTTP Request: PUT http://localhost:6333/collections/law_with_e5_emb_not_finetune/points?wait=true "HTTP/1.1 200 OK"
2025-12-12 00:40:59,551 - INFO - PUT http://localhost:9200/_bulk [status:200 duration:0.055s]
2025-12-12 00:41:02,329 - INFO - HTTP Request: PUT http://localhost:6333/collections/law_with_bge_round1/points?wait=true "HTTP/1.1 200 OK"
2025-12-12 00:41:02,356 - INFO - HTTP Request: PUT http://localhost:6333/collections/law_with_e5_emb_not_finetune/points?wait=true "HTTP/1.1 200 OK"
2025-12-12 00:41:02,416 - INFO - PUT http://localhost:9200/_bulk [status:200 duration:0.057s]
2025-12-12 00:41:05,245 - INFO - HTTP Request: PUT http://localhost:6333/collections/law_with_bge_round1/points?wait=true "HTTP/1.1 200 OK"
2025-12-12 00:41:05,272 - INFO - HTTP Request: PUT http://localhost:6333/collections/law_with_e5_emb_not_finetune/points?wait=true "HTTP/1.1 200 OK"
2025-12-12 00:41:05,335 - INFO - PUT http://localhost:9200/_bulk [status:200 duration:0.060s]
2025-12-12 00:41:08,232 - INFO - HTTP Request: PUT http://localhost:6333/collections/law_with_bge_round1/points?wait=true "HTTP/1.1 200 OK"
2025-12-12 00:41:08,263 - INFO - HTTP Request: PUT http://localhost:6333/collections/law_with_e5_emb_not_finetune/points?wait=true "HTTP/1.1 200 OK"
2025-12-12 00:41:08,321 - INFO - PUT http://localhost:9200/_bulk [status:200 duration:0.054s]
2025-12-12 00:41:11,221 - INFO - HTTP Request: PUT http://localhost:6333/collections/law_with_bge_round1/points?wait=true "HTTP/1.1 200 OK"
2025-12-12 00:41:11,249 - INFO - HTTP Request: PUT http://localhost:6333/collections/law_with_e5_emb_not_finetune/points?wait=true "HTTP/1.1 200 OK"
2025-12-12 00:41:11,269 - INFO - PUT http://localhost:9200/_bulk [status:200 duration:0.016s]
2025-12-12 00:41:14,142 - INFO - HTTP Request: PUT http://localhost:6333/collections/law_with_bge_round1/points?wait=true "HTTP/1.1 200 OK"
2025-12-12 00:41:14,168 - INFO - HTTP Request: PUT http://localhost:6333/collections/law_with_e5_emb_not_finetune/points?wait=true "HTTP/1.1 200 OK"
2025-12-12 00:41:14,226 - INFO - PUT http://localhost:9200/_bulk [status:200 duration:0.055s]
2025-12-12 00:41:17,148 - INFO - HTTP Request: PUT http://localhost:6333/collections/law_with_bge_round1/points?wait=true "HTTP/1.1 200 OK"
2025-12-12 00:41:17,178 - INFO - HTTP Request: PUT http://localhost:6333/collections/law_with_e5_emb_not_finetune/points?wait=true "HTTP/1.1 200 OK"
2025-12-12 00:41:17,241 - INFO - PUT http://localhost:9200/_bulk [status:200 duration:0.060s]
2025-12-12 00:41:20,089 - INFO - HTTP Request: PUT http://localhost:6333/collections/law_with_bge_round1/points?wait=true "HTTP/1.1 200 OK"
2025-12-12 00:41:20,118 - INFO - HTTP Request: PUT http://localhost:6333/collections/law_with_e5_emb_not_finetune/points?wait=true "HTTP/1.1 200 OK"
2025-12-12 00:41:20,184 - INFO - PUT http://localhost:9200/_bulk [status:200 duration:0.064s]
2025-12-12 00:41:23,055 - INFO - HTTP Request: PUT http://localhost:6333/collections/law_with_bge_round1/points?wait=true "HTTP/1.1 200 OK"
2025-12-12 00:41:23,081 - INFO - HTTP Request: PUT http://localhost:6333/collections/law_with_e5_emb_not_finetune/points?wait=true "HTTP/1.1 200 OK"
2025-12-12 00:41:23,135 - INFO - PUT http://localhost:9200/_bulk [status:200 duration:0.051s]
2025-12-12 00:41:26,034 - INFO - HTTP Request: PUT http://localhost:6333/collections/law_with_bge_round1/points?wait=true "HTTP/1.1 200 OK"
2025-12-12 00:41:26,059 - INFO - HTTP Request: PUT http://localhost:6333/collections/law_with_e5_emb_not_finetune/points?wait=true "HTTP/1.1 200 OK"
2025-12-12 00:41:26,118 - INFO - PUT http://localhost:9200/_bulk [status:200 duration:0.054s]
2025-12-12 00:41:28,989 - INFO - HTTP Request: PUT http://localhost:6333/collections/law_with_bge_round1/points?wait=true "HTTP/1.1 200 OK"
2025-12-12 00:41:29,039 - INFO - HTTP Request: PUT http://localhost:6333/collections/law_with_e5_emb_not_finetune/points?wait=true "HTTP/1.1 200 OK"
2025-12-12 00:41:29,099 - INFO - PUT http://localhost:9200/_bulk [status:200 duration:0.057s]
2025-12-12 00:41:31,921 - INFO - HTTP Request: PUT http://localhost:6333/collections/law_with_bge_round1/points?wait=true "HTTP/1.1 200 OK"
2025-12-12 00:41:31,949 - INFO - HTTP Request: PUT http://localhost:6333/collections/law_with_e5_emb_not_finetune/points?wait=true "HTTP/1.1 200 OK"
2025-12-12 00:41:31,968 - INFO - PUT http://localhost:9200/_bulk [status:200 duration:0.017s]
2025-12-12 00:41:34,845 - INFO - HTTP Request: PUT http://localhost:6333/collections/law_with_bge_round1/points?wait=true "HTTP/1.1 200 OK"
2025-12-12 00:41:34,896 - INFO - HTTP Request: PUT http://localhost:6333/collections/law_with_e5_emb_not_finetune/points?wait=true "HTTP/1.1 200 OK"
2025-12-12 00:41:34,960 - INFO - PUT http://localhost:9200/_bulk [status:200 duration:0.061s]
2025-12-12 00:41:37,870 - INFO - HTTP Request: PUT http://localhost:6333/collections/law_with_bge_round1/points?wait=true "HTTP/1.1 200 OK"
2025-12-12 00:41:37,898 - INFO - HTTP Request: PUT http://localhost:6333/collections/law_with_e5_emb_not_finetune/points?wait=true "HTTP/1.1 200 OK"
2025-12-12 00:41:37,962 - INFO - PUT http://localhost:9200/_bulk [status:200 duration:0.061s]
2025-12-12 00:41:40,862 - INFO - HTTP Request: PUT http://localhost:6333/collections/law_with_bge_round1/points?wait=true "HTTP/1.1 200 OK"
2025-12-12 00:41:40,907 - INFO - HTTP Request: PUT http://localhost:6333/collections/law_with_e5_emb_not_finetune/points?wait=true "HTTP/1.1 200 OK"
2025-12-12 00:41:40,966 - INFO - PUT http://localhost:9200/_bulk [status:200 duration:0.056s]
2025-12-12 00:41:43,822 - INFO - HTTP Request: PUT http://localhost:6333/collections/law_with_bge_round1/points?wait=true "HTTP/1.1 200 OK"
2025-12-12 00:41:43,851 - INFO - HTTP Request: PUT http://localhost:6333/collections/law_with_e5_emb_not_finetune/points?wait=true "HTTP/1.1 200 OK"
2025-12-12 00:41:43,910 - INFO - PUT http://localhost:9200/_bulk [status:200 duration:0.056s]
2025-12-12 00:41:46,797 - INFO - HTTP Request: PUT http://localhost:6333/collections/law_with_bge_round1/points?wait=true "HTTP/1.1 200 OK"
2025-12-12 00:41:46,824 - INFO - HTTP Request: PUT http://localhost:6333/collections/law_with_e5_emb_not_finetune/points?wait=true "HTTP/1.1 200 OK"
2025-12-12 00:41:46,850 - INFO - PUT http://localhost:9200/_bulk [status:200 duration:0.022s]
2025-12-12 00:41:49,786 - INFO - HTTP Request: PUT http://localhost:6333/collections/law_with_bge_round1/points?wait=true "HTTP/1.1 200 OK"
2025-12-12 00:41:49,813 - INFO - HTTP Request: PUT http://localhost:6333/collections/law_with_e5_emb_not_finetune/points?wait=true "HTTP/1.1 200 OK"
2025-12-12 00:41:49,872 - INFO - PUT http://localhost:9200/_bulk [status:200 duration:0.056s]
2025-12-12 00:41:52,805 - INFO - HTTP Request: PUT http://localhost:6333/collections/law_with_bge_round1/points?wait=true "HTTP/1.1 200 OK"
2025-12-12 00:41:52,835 - INFO - HTTP Request: PUT http://localhost:6333/collections/law_with_e5_emb_not_finetune/points?wait=true "HTTP/1.1 200 OK"
2025-12-12 00:41:52,859 - INFO - PUT http://localhost:9200/_bulk [status:200 duration:0.020s]
2025-12-12 00:41:55,619 - INFO - HTTP Request: PUT http://localhost:6333/collections/law_with_bge_round1/points?wait=true "HTTP/1.1 200 OK"
2025-12-12 00:41:55,673 - INFO - HTTP Request: PUT http://localhost:6333/collections/law_with_e5_emb_not_finetune/points?wait=true "HTTP/1.1 200 OK"
2025-12-12 00:41:55,697 - INFO - PUT http://localhost:9200/_bulk [status:200 duration:0.020s]
2025-12-12 00:41:58,513 - INFO - HTTP Request: PUT http://localhost:6333/collections/law_with_bge_round1/points?wait=true "HTTP/1.1 200 OK"
2025-12-12 00:41:58,547 - INFO - HTTP Request: PUT http://localhost:6333/collections/law_with_e5_emb_not_finetune/points?wait=true "HTTP/1.1 200 OK"
2025-12-12 00:41:58,628 - INFO - PUT http://localhost:9200/_bulk [status:200 duration:0.078s]
2025-12-12 00:42:00,565 - INFO - HTTP Request: PUT http://localhost:6333/collections/law_with_bge_round1/points?wait=true "HTTP/1.1 200 OK"
2025-12-12 00:42:00,589 - INFO - HTTP Request: PUT http://localhost:6333/collections/law_with_e5_emb_not_finetune/points?wait=true "HTTP/1.1 200 OK"
2025-12-12 00:42:00,647 - INFO - PUT http://localhost:9200/_bulk [status:200 duration:0.055s]
2025-12-12 00:42:03,483 - INFO - HTTP Request: PUT http://localhost:6333/collections/law_with_bge_round1/points?wait=true "HTTP/1.1 200 OK"
2025-12-12 00:42:03,509 - INFO - HTTP Request: PUT http://localhost:6333/collections/law_with_e5_emb_not_finetune/points?wait=true "HTTP/1.1 200 OK"
2025-12-12 00:42:03,569 - INFO - PUT http://localhost:9200/_bulk [status:200 duration:0.058s]
2025-12-12 00:42:06,482 - INFO - HTTP Request: PUT http://localhost:6333/collections/law_with_bge_round1/points?wait=true "HTTP/1.1 200 OK"
2025-12-12 00:42:06,519 - INFO - HTTP Request: PUT http://localhost:6333/collections/law_with_e5_emb_not_finetune/points?wait=true "HTTP/1.1 200 OK"
2025-12-12 00:42:06,676 - INFO - PUT http://localhost:9200/_bulk [status:200 duration:0.154s]
2025-12-12 00:42:09,514 - INFO - HTTP Request: PUT http://localhost:6333/collections/law_with_bge_round1/points?wait=true "HTTP/1.1 200 OK"
2025-12-12 00:42:09,539 - INFO - HTTP Request: PUT http://localhost:6333/collections/law_with_e5_emb_not_finetune/points?wait=true "HTTP/1.1 200 OK"
2025-12-12 00:42:09,552 - INFO - PUT http://localhost:9200/_bulk [status:200 duration:0.010s]
2025-12-12 00:42:12,391 - INFO - HTTP Request: PUT http://localhost:6333/collections/law_with_bge_round1/points?wait=true "HTTP/1.1 200 OK"
2025-12-12 00:42:12,419 - INFO - HTTP Request: PUT http://localhost:6333/collections/law_with_e5_emb_not_finetune/points?wait=true "HTTP/1.1 200 OK"
2025-12-12 00:42:12,474 - INFO - PUT http://localhost:9200/_bulk [status:200 duration:0.053s]
2025-12-12 00:42:15,380 - INFO - HTTP Request: PUT http://localhost:6333/collections/law_with_bge_round1/points?wait=true "HTTP/1.1 200 OK"
2025-12-12 00:42:15,424 - INFO - HTTP Request: PUT http://localhost:6333/collections/law_with_e5_emb_not_finetune/points?wait=true "HTTP/1.1 200 OK"
2025-12-12 00:42:15,478 - INFO - PUT http://localhost:9200/_bulk [status:200 duration:0.051s]
2025-12-12 00:42:18,375 - INFO - HTTP Request: PUT http://localhost:6333/collections/law_with_bge_round1/points?wait=true "HTTP/1.1 200 OK"
2025-12-12 00:42:18,401 - INFO - HTTP Request: PUT http://localhost:6333/collections/law_with_e5_emb_not_finetune/points?wait=true "HTTP/1.1 200 OK"
2025-12-12 00:42:18,458 - INFO - PUT http://localhost:9200/_bulk [status:200 duration:0.055s]
2025-12-12 00:42:20,209 - INFO - HTTP Request: PUT http://localhost:6333/collections/law_with_bge_round1/points?wait=true "HTTP/1.1 200 OK"
2025-12-12 00:42:20,238 - INFO - HTTP Request: PUT http://localhost:6333/collections/law_with_e5_emb_not_finetune/points?wait=true "HTTP/1.1 200 OK"
2025-12-12 00:42:20,290 - INFO - PUT http://localhost:9200/_bulk [status:200 duration:0.050s]
2025-12-12 00:42:23,144 - INFO - HTTP Request: PUT http://localhost:6333/collections/law_with_bge_round1/points?wait=true "HTTP/1.1 200 OK"
2025-12-12 00:42:23,169 - INFO - HTTP Request: PUT http://localhost:6333/collections/law_with_e5_emb_not_finetune/points?wait=true "HTTP/1.1 200 OK"
2025-12-12 00:42:23,231 - INFO - PUT http://localhost:9200/_bulk [status:200 duration:0.058s]
2025-12-12 00:42:26,073 - INFO - HTTP Request: PUT http://localhost:6333/collections/law_with_bge_round1/points?wait=true "HTTP/1.1 200 OK"
2025-12-12 00:42:26,102 - INFO - HTTP Request: PUT http://localhost:6333/collections/law_with_e5_emb_not_finetune/points?wait=true "HTTP/1.1 200 OK"
2025-12-12 00:42:26,122 - INFO - PUT http://localhost:9200/_bulk [status:200 duration:0.016s]
2025-12-12 00:42:28,989 - INFO - HTTP Request: PUT http://localhost:6333/collections/law_with_bge_round1/points?wait=true "HTTP/1.1 200 OK"
2025-12-12 00:42:29,036 - INFO - HTTP Request: PUT http://localhost:6333/collections/law_with_e5_emb_not_finetune/points?wait=true "HTTP/1.1 200 OK"
2025-12-12 00:42:29,061 - INFO - PUT http://localhost:9200/_bulk [status:200 duration:0.021s]
2025-12-12 00:42:32,008 - INFO - HTTP Request: PUT http://localhost:6333/collections/law_with_bge_round1/points?wait=true "HTTP/1.1 200 OK"
2025-12-12 00:42:32,033 - INFO - HTTP Request: PUT http://localhost:6333/collections/law_with_e5_emb_not_finetune/points?wait=true "HTTP/1.1 200 OK"
2025-12-12 00:42:32,049 - INFO - PUT http://localhost:9200/_bulk [status:200 duration:0.012s]
2025-12-12 00:42:34,880 - INFO - HTTP Request: PUT http://localhost:6333/collections/law_with_bge_round1/points?wait=true "HTTP/1.1 200 OK"
2025-12-12 00:42:34,924 - INFO - HTTP Request: PUT http://localhost:6333/collections/law_with_e5_emb_not_finetune/points?wait=true "HTTP/1.1 200 OK"
2025-12-12 00:42:34,940 - INFO - PUT http://localhost:9200/_bulk [status:200 duration:0.013s]
2025-12-12 00:42:37,719 - INFO - HTTP Request: PUT http://localhost:6333/collections/law_with_bge_round1/points?wait=true "HTTP/1.1 200 OK"
2025-12-12 00:42:37,747 - INFO - HTTP Request: PUT http://localhost:6333/collections/law_with_e5_emb_not_finetune/points?wait=true "HTTP/1.1 200 OK"
2025-12-12 00:42:37,809 - INFO - PUT http://localhost:9200/_bulk [status:200 duration:0.059s]
2025-12-12 00:42:40,687 - INFO - HTTP Request: PUT http://localhost:6333/collections/law_with_bge_round1/points?wait=true "HTTP/1.1 200 OK"
2025-12-12 00:42:40,784 - INFO - HTTP Request: PUT http://localhost:6333/collections/law_with_e5_emb_not_finetune/points?wait=true "HTTP/1.1 200 OK"
2025-12-12 00:42:40,801 - INFO - PUT http://localhost:9200/_bulk [status:200 duration:0.014s]
2025-12-12 00:42:43,604 - INFO - HTTP Request: PUT http://localhost:6333/collections/law_with_bge_round1/points?wait=true "HTTP/1.1 200 OK"
2025-12-12 00:42:43,645 - INFO - HTTP Request: PUT http://localhost:6333/collections/law_with_e5_emb_not_finetune/points?wait=true "HTTP/1.1 200 OK"
2025-12-12 00:42:43,705 - INFO - PUT http://localhost:9200/_bulk [status:200 duration:0.055s]
2025-12-12 00:42:46,624 - INFO - HTTP Request: PUT http://localhost:6333/collections/law_with_bge_round1/points?wait=true "HTTP/1.1 200 OK"
2025-12-12 00:42:46,659 - INFO - HTTP Request: PUT http://localhost:6333/collections/law_with_e5_emb_not_finetune/points?wait=true "HTTP/1.1 200 OK"
2025-12-12 00:42:46,725 - INFO - PUT http://localhost:9200/_bulk [status:200 duration:0.064s]
2025-12-12 00:42:49,677 - INFO - HTTP Request: PUT http://localhost:6333/collections/law_with_bge_round1/points?wait=true "HTTP/1.1 200 OK"
2025-12-12 00:42:49,728 - INFO - HTTP Request: PUT http://localhost:6333/collections/law_with_e5_emb_not_finetune/points?wait=true "HTTP/1.1 200 OK"
2025-12-12 00:42:49,745 - INFO - PUT http://localhost:9200/_bulk [status:200 duration:0.014s]
2025-12-12 00:42:52,628 - INFO - HTTP Request: PUT http://localhost:6333/collections/law_with_bge_round1/points?wait=true "HTTP/1.1 200 OK"
2025-12-12 00:42:52,655 - INFO - HTTP Request: PUT http://localhost:6333/collections/law_with_e5_emb_not_finetune/points?wait=true "HTTP/1.1 200 OK"
2025-12-12 00:42:52,713 - INFO - PUT http://localhost:9200/_bulk [status:200 duration:0.055s]
2025-12-12 00:42:55,583 - INFO - HTTP Request: PUT http://localhost:6333/collections/law_with_bge_round1/points?wait=true "HTTP/1.1 200 OK"
2025-12-12 00:42:55,610 - INFO - HTTP Request: PUT http://localhost:6333/collections/law_with_e5_emb_not_finetune/points?wait=true "HTTP/1.1 200 OK"
2025-12-12 00:42:55,671 - INFO - PUT http://localhost:9200/_bulk [status:200 duration:0.059s]
2025-12-12 00:42:58,530 - INFO - HTTP Request: PUT http://localhost:6333/collections/law_with_bge_round1/points?wait=true "HTTP/1.1 200 OK"
2025-12-12 00:42:58,556 - INFO - HTTP Request: PUT http://localhost:6333/collections/law_with_e5_emb_not_finetune/points?wait=true "HTTP/1.1 200 OK"
2025-12-12 00:42:58,617 - INFO - PUT http://localhost:9200/_bulk [status:200 duration:0.058s]
2025-12-12 00:43:01,442 - INFO - HTTP Request: PUT http://localhost:6333/collections/law_with_bge_round1/points?wait=true "HTTP/1.1 200 OK"
2025-12-12 00:43:01,465 - INFO - HTTP Request: PUT http://localhost:6333/collections/law_with_e5_emb_not_finetune/points?wait=true "HTTP/1.1 200 OK"
2025-12-12 00:43:01,522 - INFO - PUT http://localhost:9200/_bulk [status:200 duration:0.054s]
2025-12-12 00:43:04,331 - INFO - HTTP Request: PUT http://localhost:6333/collections/law_with_bge_round1/points?wait=true "HTTP/1.1 200 OK"
2025-12-12 00:43:04,355 - INFO - HTTP Request: PUT http://localhost:6333/collections/law_with_e5_emb_not_finetune/points?wait=true "HTTP/1.1 200 OK"
2025-12-12 00:43:04,412 - INFO - PUT http://localhost:9200/_bulk [status:200 duration:0.054s]
2025-12-12 00:43:07,277 - INFO - HTTP Request: PUT http://localhost:6333/collections/law_with_bge_round1/points?wait=true "HTTP/1.1 200 OK"
2025-12-12 00:43:07,302 - INFO - HTTP Request: PUT http://localhost:6333/collections/law_with_e5_emb_not_finetune/points?wait=true "HTTP/1.1 200 OK"
2025-12-12 00:43:07,357 - INFO - PUT http://localhost:9200/_bulk [status:200 duration:0.053s]
2025-12-12 00:43:10,225 - INFO - HTTP Request: PUT http://localhost:6333/collections/law_with_bge_round1/points?wait=true "HTTP/1.1 200 OK"
2025-12-12 00:43:10,252 - INFO - HTTP Request: PUT http://localhost:6333/collections/law_with_e5_emb_not_finetune/points?wait=true "HTTP/1.1 200 OK"
2025-12-12 00:43:10,272 - INFO - PUT http://localhost:9200/_bulk [status:200 duration:0.017s]
2025-12-12 00:43:13,088 - INFO - HTTP Request: PUT http://localhost:6333/collections/law_with_bge_round1/points?wait=true "HTTP/1.1 200 OK"
2025-12-12 00:43:13,115 - INFO - HTTP Request: PUT http://localhost:6333/collections/law_with_e5_emb_not_finetune/points?wait=true "HTTP/1.1 200 OK"
2025-12-12 00:43:13,131 - INFO - PUT http://localhost:9200/_bulk [status:200 duration:0.012s]
2025-12-12 00:43:16,014 - INFO - HTTP Request: PUT http://localhost:6333/collections/law_with_bge_round1/points?wait=true "HTTP/1.1 200 OK"
2025-12-12 00:43:16,061 - INFO - HTTP Request: PUT http://localhost:6333/collections/law_with_e5_emb_not_finetune/points?wait=true "HTTP/1.1 200 OK"
2025-12-12 00:43:16,076 - INFO - PUT http://localhost:9200/_bulk [status:200 duration:0.011s]
2025-12-12 00:43:18,908 - INFO - HTTP Request: PUT http://localhost:6333/collections/law_with_bge_round1/points?wait=true "HTTP/1.1 200 OK"
2025-12-12 00:43:18,935 - INFO - HTTP Request: PUT http://localhost:6333/collections/law_with_e5_emb_not_finetune/points?wait=true "HTTP/1.1 200 OK"
2025-12-12 00:43:18,959 - INFO - PUT http://localhost:9200/_bulk [status:200 duration:0.020s]
2025-12-12 00:43:21,767 - INFO - HTTP Request: PUT http://localhost:6333/collections/law_with_bge_round1/points?wait=true "HTTP/1.1 200 OK"
2025-12-12 00:43:21,856 - INFO - HTTP Request: PUT http://localhost:6333/collections/law_with_e5_emb_not_finetune/points?wait=true "HTTP/1.1 200 OK"
2025-12-12 00:43:21,913 - INFO - PUT http://localhost:9200/_bulk [status:200 duration:0.052s]
2025-12-12 00:43:24,828 - INFO - HTTP Request: PUT http://localhost:6333/collections/law_with_bge_round1/points?wait=true "HTTP/1.1 200 OK"
2025-12-12 00:43:24,855 - INFO - HTTP Request: PUT http://localhost:6333/collections/law_with_e5_emb_not_finetune/points?wait=true "HTTP/1.1 200 OK"
2025-12-12 00:43:24,914 - INFO - PUT http://localhost:9200/_bulk [status:200 duration:0.057s]
2025-12-12 00:43:27,803 - INFO - HTTP Request: PUT http://localhost:6333/collections/law_with_bge_round1/points?wait=true "HTTP/1.1 200 OK"
2025-12-12 00:43:27,831 - INFO - HTTP Request: PUT http://localhost:6333/collections/law_with_e5_emb_not_finetune/points?wait=true "HTTP/1.1 200 OK"
2025-12-12 00:43:27,886 - INFO - PUT http://localhost:9200/_bulk [status:200 duration:0.052s]
2025-12-12 00:43:30,772 - INFO - HTTP Request: PUT http://localhost:6333/collections/law_with_bge_round1/points?wait=true "HTTP/1.1 200 OK"
2025-12-12 00:43:30,835 - INFO - HTTP Request: PUT http://localhost:6333/collections/law_with_e5_emb_not_finetune/points?wait=true "HTTP/1.1 200 OK"
2025-12-12 00:43:30,899 - INFO - PUT http://localhost:9200/_bulk [status:200 duration:0.057s]
2025-12-12 00:43:33,737 - INFO - HTTP Request: PUT http://localhost:6333/collections/law_with_bge_round1/points?wait=true "HTTP/1.1 200 OK"
2025-12-12 00:43:33,772 - INFO - HTTP Request: PUT http://localhost:6333/collections/law_with_e5_emb_not_finetune/points?wait=true "HTTP/1.1 200 OK"
2025-12-12 00:43:33,828 - INFO - PUT http://localhost:9200/_bulk [status:200 duration:0.052s]
2025-12-12 00:43:36,696 - INFO - HTTP Request: PUT http://localhost:6333/collections/law_with_bge_round1/points?wait=true "HTTP/1.1 200 OK"
2025-12-12 00:43:36,724 - INFO - HTTP Request: PUT http://localhost:6333/collections/law_with_e5_emb_not_finetune/points?wait=true "HTTP/1.1 200 OK"
2025-12-12 00:43:36,782 - INFO - PUT http://localhost:9200/_bulk [status:200 duration:0.055s]
2025-12-12 00:43:39,605 - INFO - HTTP Request: PUT http://localhost:6333/collections/law_with_bge_round1/points?wait=true "HTTP/1.1 200 OK"
2025-12-12 00:43:39,653 - INFO - HTTP Request: PUT http://localhost:6333/collections/law_with_e5_emb_not_finetune/points?wait=true "HTTP/1.1 200 OK"
2025-12-12 00:43:39,710 - INFO - PUT http://localhost:9200/_bulk [status:200 duration:0.054s]
2025-12-12 00:43:42,659 - INFO - HTTP Request: PUT http://localhost:6333/collections/law_with_bge_round1/points?wait=true "HTTP/1.1 200 OK"
2025-12-12 00:43:42,705 - INFO - HTTP Request: PUT http://localhost:6333/collections/law_with_e5_emb_not_finetune/points?wait=true "HTTP/1.1 200 OK"
2025-12-12 00:43:42,721 - INFO - PUT http://localhost:9200/_bulk [status:200 duration:0.011s]
2025-12-12 00:43:45,541 - INFO - HTTP Request: PUT http://localhost:6333/collections/law_with_bge_round1/points?wait=true "HTTP/1.1 200 OK"
2025-12-12 00:43:45,579 - INFO - HTTP Request: PUT http://localhost:6333/collections/law_with_e5_emb_not_finetune/points?wait=true "HTTP/1.1 200 OK"
2025-12-12 00:43:45,632 - INFO - PUT http://localhost:9200/_bulk [status:200 duration:0.050s]
2025-12-12 00:43:48,519 - INFO - HTTP Request: PUT http://localhost:6333/collections/law_with_bge_round1/points?wait=true "HTTP/1.1 200 OK"
2025-12-12 00:43:48,556 - INFO - HTTP Request: PUT http://localhost:6333/collections/law_with_e5_emb_not_finetune/points?wait=true "HTTP/1.1 200 OK"
2025-12-12 00:43:48,569 - INFO - PUT http://localhost:9200/_bulk [status:200 duration:0.009s]
2025-12-12 00:43:51,379 - INFO - HTTP Request: PUT http://localhost:6333/collections/law_with_bge_round1/points?wait=true "HTTP/1.1 200 OK"
2025-12-12 00:43:51,406 - INFO - HTTP Request: PUT http://localhost:6333/collections/law_with_e5_emb_not_finetune/points?wait=true "HTTP/1.1 200 OK"
2025-12-12 00:43:51,462 - INFO - PUT http://localhost:9200/_bulk [status:200 duration:0.052s]
2025-12-12 00:43:54,359 - INFO - HTTP Request: PUT http://localhost:6333/collections/law_with_bge_round1/points?wait=true "HTTP/1.1 200 OK"
2025-12-12 00:43:54,423 - INFO - HTTP Request: PUT http://localhost:6333/collections/law_with_e5_emb_not_finetune/points?wait=true "HTTP/1.1 200 OK"
2025-12-12 00:43:54,476 - INFO - PUT http://localhost:9200/_bulk [status:200 duration:0.050s]
2025-12-12 00:43:57,247 - INFO - HTTP Request: PUT http://localhost:6333/collections/law_with_bge_round1/points?wait=true "HTTP/1.1 200 OK"
2025-12-12 00:43:57,289 - INFO - HTTP Request: PUT http://localhost:6333/collections/law_with_e5_emb_not_finetune/points?wait=true "HTTP/1.1 200 OK"
2025-12-12 00:43:57,302 - INFO - PUT http://localhost:9200/_bulk [status:200 duration:0.010s]
2025-12-12 00:44:00,115 - INFO - HTTP Request: PUT http://localhost:6333/collections/law_with_bge_round1/points?wait=true "HTTP/1.1 200 OK"
2025-12-12 00:44:00,170 - INFO - HTTP Request: PUT http://localhost:6333/collections/law_with_e5_emb_not_finetune/points?wait=true "HTTP/1.1 200 OK"
2025-12-12 00:44:00,181 - INFO - PUT http://localhost:9200/_bulk [status:200 duration:0.008s]
2025-12-12 00:44:02,999 - INFO - HTTP Request: PUT http://localhost:6333/collections/law_with_bge_round1/points?wait=true "HTTP/1.1 200 OK"
2025-12-12 00:44:03,051 - INFO - HTTP Request: PUT http://localhost:6333/collections/law_with_e5_emb_not_finetune/points?wait=true "HTTP/1.1 200 OK"
2025-12-12 00:44:03,063 - INFO - PUT http://localhost:9200/_bulk [status:200 duration:0.008s]
2025-12-12 00:44:05,874 - INFO - HTTP Request: PUT http://localhost:6333/collections/law_with_bge_round1/points?wait=true "HTTP/1.1 200 OK"
2025-12-12 00:44:05,902 - INFO - HTTP Request: PUT http://localhost:6333/collections/law_with_e5_emb_not_finetune/points?wait=true "HTTP/1.1 200 OK"
2025-12-12 00:44:05,959 - INFO - PUT http://localhost:9200/_bulk [status:200 duration:0.054s]
2025-12-12 00:44:08,862 - INFO - HTTP Request: PUT http://localhost:6333/collections/law_with_bge_round1/points?wait=true "HTTP/1.1 200 OK"
2025-12-12 00:44:08,891 - INFO - HTTP Request: PUT http://localhost:6333/collections/law_with_e5_emb_not_finetune/points?wait=true "HTTP/1.1 200 OK"
2025-12-12 00:44:08,942 - INFO - PUT http://localhost:9200/_bulk [status:200 duration:0.048s]
2025-12-12 00:44:11,782 - INFO - HTTP Request: PUT http://localhost:6333/collections/law_with_bge_round1/points?wait=true "HTTP/1.1 200 OK"
2025-12-12 00:44:11,825 - INFO - HTTP Request: PUT http://localhost:6333/collections/law_with_e5_emb_not_finetune/points?wait=true "HTTP/1.1 200 OK"
2025-12-12 00:44:11,882 - INFO - PUT http://localhost:9200/_bulk [status:200 duration:0.053s]
2025-12-12 00:44:14,778 - INFO - HTTP Request: PUT http://localhost:6333/collections/law_with_bge_round1/points?wait=true "HTTP/1.1 200 OK"
2025-12-12 00:44:14,828 - INFO - HTTP Request: PUT http://localhost:6333/collections/law_with_e5_emb_not_finetune/points?wait=true "HTTP/1.1 200 OK"
2025-12-12 00:44:14,838 - INFO - PUT http://localhost:9200/_bulk [status:200 duration:0.008s]
2025-12-12 00:44:17,649 - INFO - HTTP Request: PUT http://localhost:6333/collections/law_with_bge_round1/points?wait=true "HTTP/1.1 200 OK"
2025-12-12 00:44:17,709 - INFO - HTTP Request: PUT http://localhost:6333/collections/law_with_e5_emb_not_finetune/points?wait=true "HTTP/1.1 200 OK"
2025-12-12 00:44:17,764 - INFO - PUT http://localhost:9200/_bulk [status:200 duration:0.051s]
2025-12-12 00:44:20,636 - INFO - HTTP Request: PUT http://localhost:6333/collections/law_with_bge_round1/points?wait=true "HTTP/1.1 200 OK"
2025-12-12 00:44:20,698 - INFO - HTTP Request: PUT http://localhost:6333/collections/law_with_e5_emb_not_finetune/points?wait=true "HTTP/1.1 200 OK"
2025-12-12 00:44:20,757 - INFO - PUT http://localhost:9200/_bulk [status:200 duration:0.054s]
2025-12-12 00:44:23,719 - INFO - HTTP Request: PUT http://localhost:6333/collections/law_with_bge_round1/points?wait=true "HTTP/1.1 200 OK"
2025-12-12 00:44:23,789 - INFO - HTTP Request: PUT http://localhost:6333/collections/law_with_e5_emb_not_finetune/points?wait=true "HTTP/1.1 200 OK"
2025-12-12 00:44:23,846 - INFO - PUT http://localhost:9200/_bulk [status:200 duration:0.054s]
2025-12-12 00:44:26,711 - INFO - HTTP Request: PUT http://localhost:6333/collections/law_with_bge_round1/points?wait=true "HTTP/1.1 200 OK"
2025-12-12 00:44:26,742 - INFO - HTTP Request: PUT http://localhost:6333/collections/law_with_e5_emb_not_finetune/points?wait=true "HTTP/1.1 200 OK"
2025-12-12 00:44:26,798 - INFO - PUT http://localhost:9200/_bulk [status:200 duration:0.052s]
2025-12-12 00:44:29,644 - INFO - HTTP Request: PUT http://localhost:6333/collections/law_with_bge_round1/points?wait=true "HTTP/1.1 200 OK"
2025-12-12 00:44:29,684 - INFO - HTTP Request: PUT http://localhost:6333/collections/law_with_e5_emb_not_finetune/points?wait=true "HTTP/1.1 200 OK"
2025-12-12 00:44:29,739 - INFO - PUT http://localhost:9200/_bulk [status:200 duration:0.052s]
2025-12-12 00:44:32,582 - INFO - HTTP Request: PUT http://localhost:6333/collections/law_with_bge_round1/points?wait=true "HTTP/1.1 200 OK"
2025-12-12 00:44:32,608 - INFO - HTTP Request: PUT http://localhost:6333/collections/law_with_e5_emb_not_finetune/points?wait=true "HTTP/1.1 200 OK"
2025-12-12 00:44:32,663 - INFO - PUT http://localhost:9200/_bulk [status:200 duration:0.052s]
2025-12-12 00:44:35,530 - INFO - HTTP Request: PUT http://localhost:6333/collections/law_with_bge_round1/points?wait=true "HTTP/1.1 200 OK"
2025-12-12 00:44:35,555 - INFO - HTTP Request: PUT http://localhost:6333/collections/law_with_e5_emb_not_finetune/points?wait=true "HTTP/1.1 200 OK"
2025-12-12 00:44:35,610 - INFO - PUT http://localhost:9200/_bulk [status:200 duration:0.051s]
2025-12-12 00:44:38,486 - INFO - HTTP Request: PUT http://localhost:6333/collections/law_with_bge_round1/points?wait=true "HTTP/1.1 200 OK"
2025-12-12 00:44:38,548 - INFO - HTTP Request: PUT http://localhost:6333/collections/law_with_e5_emb_not_finetune/points?wait=true "HTTP/1.1 200 OK"
2025-12-12 00:44:38,599 - INFO - PUT http://localhost:9200/_bulk [status:200 duration:0.047s]
2025-12-12 00:44:41,446 - INFO - HTTP Request: PUT http://localhost:6333/collections/law_with_bge_round1/points?wait=true "HTTP/1.1 200 OK"
2025-12-12 00:44:41,471 - INFO - HTTP Request: PUT http://localhost:6333/collections/law_with_e5_emb_not_finetune/points?wait=true "HTTP/1.1 200 OK"
2025-12-12 00:44:41,526 - INFO - PUT http://localhost:9200/_bulk [status:200 duration:0.052s]
2025-12-12 00:44:44,371 - INFO - HTTP Request: PUT http://localhost:6333/collections/law_with_bge_round1/points?wait=true "HTTP/1.1 200 OK"
2025-12-12 00:44:44,396 - INFO - HTTP Request: PUT http://localhost:6333/collections/law_with_e5_emb_not_finetune/points?wait=true "HTTP/1.1 200 OK"
2025-12-12 00:44:44,452 - INFO - PUT http://localhost:9200/_bulk [status:200 duration:0.052s]
2025-12-12 00:44:47,325 - INFO - HTTP Request: PUT http://localhost:6333/collections/law_with_bge_round1/points?wait=true "HTTP/1.1 200 OK"
2025-12-12 00:44:47,363 - INFO - HTTP Request: PUT http://localhost:6333/collections/law_with_e5_emb_not_finetune/points?wait=true "HTTP/1.1 200 OK"
2025-12-12 00:44:47,418 - INFO - PUT http://localhost:9200/_bulk [status:200 duration:0.052s]
2025-12-12 00:44:50,249 - INFO - HTTP Request: PUT http://localhost:6333/collections/law_with_bge_round1/points?wait=true "HTTP/1.1 200 OK"
2025-12-12 00:44:50,275 - INFO - HTTP Request: PUT http://localhost:6333/collections/law_with_e5_emb_not_finetune/points?wait=true "HTTP/1.1 200 OK"
2025-12-12 00:44:50,285 - INFO - PUT http://localhost:9200/_bulk [status:200 duration:0.006s]
2025-12-12 00:44:53,085 - INFO - HTTP Request: PUT http://localhost:6333/collections/law_with_bge_round1/points?wait=true "HTTP/1.1 200 OK"
2025-12-12 00:44:53,120 - INFO - HTTP Request: PUT http://localhost:6333/collections/law_with_e5_emb_not_finetune/points?wait=true "HTTP/1.1 200 OK"
2025-12-12 00:44:53,175 - INFO - PUT http://localhost:9200/_bulk [status:200 duration:0.052s]
2025-12-12 00:44:55,965 - INFO - HTTP Request: PUT http://localhost:6333/collections/law_with_bge_round1/points?wait=true "HTTP/1.1 200 OK"
2025-12-12 00:44:55,990 - INFO - HTTP Request: PUT http://localhost:6333/collections/law_with_e5_emb_not_finetune/points?wait=true "HTTP/1.1 200 OK"
2025-12-12 00:44:56,045 - INFO - PUT http://localhost:9200/_bulk [status:200 duration:0.052s]
2025-12-12 00:44:58,885 - INFO - HTTP Request: PUT http://localhost:6333/collections/law_with_bge_round1/points?wait=true "HTTP/1.1 200 OK"
2025-12-12 00:44:58,929 - INFO - HTTP Request: PUT http://localhost:6333/collections/law_with_e5_emb_not_finetune/points?wait=true "HTTP/1.1 200 OK"
2025-12-12 00:44:58,945 - INFO - PUT http://localhost:9200/_bulk [status:200 duration:0.012s]
2025-12-12 00:45:01,795 - INFO - HTTP Request: PUT http://localhost:6333/collections/law_with_bge_round1/points?wait=true "HTTP/1.1 200 OK"
2025-12-12 00:45:01,821 - INFO - HTTP Request: PUT http://localhost:6333/collections/law_with_e5_emb_not_finetune/points?wait=true "HTTP/1.1 200 OK"
2025-12-12 00:45:01,833 - INFO - PUT http://localhost:9200/_bulk [status:200 duration:0.008s]
2025-12-12 00:45:04,683 - INFO - HTTP Request: PUT http://localhost:6333/collections/law_with_bge_round1/points?wait=true "HTTP/1.1 200 OK"
2025-12-12 00:45:04,714 - INFO - HTTP Request: PUT http://localhost:6333/collections/law_with_e5_emb_not_finetune/points?wait=true "HTTP/1.1 200 OK"
2025-12-12 00:45:04,724 - INFO - PUT http://localhost:9200/_bulk [status:200 duration:0.007s]
2025-12-12 00:45:07,575 - INFO - HTTP Request: PUT http://localhost:6333/collections/law_with_bge_round1/points?wait=true "HTTP/1.1 200 OK"
2025-12-12 00:45:07,604 - INFO - HTTP Request: PUT http://localhost:6333/collections/law_with_e5_emb_not_finetune/points?wait=true "HTTP/1.1 200 OK"
2025-12-12 00:45:07,616 - INFO - PUT http://localhost:9200/_bulk [status:200 duration:0.009s]
2025-12-12 00:45:10,523 - INFO - HTTP Request: PUT http://localhost:6333/collections/law_with_bge_round1/points?wait=true "HTTP/1.1 200 OK"
2025-12-12 00:45:10,598 - INFO - HTTP Request: PUT http://localhost:6333/collections/law_with_e5_emb_not_finetune/points?wait=true "HTTP/1.1 200 OK"
2025-12-12 00:45:10,650 - INFO - PUT http://localhost:9200/_bulk [status:200 duration:0.049s]
2025-12-12 00:45:13,505 - INFO - HTTP Request: PUT http://localhost:6333/collections/law_with_bge_round1/points?wait=true "HTTP/1.1 200 OK"
2025-12-12 00:45:13,530 - INFO - HTTP Request: PUT http://localhost:6333/collections/law_with_e5_emb_not_finetune/points?wait=true "HTTP/1.1 200 OK"
2025-12-12 00:45:13,582 - INFO - PUT http://localhost:9200/_bulk [status:200 duration:0.050s]
2025-12-12 00:45:16,467 - INFO - HTTP Request: PUT http://localhost:6333/collections/law_with_bge_round1/points?wait=true "HTTP/1.1 200 OK"
2025-12-12 00:45:16,498 - INFO - HTTP Request: PUT http://localhost:6333/collections/law_with_e5_emb_not_finetune/points?wait=true "HTTP/1.1 200 OK"
2025-12-12 00:45:16,550 - INFO - PUT http://localhost:9200/_bulk [status:200 duration:0.049s]
2025-12-12 00:45:19,430 - INFO - HTTP Request: PUT http://localhost:6333/collections/law_with_bge_round1/points?wait=true "HTTP/1.1 200 OK"
2025-12-12 00:45:19,456 - INFO - HTTP Request: PUT http://localhost:6333/collections/law_with_e5_emb_not_finetune/points?wait=true "HTTP/1.1 200 OK"
2025-12-12 00:45:19,514 - INFO - PUT http://localhost:9200/_bulk [status:200 duration:0.055s]
2025-12-12 00:45:22,413 - INFO - HTTP Request: PUT http://localhost:6333/collections/law_with_bge_round1/points?wait=true "HTTP/1.1 200 OK"
2025-12-12 00:45:22,465 - INFO - HTTP Request: PUT http://localhost:6333/collections/law_with_e5_emb_not_finetune/points?wait=true "HTTP/1.1 200 OK"
2025-12-12 00:45:22,518 - INFO - PUT http://localhost:9200/_bulk [status:200 duration:0.049s]
2025-12-12 00:45:25,341 - INFO - HTTP Request: PUT http://localhost:6333/collections/law_with_bge_round1/points?wait=true "HTTP/1.1 200 OK"
2025-12-12 00:45:25,389 - INFO - HTTP Request: PUT http://localhost:6333/collections/law_with_e5_emb_not_finetune/points?wait=true "HTTP/1.1 200 OK"
2025-12-12 00:45:25,440 - INFO - PUT http://localhost:9200/_bulk [status:200 duration:0.047s]
2025-12-12 00:45:28,383 - INFO - HTTP Request: PUT http://localhost:6333/collections/law_with_bge_round1/points?wait=true "HTTP/1.1 200 OK"
2025-12-12 00:45:28,409 - INFO - HTTP Request: PUT http://localhost:6333/collections/law_with_e5_emb_not_finetune/points?wait=true "HTTP/1.1 200 OK"
2025-12-12 00:45:28,459 - INFO - PUT http://localhost:9200/_bulk [status:200 duration:0.047s]
2025-12-12 00:45:31,288 - INFO - HTTP Request: PUT http://localhost:6333/collections/law_with_bge_round1/points?wait=true "HTTP/1.1 200 OK"
2025-12-12 00:45:31,318 - INFO - HTTP Request: PUT http://localhost:6333/collections/law_with_e5_emb_not_finetune/points?wait=true "HTTP/1.1 200 OK"
2025-12-12 00:45:31,367 - INFO - PUT http://localhost:9200/_bulk [status:200 duration:0.047s]
2025-12-12 00:45:34,303 - INFO - HTTP Request: PUT http://localhost:6333/collections/law_with_bge_round1/points?wait=true "HTTP/1.1 200 OK"
2025-12-12 00:45:34,328 - INFO - HTTP Request: PUT http://localhost:6333/collections/law_with_e5_emb_not_finetune/points?wait=true "HTTP/1.1 200 OK"
2025-12-12 00:45:34,341 - INFO - PUT http://localhost:9200/_bulk [status:200 duration:0.009s]
2025-12-12 00:45:37,271 - INFO - HTTP Request: PUT http://localhost:6333/collections/law_with_bge_round1/points?wait=true "HTTP/1.1 200 OK"
2025-12-12 00:45:37,299 - INFO - HTTP Request: PUT http://localhost:6333/collections/law_with_e5_emb_not_finetune/points?wait=true "HTTP/1.1 200 OK"
2025-12-12 00:45:37,349 - INFO - PUT http://localhost:9200/_bulk [status:200 duration:0.048s]
2025-12-12 00:45:40,195 - INFO - HTTP Request: PUT http://localhost:6333/collections/law_with_bge_round1/points?wait=true "HTTP/1.1 200 OK"
2025-12-12 00:45:40,267 - INFO - HTTP Request: PUT http://localhost:6333/collections/law_with_e5_emb_not_finetune/points?wait=true "HTTP/1.1 200 OK"
2025-12-12 00:45:40,318 - INFO - PUT http://localhost:9200/_bulk [status:200 duration:0.048s]
2025-12-12 00:45:43,100 - INFO - HTTP Request: PUT http://localhost:6333/collections/law_with_bge_round1/points?wait=true "HTTP/1.1 200 OK"
2025-12-12 00:45:43,128 - INFO - HTTP Request: PUT http://localhost:6333/collections/law_with_e5_emb_not_finetune/points?wait=true "HTTP/1.1 200 OK"
2025-12-12 00:45:43,182 - INFO - PUT http://localhost:9200/_bulk [status:200 duration:0.050s]
2025-12-12 00:45:46,062 - INFO - HTTP Request: PUT http://localhost:6333/collections/law_with_bge_round1/points?wait=true "HTTP/1.1 200 OK"
2025-12-12 00:45:46,088 - INFO - HTTP Request: PUT http://localhost:6333/collections/law_with_e5_emb_not_finetune/points?wait=true "HTTP/1.1 200 OK"
2025-12-12 00:45:46,140 - INFO - PUT http://localhost:9200/_bulk [status:200 duration:0.049s]
2025-12-12 00:45:48,985 - INFO - HTTP Request: PUT http://localhost:6333/collections/law_with_bge_round1/points?wait=true "HTTP/1.1 200 OK"
2025-12-12 00:45:49,011 - INFO - HTTP Request: PUT http://localhost:6333/collections/law_with_e5_emb_not_finetune/points?wait=true "HTTP/1.1 200 OK"
2025-12-12 00:45:49,065 - INFO - PUT http://localhost:9200/_bulk [status:200 duration:0.051s]
2025-12-12 00:45:51,912 - INFO - HTTP Request: PUT http://localhost:6333/collections/law_with_bge_round1/points?wait=true "HTTP/1.1 200 OK"
2025-12-12 00:45:51,938 - INFO - HTTP Request: PUT http://localhost:6333/collections/law_with_e5_emb_not_finetune/points?wait=true "HTTP/1.1 200 OK"
2025-12-12 00:45:51,950 - INFO - PUT http://localhost:9200/_bulk [status:200 duration:0.009s]
2025-12-12 00:45:54,775 - INFO - HTTP Request: PUT http://localhost:6333/collections/law_with_bge_round1/points?wait=true "HTTP/1.1 200 OK"
2025-12-12 00:45:54,805 - INFO - HTTP Request: PUT http://localhost:6333/collections/law_with_e5_emb_not_finetune/points?wait=true "HTTP/1.1 200 OK"
2025-12-12 00:45:54,819 - INFO - PUT http://localhost:9200/_bulk [status:200 duration:0.008s]
2025-12-12 00:45:57,143 - INFO - HTTP Request: PUT http://localhost:6333/collections/law_with_bge_round1/points?wait=true "HTTP/1.1 200 OK"
2025-12-12 00:45:57,171 - INFO - HTTP Request: PUT http://localhost:6333/collections/law_with_e5_emb_not_finetune/points?wait=true "HTTP/1.1 200 OK"
2025-12-12 00:45:57,225 - INFO - PUT http://localhost:9200/_bulk [status:200 duration:0.051s]
2025-12-12 00:46:00,075 - INFO - HTTP Request: PUT http://localhost:6333/collections/law_with_bge_round1/points?wait=true "HTTP/1.1 200 OK"
2025-12-12 00:46:00,138 - INFO - HTTP Request: PUT http://localhost:6333/collections/law_with_e5_emb_not_finetune/points?wait=true "HTTP/1.1 200 OK"
2025-12-12 00:46:00,197 - INFO - PUT http://localhost:9200/_bulk [status:200 duration:0.056s]
2025-12-12 00:46:03,052 - INFO - HTTP Request: PUT http://localhost:6333/collections/law_with_bge_round1/points?wait=true "HTTP/1.1 200 OK"
2025-12-12 00:46:03,104 - INFO - HTTP Request: PUT http://localhost:6333/collections/law_with_e5_emb_not_finetune/points?wait=true "HTTP/1.1 200 OK"
2025-12-12 00:46:03,117 - INFO - PUT http://localhost:9200/_bulk [status:200 duration:0.011s]
2025-12-12 00:46:05,989 - INFO - HTTP Request: PUT http://localhost:6333/collections/law_with_bge_round1/points?wait=true "HTTP/1.1 200 OK"
2025-12-12 00:46:06,014 - INFO - HTTP Request: PUT http://localhost:6333/collections/law_with_e5_emb_not_finetune/points?wait=true "HTTP/1.1 200 OK"
2025-12-12 00:46:06,025 - INFO - PUT http://localhost:9200/_bulk [status:200 duration:0.007s]
2025-12-12 00:46:08,812 - INFO - HTTP Request: PUT http://localhost:6333/collections/law_with_bge_round1/points?wait=true "HTTP/1.1 200 OK"
2025-12-12 00:46:08,837 - INFO - HTTP Request: PUT http://localhost:6333/collections/law_with_e5_emb_not_finetune/points?wait=true "HTTP/1.1 200 OK"
2025-12-12 00:46:08,889 - INFO - PUT http://localhost:9200/_bulk [status:200 duration:0.050s]
2025-12-12 00:46:11,794 - INFO - HTTP Request: PUT http://localhost:6333/collections/law_with_bge_round1/points?wait=true "HTTP/1.1 200 OK"
2025-12-12 00:46:11,839 - INFO - HTTP Request: PUT http://localhost:6333/collections/law_with_e5_emb_not_finetune/points?wait=true "HTTP/1.1 200 OK"
2025-12-12 00:46:11,890 - INFO - PUT http://localhost:9200/_bulk [status:200 duration:0.047s]
2025-12-12 00:46:14,804 - INFO - HTTP Request: PUT http://localhost:6333/collections/law_with_bge_round1/points?wait=true "HTTP/1.1 200 OK"
2025-12-12 00:46:14,829 - INFO - HTTP Request: PUT http://localhost:6333/collections/law_with_e5_emb_not_finetune/points?wait=true "HTTP/1.1 200 OK"
2025-12-12 00:46:14,880 - INFO - PUT http://localhost:9200/_bulk [status:200 duration:0.049s]
2025-12-12 00:46:17,781 - INFO - HTTP Request: PUT http://localhost:6333/collections/law_with_bge_round1/points?wait=true "HTTP/1.1 200 OK"
2025-12-12 00:46:17,832 - INFO - HTTP Request: PUT http://localhost:6333/collections/law_with_e5_emb_not_finetune/points?wait=true "HTTP/1.1 200 OK"
2025-12-12 00:46:17,886 - INFO - PUT http://localhost:9200/_bulk [status:200 duration:0.052s]
2025-12-12 00:46:20,712 - INFO - HTTP Request: PUT http://localhost:6333/collections/law_with_bge_round1/points?wait=true "HTTP/1.1 200 OK"
2025-12-12 00:46:20,761 - INFO - HTTP Request: PUT http://localhost:6333/collections/law_with_e5_emb_not_finetune/points?wait=true "HTTP/1.1 200 OK"
2025-12-12 00:46:20,818 - INFO - PUT http://localhost:9200/_bulk [status:200 duration:0.054s]
2025-12-12 00:46:23,627 - INFO - HTTP Request: PUT http://localhost:6333/collections/law_with_bge_round1/points?wait=true "HTTP/1.1 200 OK"
2025-12-12 00:46:23,672 - INFO - HTTP Request: PUT http://localhost:6333/collections/law_with_e5_emb_not_finetune/points?wait=true "HTTP/1.1 200 OK"
2025-12-12 00:46:23,729 - INFO - PUT http://localhost:9200/_bulk [status:200 duration:0.053s]
2025-12-12 00:46:26,648 - INFO - HTTP Request: PUT http://localhost:6333/collections/law_with_bge_round1/points?wait=true "HTTP/1.1 200 OK"
2025-12-12 00:46:26,695 - INFO - HTTP Request: PUT http://localhost:6333/collections/law_with_e5_emb_not_finetune/points?wait=true "HTTP/1.1 200 OK"
2025-12-12 00:46:26,749 - INFO - PUT http://localhost:9200/_bulk [status:200 duration:0.050s]
2025-12-12 00:46:29,620 - INFO - HTTP Request: PUT http://localhost:6333/collections/law_with_bge_round1/points?wait=true "HTTP/1.1 200 OK"
2025-12-12 00:46:29,650 - INFO - HTTP Request: PUT http://localhost:6333/collections/law_with_e5_emb_not_finetune/points?wait=true "HTTP/1.1 200 OK"
2025-12-12 00:46:29,703 - INFO - PUT http://localhost:9200/_bulk [status:200 duration:0.050s]
2025-12-12 00:46:32,555 - INFO - HTTP Request: PUT http://localhost:6333/collections/law_with_bge_round1/points?wait=true "HTTP/1.1 200 OK"
2025-12-12 00:46:32,591 - INFO - HTTP Request: PUT http://localhost:6333/collections/law_with_e5_emb_not_finetune/points?wait=true "HTTP/1.1 200 OK"
2025-12-12 00:46:32,643 - INFO - PUT http://localhost:9200/_bulk [status:200 duration:0.049s]
2025-12-12 00:46:35,428 - INFO - HTTP Request: PUT http://localhost:6333/collections/law_with_bge_round1/points?wait=true "HTTP/1.1 200 OK"
2025-12-12 00:46:35,457 - INFO - HTTP Request: PUT http://localhost:6333/collections/law_with_e5_emb_not_finetune/points?wait=true "HTTP/1.1 200 OK"
2025-12-12 00:46:35,511 - INFO - PUT http://localhost:9200/_bulk [status:200 duration:0.052s]
2025-12-12 00:46:38,454 - INFO - HTTP Request: PUT http://localhost:6333/collections/law_with_bge_round1/points?wait=true "HTTP/1.1 200 OK"
2025-12-12 00:46:38,479 - INFO - HTTP Request: PUT http://localhost:6333/collections/law_with_e5_emb_not_finetune/points?wait=true "HTTP/1.1 200 OK"
2025-12-12 00:46:38,530 - INFO - PUT http://localhost:9200/_bulk [status:200 duration:0.049s]
2025-12-12 00:46:41,413 - INFO - HTTP Request: PUT http://localhost:6333/collections/law_with_bge_round1/points?wait=true "HTTP/1.1 200 OK"
2025-12-12 00:46:41,439 - INFO - HTTP Request: PUT http://localhost:6333/collections/law_with_e5_emb_not_finetune/points?wait=true "HTTP/1.1 200 OK"
2025-12-12 00:46:41,448 - INFO - PUT http://localhost:9200/_bulk [status:200 duration:0.007s]
2025-12-12 00:46:44,295 - INFO - HTTP Request: PUT http://localhost:6333/collections/law_with_bge_round1/points?wait=true "HTTP/1.1 200 OK"
2025-12-12 00:46:44,323 - INFO - HTTP Request: PUT http://localhost:6333/collections/law_with_e5_emb_not_finetune/points?wait=true "HTTP/1.1 200 OK"
2025-12-12 00:46:44,338 - INFO - PUT http://localhost:9200/_bulk [status:200 duration:0.012s]
2025-12-12 00:46:47,147 - INFO - HTTP Request: PUT http://localhost:6333/collections/law_with_bge_round1/points?wait=true "HTTP/1.1 200 OK"
2025-12-12 00:46:47,184 - INFO - HTTP Request: PUT http://localhost:6333/collections/law_with_e5_emb_not_finetune/points?wait=true "HTTP/1.1 200 OK"
2025-12-12 00:46:47,241 - INFO - PUT http://localhost:9200/_bulk [status:200 duration:0.054s]
2025-12-12 00:46:50,124 - INFO - HTTP Request: PUT http://localhost:6333/collections/law_with_bge_round1/points?wait=true "HTTP/1.1 200 OK"
2025-12-12 00:46:50,150 - INFO - HTTP Request: PUT http://localhost:6333/collections/law_with_e5_emb_not_finetune/points?wait=true "HTTP/1.1 200 OK"
2025-12-12 00:46:50,162 - INFO - PUT http://localhost:9200/_bulk [status:200 duration:0.009s]
2025-12-12 00:46:52,993 - INFO - HTTP Request: PUT http://localhost:6333/collections/law_with_bge_round1/points?wait=true "HTTP/1.1 200 OK"
2025-12-12 00:46:53,017 - INFO - HTTP Request: PUT http://localhost:6333/collections/law_with_e5_emb_not_finetune/points?wait=true "HTTP/1.1 200 OK"
2025-12-12 00:46:53,028 - INFO - PUT http://localhost:9200/_bulk [status:200 duration:0.007s]
2025-12-12 00:46:55,853 - INFO - HTTP Request: PUT http://localhost:6333/collections/law_with_bge_round1/points?wait=true "HTTP/1.1 200 OK"
2025-12-12 00:46:55,899 - INFO - HTTP Request: PUT http://localhost:6333/collections/law_with_e5_emb_not_finetune/points?wait=true "HTTP/1.1 200 OK"
2025-12-12 00:46:55,951 - INFO - PUT http://localhost:9200/_bulk [status:200 duration:0.048s]
2025-12-12 00:46:58,785 - INFO - HTTP Request: PUT http://localhost:6333/collections/law_with_bge_round1/points?wait=true "HTTP/1.1 200 OK"
2025-12-12 00:46:58,812 - INFO - HTTP Request: PUT http://localhost:6333/collections/law_with_e5_emb_not_finetune/points?wait=true "HTTP/1.1 200 OK"
2025-12-12 00:46:58,866 - INFO - PUT http://localhost:9200/_bulk [status:200 duration:0.052s]
2025-12-12 00:47:01,827 - INFO - HTTP Request: PUT http://localhost:6333/collections/law_with_bge_round1/points?wait=true "HTTP/1.1 200 OK"
2025-12-12 00:47:01,874 - INFO - HTTP Request: PUT http://localhost:6333/collections/law_with_e5_emb_not_finetune/points?wait=true "HTTP/1.1 200 OK"
2025-12-12 00:47:01,933 - INFO - PUT http://localhost:9200/_bulk [status:200 duration:0.056s]
2025-12-12 00:47:04,788 - INFO - HTTP Request: PUT http://localhost:6333/collections/law_with_bge_round1/points?wait=true "HTTP/1.1 200 OK"
2025-12-12 00:47:04,813 - INFO - HTTP Request: PUT http://localhost:6333/collections/law_with_e5_emb_not_finetune/points?wait=true "HTTP/1.1 200 OK"
2025-12-12 00:47:04,872 - INFO - PUT http://localhost:9200/_bulk [status:200 duration:0.055s]
2025-12-12 00:47:07,735 - INFO - HTTP Request: PUT http://localhost:6333/collections/law_with_bge_round1/points?wait=true "HTTP/1.1 200 OK"
2025-12-12 00:47:07,761 - INFO - HTTP Request: PUT http://localhost:6333/collections/law_with_e5_emb_not_finetune/points?wait=true "HTTP/1.1 200 OK"
2025-12-12 00:47:07,818 - INFO - PUT http://localhost:9200/_bulk [status:200 duration:0.054s]
2025-12-12 00:47:10,624 - INFO - HTTP Request: PUT http://localhost:6333/collections/law_with_bge_round1/points?wait=true "HTTP/1.1 200 OK"
2025-12-12 00:47:10,660 - INFO - HTTP Request: PUT http://localhost:6333/collections/law_with_e5_emb_not_finetune/points?wait=true "HTTP/1.1 200 OK"
2025-12-12 00:47:10,711 - INFO - PUT http://localhost:9200/_bulk [status:200 duration:0.048s]
2025-12-12 00:47:13,586 - INFO - HTTP Request: PUT http://localhost:6333/collections/law_with_bge_round1/points?wait=true "HTTP/1.1 200 OK"
2025-12-12 00:47:13,612 - INFO - HTTP Request: PUT http://localhost:6333/collections/law_with_e5_emb_not_finetune/points?wait=true "HTTP/1.1 200 OK"
2025-12-12 00:47:13,667 - INFO - PUT http://localhost:9200/_bulk [status:200 duration:0.053s]
2025-12-12 00:47:16,491 - INFO - HTTP Request: PUT http://localhost:6333/collections/law_with_bge_round1/points?wait=true "HTTP/1.1 200 OK"
2025-12-12 00:47:16,518 - INFO - HTTP Request: PUT http://localhost:6333/collections/law_with_e5_emb_not_finetune/points?wait=true "HTTP/1.1 200 OK"
2025-12-12 00:47:16,574 - INFO - PUT http://localhost:9200/_bulk [status:200 duration:0.053s]
2025-12-12 00:47:19,379 - INFO - HTTP Request: PUT http://localhost:6333/collections/law_with_bge_round1/points?wait=true "HTTP/1.1 200 OK"
2025-12-12 00:47:19,403 - INFO - HTTP Request: PUT http://localhost:6333/collections/law_with_e5_emb_not_finetune/points?wait=true "HTTP/1.1 200 OK"
2025-12-12 00:47:19,455 - INFO - PUT http://localhost:9200/_bulk [status:200 duration:0.049s]
2025-12-12 00:47:22,355 - INFO - HTTP Request: PUT http://localhost:6333/collections/law_with_bge_round1/points?wait=true "HTTP/1.1 200 OK"
2025-12-12 00:47:22,391 - INFO - HTTP Request: PUT http://localhost:6333/collections/law_with_e5_emb_not_finetune/points?wait=true "HTTP/1.1 200 OK"
2025-12-12 00:47:22,441 - INFO - PUT http://localhost:9200/_bulk [status:200 duration:0.047s]
2025-12-12 00:47:24,500 - INFO - HTTP Request: PUT http://localhost:6333/collections/law_with_bge_round1/points?wait=true "HTTP/1.1 200 OK"
2025-12-12 00:47:24,528 - INFO - HTTP Request: PUT http://localhost:6333/collections/law_with_e5_emb_not_finetune/points?wait=true "HTTP/1.1 200 OK"
2025-12-12 00:47:24,579 - INFO - PUT http://localhost:9200/_bulk [status:200 duration:0.049s]
2025-12-12 00:47:27,429 - INFO - HTTP Request: PUT http://localhost:6333/collections/law_with_bge_round1/points?wait=true "HTTP/1.1 200 OK"
2025-12-12 00:47:27,459 - INFO - HTTP Request: PUT http://localhost:6333/collections/law_with_e5_emb_not_finetune/points?wait=true "HTTP/1.1 200 OK"
2025-12-12 00:47:27,510 - INFO - PUT http://localhost:9200/_bulk [status:200 duration:0.047s]
2025-12-12 00:47:30,420 - INFO - HTTP Request: PUT http://localhost:6333/collections/law_with_bge_round1/points?wait=true "HTTP/1.1 200 OK"
2025-12-12 00:47:30,447 - INFO - HTTP Request: PUT http://localhost:6333/collections/law_with_e5_emb_not_finetune/points?wait=true "HTTP/1.1 200 OK"
2025-12-12 00:47:30,501 - INFO - PUT http://localhost:9200/_bulk [status:200 duration:0.052s]
2025-12-12 00:47:33,355 - INFO - HTTP Request: PUT http://localhost:6333/collections/law_with_bge_round1/points?wait=true "HTTP/1.1 200 OK"
2025-12-12 00:47:33,381 - INFO - HTTP Request: PUT http://localhost:6333/collections/law_with_e5_emb_not_finetune/points?wait=true "HTTP/1.1 200 OK"
2025-12-12 00:47:33,435 - INFO - PUT http://localhost:9200/_bulk [status:200 duration:0.051s]
2025-12-12 00:47:36,278 - INFO - HTTP Request: PUT http://localhost:6333/collections/law_with_bge_round1/points?wait=true "HTTP/1.1 200 OK"
2025-12-12 00:47:36,321 - INFO - HTTP Request: PUT http://localhost:6333/collections/law_with_e5_emb_not_finetune/points?wait=true "HTTP/1.1 200 OK"
2025-12-12 00:47:36,375 - INFO - PUT http://localhost:9200/_bulk [status:200 duration:0.052s]
2025-12-12 00:47:39,255 - INFO - HTTP Request: PUT http://localhost:6333/collections/law_with_bge_round1/points?wait=true "HTTP/1.1 200 OK"
2025-12-12 00:47:39,297 - INFO - HTTP Request: PUT http://localhost:6333/collections/law_with_e5_emb_not_finetune/points?wait=true "HTTP/1.1 200 OK"
2025-12-12 00:47:39,352 - INFO - PUT http://localhost:9200/_bulk [status:200 duration:0.052s]
2025-12-12 00:47:42,168 - INFO - HTTP Request: PUT http://localhost:6333/collections/law_with_bge_round1/points?wait=true "HTTP/1.1 200 OK"
2025-12-12 00:47:42,225 - INFO - HTTP Request: PUT http://localhost:6333/collections/law_with_e5_emb_not_finetune/points?wait=true "HTTP/1.1 200 OK"
2025-12-12 00:47:42,280 - INFO - PUT http://localhost:9200/_bulk [status:200 duration:0.052s]
2025-12-12 00:47:45,148 - INFO - HTTP Request: PUT http://localhost:6333/collections/law_with_bge_round1/points?wait=true "HTTP/1.1 200 OK"
2025-12-12 00:47:45,173 - INFO - HTTP Request: PUT http://localhost:6333/collections/law_with_e5_emb_not_finetune/points?wait=true "HTTP/1.1 200 OK"
2025-12-12 00:47:45,225 - INFO - PUT http://localhost:9200/_bulk [status:200 duration:0.049s]
2025-12-12 00:47:48,151 - INFO - HTTP Request: PUT http://localhost:6333/collections/law_with_bge_round1/points?wait=true "HTTP/1.1 200 OK"
2025-12-12 00:47:48,203 - INFO - HTTP Request: PUT http://localhost:6333/collections/law_with_e5_emb_not_finetune/points?wait=true "HTTP/1.1 200 OK"
2025-12-12 00:47:48,214 - INFO - PUT http://localhost:9200/_bulk [status:200 duration:0.007s]
2025-12-12 00:47:51,105 - INFO - HTTP Request: PUT http://localhost:6333/collections/law_with_bge_round1/points?wait=true "HTTP/1.1 200 OK"
2025-12-12 00:47:51,130 - INFO - HTTP Request: PUT http://localhost:6333/collections/law_with_e5_emb_not_finetune/points?wait=true "HTTP/1.1 200 OK"
2025-12-12 00:47:51,180 - INFO - PUT http://localhost:9200/_bulk [status:200 duration:0.047s]
2025-12-12 00:47:54,088 - INFO - HTTP Request: PUT http://localhost:6333/collections/law_with_bge_round1/points?wait=true "HTTP/1.1 200 OK"
2025-12-12 00:47:54,115 - INFO - HTTP Request: PUT http://localhost:6333/collections/law_with_e5_emb_not_finetune/points?wait=true "HTTP/1.1 200 OK"
2025-12-12 00:47:54,127 - INFO - PUT http://localhost:9200/_bulk [status:200 duration:0.008s]
2025-12-12 00:47:57,117 - INFO - HTTP Request: PUT http://localhost:6333/collections/law_with_bge_round1/points?wait=true "HTTP/1.1 200 OK"
2025-12-12 00:47:57,144 - INFO - HTTP Request: PUT http://localhost:6333/collections/law_with_e5_emb_not_finetune/points?wait=true "HTTP/1.1 200 OK"
2025-12-12 00:47:57,196 - INFO - PUT http://localhost:9200/_bulk [status:200 duration:0.050s]
2025-12-12 00:48:00,043 - INFO - HTTP Request: PUT http://localhost:6333/collections/law_with_bge_round1/points?wait=true "HTTP/1.1 200 OK"
2025-12-12 00:48:00,067 - INFO - HTTP Request: PUT http://localhost:6333/collections/law_with_e5_emb_not_finetune/points?wait=true "HTTP/1.1 200 OK"
2025-12-12 00:48:00,123 - INFO - PUT http://localhost:9200/_bulk [status:200 duration:0.054s]
2025-12-12 00:48:02,962 - INFO - HTTP Request: PUT http://localhost:6333/collections/law_with_bge_round1/points?wait=true "HTTP/1.1 200 OK"
2025-12-12 00:48:02,987 - INFO - HTTP Request: PUT http://localhost:6333/collections/law_with_e5_emb_not_finetune/points?wait=true "HTTP/1.1 200 OK"
2025-12-12 00:48:03,001 - INFO - PUT http://localhost:9200/_bulk [status:200 duration:0.011s]
2025-12-12 00:48:05,917 - INFO - HTTP Request: PUT http://localhost:6333/collections/law_with_bge_round1/points?wait=true "HTTP/1.1 200 OK"
2025-12-12 00:48:05,981 - INFO - HTTP Request: PUT http://localhost:6333/collections/law_with_e5_emb_not_finetune/points?wait=true "HTTP/1.1 200 OK"
2025-12-12 00:48:05,992 - INFO - PUT http://localhost:9200/_bulk [status:200 duration:0.008s]
2025-12-12 00:48:08,789 - INFO - HTTP Request: PUT http://localhost:6333/collections/law_with_bge_round1/points?wait=true "HTTP/1.1 200 OK"
2025-12-12 00:48:08,819 - INFO - HTTP Request: PUT http://localhost:6333/collections/law_with_e5_emb_not_finetune/points?wait=true "HTTP/1.1 200 OK"
2025-12-12 00:48:08,871 - INFO - PUT http://localhost:9200/_bulk [status:200 duration:0.049s]
2025-12-12 00:48:11,685 - INFO - HTTP Request: PUT http://localhost:6333/collections/law_with_bge_round1/points?wait=true "HTTP/1.1 200 OK"
2025-12-12 00:48:11,745 - INFO - HTTP Request: PUT http://localhost:6333/collections/law_with_e5_emb_not_finetune/points?wait=true "HTTP/1.1 200 OK"
2025-12-12 00:48:11,798 - INFO - PUT http://localhost:9200/_bulk [status:200 duration:0.050s]
2025-12-12 00:48:14,629 - INFO - HTTP Request: PUT http://localhost:6333/collections/law_with_bge_round1/points?wait=true "HTTP/1.1 200 OK"
2025-12-12 00:48:14,653 - INFO - HTTP Request: PUT http://localhost:6333/collections/law_with_e5_emb_not_finetune/points?wait=true "HTTP/1.1 200 OK"
2025-12-12 00:48:14,704 - INFO - PUT http://localhost:9200/_bulk [status:200 duration:0.048s]
2025-12-12 00:48:17,597 - INFO - HTTP Request: PUT http://localhost:6333/collections/law_with_bge_round1/points?wait=true "HTTP/1.1 200 OK"
2025-12-12 00:48:17,622 - INFO - HTTP Request: PUT http://localhost:6333/collections/law_with_e5_emb_not_finetune/points?wait=true "HTTP/1.1 200 OK"
2025-12-12 00:48:17,633 - INFO - PUT http://localhost:9200/_bulk [status:200 duration:0.007s]
2025-12-12 00:48:20,473 - INFO - HTTP Request: PUT http://localhost:6333/collections/law_with_bge_round1/points?wait=true "HTTP/1.1 200 OK"
2025-12-12 00:48:20,529 - INFO - HTTP Request: PUT http://localhost:6333/collections/law_with_e5_emb_not_finetune/points?wait=true "HTTP/1.1 200 OK"
2025-12-12 00:48:20,579 - INFO - PUT http://localhost:9200/_bulk [status:200 duration:0.048s]
2025-12-12 00:48:23,366 - INFO - HTTP Request: PUT http://localhost:6333/collections/law_with_bge_round1/points?wait=true "HTTP/1.1 200 OK"
2025-12-12 00:48:23,392 - INFO - HTTP Request: PUT http://localhost:6333/collections/law_with_e5_emb_not_finetune/points?wait=true "HTTP/1.1 200 OK"
2025-12-12 00:48:23,403 - INFO - PUT http://localhost:9200/_bulk [status:200 duration:0.008s]
2025-12-12 00:48:26,181 - INFO - HTTP Request: PUT http://localhost:6333/collections/law_with_bge_round1/points?wait=true "HTTP/1.1 200 OK"
2025-12-12 00:48:26,216 - INFO - HTTP Request: PUT http://localhost:6333/collections/law_with_e5_emb_not_finetune/points?wait=true "HTTP/1.1 200 OK"
2025-12-12 00:48:26,276 - INFO - PUT http://localhost:9200/_bulk [status:200 duration:0.056s]
2025-12-12 00:48:29,247 - INFO - HTTP Request: PUT http://localhost:6333/collections/law_with_bge_round1/points?wait=true "HTTP/1.1 200 OK"
2025-12-12 00:48:29,273 - INFO - HTTP Request: PUT http://localhost:6333/collections/law_with_e5_emb_not_finetune/points?wait=true "HTTP/1.1 200 OK"
2025-12-12 00:48:29,322 - INFO - PUT http://localhost:9200/_bulk [status:200 duration:0.047s]
2025-12-12 00:48:32,287 - INFO - HTTP Request: PUT http://localhost:6333/collections/law_with_bge_round1/points?wait=true "HTTP/1.1 200 OK"
2025-12-12 00:48:32,365 - INFO - HTTP Request: PUT http://localhost:6333/collections/law_with_e5_emb_not_finetune/points?wait=true "HTTP/1.1 200 OK"
2025-12-12 00:48:32,417 - INFO - PUT http://localhost:9200/_bulk [status:200 duration:0.048s]
2025-12-12 00:48:35,295 - INFO - HTTP Request: PUT http://localhost:6333/collections/law_with_bge_round1/points?wait=true "HTTP/1.1 200 OK"
2025-12-12 00:48:35,365 - INFO - HTTP Request: PUT http://localhost:6333/collections/law_with_e5_emb_not_finetune/points?wait=true "HTTP/1.1 200 OK"
2025-12-12 00:48:35,425 - INFO - PUT http://localhost:9200/_bulk [status:200 duration:0.055s]
2025-12-12 00:48:38,319 - INFO - HTTP Request: PUT http://localhost:6333/collections/law_with_bge_round1/points?wait=true "HTTP/1.1 200 OK"
2025-12-12 00:48:38,347 - INFO - HTTP Request: PUT http://localhost:6333/collections/law_with_e5_emb_not_finetune/points?wait=true "HTTP/1.1 200 OK"
2025-12-12 00:48:38,400 - INFO - PUT http://localhost:9200/_bulk [status:200 duration:0.051s]
2025-12-12 00:48:41,246 - INFO - HTTP Request: PUT http://localhost:6333/collections/law_with_bge_round1/points?wait=true "HTTP/1.1 200 OK"
2025-12-12 00:48:41,276 - INFO - HTTP Request: PUT http://localhost:6333/collections/law_with_e5_emb_not_finetune/points?wait=true "HTTP/1.1 200 OK"
2025-12-12 00:48:41,333 - INFO - PUT http://localhost:9200/_bulk [status:200 duration:0.054s]
2025-12-12 00:48:44,111 - INFO - HTTP Request: PUT http://localhost:6333/collections/law_with_bge_round1/points?wait=true "HTTP/1.1 200 OK"
2025-12-12 00:48:44,148 - INFO - HTTP Request: PUT http://localhost:6333/collections/law_with_e5_emb_not_finetune/points?wait=true "HTTP/1.1 200 OK"
2025-12-12 00:48:44,197 - INFO - PUT http://localhost:9200/_bulk [status:200 duration:0.047s]
2025-12-12 00:48:47,153 - INFO - HTTP Request: PUT http://localhost:6333/collections/law_with_bge_round1/points?wait=true "HTTP/1.1 200 OK"
2025-12-12 00:48:47,179 - INFO - HTTP Request: PUT http://localhost:6333/collections/law_with_e5_emb_not_finetune/points?wait=true "HTTP/1.1 200 OK"
2025-12-12 00:48:47,231 - INFO - PUT http://localhost:9200/_bulk [status:200 duration:0.049s]
2025-12-12 00:48:50,096 - INFO - HTTP Request: PUT http://localhost:6333/collections/law_with_bge_round1/points?wait=true "HTTP/1.1 200 OK"
2025-12-12 00:48:50,123 - INFO - HTTP Request: PUT http://localhost:6333/collections/law_with_e5_emb_not_finetune/points?wait=true "HTTP/1.1 200 OK"
2025-12-12 00:48:50,135 - INFO - PUT http://localhost:9200/_bulk [status:200 duration:0.009s]
2025-12-12 00:48:52,959 - INFO - HTTP Request: PUT http://localhost:6333/collections/law_with_bge_round1/points?wait=true "HTTP/1.1 200 OK"
2025-12-12 00:48:52,985 - INFO - HTTP Request: PUT http://localhost:6333/collections/law_with_e5_emb_not_finetune/points?wait=true "HTTP/1.1 200 OK"
2025-12-12 00:48:52,994 - INFO - PUT http://localhost:9200/_bulk [status:200 duration:0.006s]
2025-12-12 00:48:55,887 - INFO - HTTP Request: PUT http://localhost:6333/collections/law_with_bge_round1/points?wait=true "HTTP/1.1 200 OK"
2025-12-12 00:48:55,915 - INFO - HTTP Request: PUT http://localhost:6333/collections/law_with_e5_emb_not_finetune/points?wait=true "HTTP/1.1 200 OK"
2025-12-12 00:48:55,926 - INFO - PUT http://localhost:9200/_bulk [status:200 duration:0.008s]
2025-12-12 00:48:58,775 - INFO - HTTP Request: PUT http://localhost:6333/collections/law_with_bge_round1/points?wait=true "HTTP/1.1 200 OK"
2025-12-12 00:48:58,802 - INFO - HTTP Request: PUT http://localhost:6333/collections/law_with_e5_emb_not_finetune/points?wait=true "HTTP/1.1 200 OK"
2025-12-12 00:48:58,815 - INFO - PUT http://localhost:9200/_bulk [status:200 duration:0.010s]
2025-12-12 00:49:01,731 - INFO - HTTP Request: PUT http://localhost:6333/collections/law_with_bge_round1/points?wait=true "HTTP/1.1 200 OK"
2025-12-12 00:49:01,755 - INFO - HTTP Request: PUT http://localhost:6333/collections/law_with_e5_emb_not_finetune/points?wait=true "HTTP/1.1 200 OK"
2025-12-12 00:49:01,765 - INFO - PUT http://localhost:9200/_bulk [status:200 duration:0.006s]
2025-12-12 00:49:04,564 - INFO - HTTP Request: PUT http://localhost:6333/collections/law_with_bge_round1/points?wait=true "HTTP/1.1 200 OK"
2025-12-12 00:49:04,616 - INFO - HTTP Request: PUT http://localhost:6333/collections/law_with_e5_emb_not_finetune/points?wait=true "HTTP/1.1 200 OK"
2025-12-12 00:49:04,675 - INFO - PUT http://localhost:9200/_bulk [status:200 duration:0.056s]
2025-12-12 00:49:07,529 - INFO - HTTP Request: PUT http://localhost:6333/collections/law_with_bge_round1/points?wait=true "HTTP/1.1 200 OK"
2025-12-12 00:49:07,559 - INFO - HTTP Request: PUT http://localhost:6333/collections/law_with_e5_emb_not_finetune/points?wait=true "HTTP/1.1 200 OK"
2025-12-12 00:49:07,618 - INFO - PUT http://localhost:9200/_bulk [status:200 duration:0.056s]
2025-12-12 00:49:10,460 - INFO - HTTP Request: PUT http://localhost:6333/collections/law_with_bge_round1/points?wait=true "HTTP/1.1 200 OK"
2025-12-12 00:49:10,485 - INFO - HTTP Request: PUT http://localhost:6333/collections/law_with_e5_emb_not_finetune/points?wait=true "HTTP/1.1 200 OK"
2025-12-12 00:49:10,540 - INFO - PUT http://localhost:9200/_bulk [status:200 duration:0.051s]
2025-12-12 00:49:13,475 - INFO - HTTP Request: PUT http://localhost:6333/collections/law_with_bge_round1/points?wait=true "HTTP/1.1 200 OK"
2025-12-12 00:49:13,531 - INFO - HTTP Request: PUT http://localhost:6333/collections/law_with_e5_emb_not_finetune/points?wait=true "HTTP/1.1 200 OK"
2025-12-12 00:49:13,543 - INFO - PUT http://localhost:9200/_bulk [status:200 duration:0.007s]
2025-12-12 00:49:16,404 - INFO - HTTP Request: PUT http://localhost:6333/collections/law_with_bge_round1/points?wait=true "HTTP/1.1 200 OK"
2025-12-12 00:49:16,430 - INFO - HTTP Request: PUT http://localhost:6333/collections/law_with_e5_emb_not_finetune/points?wait=true "HTTP/1.1 200 OK"
2025-12-12 00:49:16,483 - INFO - PUT http://localhost:9200/_bulk [status:200 duration:0.051s]
2025-12-12 00:49:18,353 - INFO - HTTP Request: PUT http://localhost:6333/collections/law_with_bge_round1/points?wait=true "HTTP/1.1 200 OK"
2025-12-12 00:49:18,378 - INFO - HTTP Request: PUT http://localhost:6333/collections/law_with_e5_emb_not_finetune/points?wait=true "HTTP/1.1 200 OK"
2025-12-12 00:49:18,435 - INFO - PUT http://localhost:9200/_bulk [status:200 duration:0.054s]
2025-12-12 00:49:21,266 - INFO - HTTP Request: PUT http://localhost:6333/collections/law_with_bge_round1/points?wait=true "HTTP/1.1 200 OK"
2025-12-12 00:49:21,291 - INFO - HTTP Request: PUT http://localhost:6333/collections/law_with_e5_emb_not_finetune/points?wait=true "HTTP/1.1 200 OK"
2025-12-12 00:49:21,346 - INFO - PUT http://localhost:9200/_bulk [status:200 duration:0.051s]
2025-12-12 00:49:24,194 - INFO - HTTP Request: PUT http://localhost:6333/collections/law_with_bge_round1/points?wait=true "HTTP/1.1 200 OK"
2025-12-12 00:49:24,221 - INFO - HTTP Request: PUT http://localhost:6333/collections/law_with_e5_emb_not_finetune/points?wait=true "HTTP/1.1 200 OK"
2025-12-12 00:49:24,277 - INFO - PUT http://localhost:9200/_bulk [status:200 duration:0.053s]
2025-12-12 00:49:27,251 - INFO - HTTP Request: PUT http://localhost:6333/collections/law_with_bge_round1/points?wait=true "HTTP/1.1 200 OK"
2025-12-12 00:49:27,301 - INFO - HTTP Request: PUT http://localhost:6333/collections/law_with_e5_emb_not_finetune/points?wait=true "HTTP/1.1 200 OK"
2025-12-12 00:49:27,313 - INFO - PUT http://localhost:9200/_bulk [status:200 duration:0.009s]
2025-12-12 00:49:30,176 - INFO - HTTP Request: PUT http://localhost:6333/collections/law_with_bge_round1/points?wait=true "HTTP/1.1 200 OK"
2025-12-12 00:49:30,225 - INFO - HTTP Request: PUT http://localhost:6333/collections/law_with_e5_emb_not_finetune/points?wait=true "HTTP/1.1 200 OK"
2025-12-12 00:49:30,281 - INFO - PUT http://localhost:9200/_bulk [status:200 duration:0.052s]
2025-12-12 00:49:33,124 - INFO - HTTP Request: PUT http://localhost:6333/collections/law_with_bge_round1/points?wait=true "HTTP/1.1 200 OK"
2025-12-12 00:49:33,149 - INFO - HTTP Request: PUT http://localhost:6333/collections/law_with_e5_emb_not_finetune/points?wait=true "HTTP/1.1 200 OK"
2025-12-12 00:49:33,160 - INFO - PUT http://localhost:9200/_bulk [status:200 duration:0.008s]
2025-12-12 00:49:36,031 - INFO - HTTP Request: PUT http://localhost:6333/collections/law_with_bge_round1/points?wait=true "HTTP/1.1 200 OK"
2025-12-12 00:49:36,057 - INFO - HTTP Request: PUT http://localhost:6333/collections/law_with_e5_emb_not_finetune/points?wait=true "HTTP/1.1 200 OK"
2025-12-12 00:49:36,068 - INFO - PUT http://localhost:9200/_bulk [status:200 duration:0.007s]
2025-12-12 00:49:38,904 - INFO - HTTP Request: PUT http://localhost:6333/collections/law_with_bge_round1/points?wait=true "HTTP/1.1 200 OK"
2025-12-12 00:49:38,929 - INFO - HTTP Request: PUT http://localhost:6333/collections/law_with_e5_emb_not_finetune/points?wait=true "HTTP/1.1 200 OK"
2025-12-12 00:49:38,984 - INFO - PUT http://localhost:9200/_bulk [status:200 duration:0.052s]
2025-12-12 00:49:41,827 - INFO - HTTP Request: PUT http://localhost:6333/collections/law_with_bge_round1/points?wait=true "HTTP/1.1 200 OK"
2025-12-12 00:49:41,852 - INFO - HTTP Request: PUT http://localhost:6333/collections/law_with_e5_emb_not_finetune/points?wait=true "HTTP/1.1 200 OK"
2025-12-12 00:49:41,903 - INFO - PUT http://localhost:9200/_bulk [status:200 duration:0.049s]
2025-12-12 00:49:44,775 - INFO - HTTP Request: PUT http://localhost:6333/collections/law_with_bge_round1/points?wait=true "HTTP/1.1 200 OK"
2025-12-12 00:49:44,885 - INFO - HTTP Request: PUT http://localhost:6333/collections/law_with_e5_emb_not_finetune/points?wait=true "HTTP/1.1 200 OK"
2025-12-12 00:49:44,896 - INFO - PUT http://localhost:9200/_bulk [status:200 duration:0.008s]
2025-12-12 00:49:47,868 - INFO - HTTP Request: PUT http://localhost:6333/collections/law_with_bge_round1/points?wait=true "HTTP/1.1 200 OK"
2025-12-12 00:49:47,895 - INFO - HTTP Request: PUT http://localhost:6333/collections/law_with_e5_emb_not_finetune/points?wait=true "HTTP/1.1 200 OK"
2025-12-12 00:49:47,949 - INFO - PUT http://localhost:9200/_bulk [status:200 duration:0.050s]
2025-12-12 00:49:50,827 - INFO - HTTP Request: PUT http://localhost:6333/collections/law_with_bge_round1/points?wait=true "HTTP/1.1 200 OK"
2025-12-12 00:49:50,959 - INFO - HTTP Request: PUT http://localhost:6333/collections/law_with_e5_emb_not_finetune/points?wait=true "HTTP/1.1 200 OK"
2025-12-12 00:49:51,008 - INFO - PUT http://localhost:9200/_bulk [status:200 duration:0.047s]
2025-12-12 00:49:53,940 - INFO - HTTP Request: PUT http://localhost:6333/collections/law_with_bge_round1/points?wait=true "HTTP/1.1 200 OK"
2025-12-12 00:49:54,003 - INFO - HTTP Request: PUT http://localhost:6333/collections/law_with_e5_emb_not_finetune/points?wait=true "HTTP/1.1 200 OK"
2025-12-12 00:49:54,057 - INFO - PUT http://localhost:9200/_bulk [status:200 duration:0.051s]
2025-12-12 00:49:56,888 - INFO - HTTP Request: PUT http://localhost:6333/collections/law_with_bge_round1/points?wait=true "HTTP/1.1 200 OK"
2025-12-12 00:49:56,949 - INFO - HTTP Request: PUT http://localhost:6333/collections/law_with_e5_emb_not_finetune/points?wait=true "HTTP/1.1 200 OK"
2025-12-12 00:49:57,009 - INFO - PUT http://localhost:9200/_bulk [status:200 duration:0.057s]
2025-12-12 00:49:59,835 - INFO - HTTP Request: PUT http://localhost:6333/collections/law_with_bge_round1/points?wait=true "HTTP/1.1 200 OK"
2025-12-12 00:49:59,862 - INFO - HTTP Request: PUT http://localhost:6333/collections/law_with_e5_emb_not_finetune/points?wait=true "HTTP/1.1 200 OK"
2025-12-12 00:49:59,919 - INFO - PUT http://localhost:9200/_bulk [status:200 duration:0.053s]
2025-12-12 00:50:02,798 - INFO - HTTP Request: PUT http://localhost:6333/collections/law_with_bge_round1/points?wait=true "HTTP/1.1 200 OK"
2025-12-12 00:50:02,823 - INFO - HTTP Request: PUT http://localhost:6333/collections/law_with_e5_emb_not_finetune/points?wait=true "HTTP/1.1 200 OK"
2025-12-12 00:50:02,835 - INFO - PUT http://localhost:9200/_bulk [status:200 duration:0.008s]
2025-12-12 00:50:05,659 - INFO - HTTP Request: PUT http://localhost:6333/collections/law_with_bge_round1/points?wait=true "HTTP/1.1 200 OK"
2025-12-12 00:50:05,686 - INFO - HTTP Request: PUT http://localhost:6333/collections/law_with_e5_emb_not_finetune/points?wait=true "HTTP/1.1 200 OK"
2025-12-12 00:50:05,749 - INFO - PUT http://localhost:9200/_bulk [status:200 duration:0.060s]
2025-12-12 00:50:08,348 - INFO - HTTP Request: PUT http://localhost:6333/collections/law_with_bge_round1/points?wait=true "HTTP/1.1 200 OK"
2025-12-12 00:50:08,374 - INFO - HTTP Request: PUT http://localhost:6333/collections/law_with_e5_emb_not_finetune/points?wait=true "HTTP/1.1 200 OK"
2025-12-12 00:50:08,428 - INFO - PUT http://localhost:9200/_bulk [status:200 duration:0.051s]
2025-12-12 00:50:11,298 - INFO - HTTP Request: PUT http://localhost:6333/collections/law_with_bge_round1/points?wait=true "HTTP/1.1 200 OK"
2025-12-12 00:50:11,322 - INFO - HTTP Request: PUT http://localhost:6333/collections/law_with_e5_emb_not_finetune/points?wait=true "HTTP/1.1 200 OK"
2025-12-12 00:50:11,375 - INFO - PUT http://localhost:9200/_bulk [status:200 duration:0.050s]
2025-12-12 00:50:14,213 - INFO - HTTP Request: PUT http://localhost:6333/collections/law_with_bge_round1/points?wait=true "HTTP/1.1 200 OK"
2025-12-12 00:50:14,235 - INFO - HTTP Request: PUT http://localhost:6333/collections/law_with_e5_emb_not_finetune/points?wait=true "HTTP/1.1 200 OK"
2025-12-12 00:50:14,291 - INFO - PUT http://localhost:9200/_bulk [status:200 duration:0.051s]
2025-12-12 00:50:17,108 - INFO - HTTP Request: PUT http://localhost:6333/collections/law_with_bge_round1/points?wait=true "HTTP/1.1 200 OK"
2025-12-12 00:50:17,133 - INFO - HTTP Request: PUT http://localhost:6333/collections/law_with_e5_emb_not_finetune/points?wait=true "HTTP/1.1 200 OK"
2025-12-12 00:50:17,186 - INFO - PUT http://localhost:9200/_bulk [status:200 duration:0.051s]
2025-12-12 00:50:20,081 - INFO - HTTP Request: PUT http://localhost:6333/collections/law_with_bge_round1/points?wait=true "HTTP/1.1 200 OK"
2025-12-12 00:50:20,127 - INFO - HTTP Request: PUT http://localhost:6333/collections/law_with_e5_emb_not_finetune/points?wait=true "HTTP/1.1 200 OK"
2025-12-12 00:50:20,181 - INFO - PUT http://localhost:9200/_bulk [status:200 duration:0.051s]
2025-12-12 00:50:23,043 - INFO - HTTP Request: PUT http://localhost:6333/collections/law_with_bge_round1/points?wait=true "HTTP/1.1 200 OK"
2025-12-12 00:50:23,069 - INFO - HTTP Request: PUT http://localhost:6333/collections/law_with_e5_emb_not_finetune/points?wait=true "HTTP/1.1 200 OK"
2025-12-12 00:50:23,123 - INFO - PUT http://localhost:9200/_bulk [status:200 duration:0.052s]
2025-12-12 00:50:25,949 - INFO - HTTP Request: PUT http://localhost:6333/collections/law_with_bge_round1/points?wait=true "HTTP/1.1 200 OK"
2025-12-12 00:50:25,973 - INFO - HTTP Request: PUT http://localhost:6333/collections/law_with_e5_emb_not_finetune/points?wait=true "HTTP/1.1 200 OK"
2025-12-12 00:50:26,024 - INFO - PUT http://localhost:9200/_bulk [status:200 duration:0.047s]
2025-12-12 00:50:28,961 - INFO - HTTP Request: PUT http://localhost:6333/collections/law_with_bge_round1/points?wait=true "HTTP/1.1 200 OK"
2025-12-12 00:50:29,038 - INFO - HTTP Request: PUT http://localhost:6333/collections/law_with_e5_emb_not_finetune/points?wait=true "HTTP/1.1 200 OK"
2025-12-12 00:50:29,049 - INFO - PUT http://localhost:9200/_bulk [status:200 duration:0.008s]
2025-12-12 00:50:32,133 - INFO - HTTP Request: PUT http://localhost:6333/collections/law_with_bge_round1/points?wait=true "HTTP/1.1 200 OK"
2025-12-12 00:50:32,198 - INFO - HTTP Request: PUT http://localhost:6333/collections/law_with_e5_emb_not_finetune/points?wait=true "HTTP/1.1 200 OK"
2025-12-12 00:50:32,248 - INFO - PUT http://localhost:9200/_bulk [status:200 duration:0.047s]
2025-12-12 00:50:35,194 - INFO - HTTP Request: PUT http://localhost:6333/collections/law_with_bge_round1/points?wait=true "HTTP/1.1 200 OK"
2025-12-12 00:50:35,247 - INFO - HTTP Request: PUT http://localhost:6333/collections/law_with_e5_emb_not_finetune/points?wait=true "HTTP/1.1 200 OK"
2025-12-12 00:50:35,300 - INFO - PUT http://localhost:9200/_bulk [status:200 duration:0.050s]
2025-12-12 00:50:38,152 - INFO - HTTP Request: PUT http://localhost:6333/collections/law_with_bge_round1/points?wait=true "HTTP/1.1 200 OK"
2025-12-12 00:50:38,180 - INFO - HTTP Request: PUT http://localhost:6333/collections/law_with_e5_emb_not_finetune/points?wait=true "HTTP/1.1 200 OK"
2025-12-12 00:50:38,191 - INFO - PUT http://localhost:9200/_bulk [status:200 duration:0.008s]
2025-12-12 00:50:41,064 - INFO - HTTP Request: PUT http://localhost:6333/collections/law_with_bge_round1/points?wait=true "HTTP/1.1 200 OK"
2025-12-12 00:50:41,122 - INFO - HTTP Request: PUT http://localhost:6333/collections/law_with_e5_emb_not_finetune/points?wait=true "HTTP/1.1 200 OK"
2025-12-12 00:50:41,132 - INFO - PUT http://localhost:9200/_bulk [status:200 duration:0.007s]
2025-12-12 00:50:44,047 - INFO - HTTP Request: PUT http://localhost:6333/collections/law_with_bge_round1/points?wait=true "HTTP/1.1 200 OK"
2025-12-12 00:50:44,075 - INFO - HTTP Request: PUT http://localhost:6333/collections/law_with_e5_emb_not_finetune/points?wait=true "HTTP/1.1 200 OK"
2025-12-12 00:50:44,086 - INFO - PUT http://localhost:9200/_bulk [status:200 duration:0.008s]
2025-12-12 00:50:46,953 - INFO - HTTP Request: PUT http://localhost:6333/collections/law_with_bge_round1/points?wait=true "HTTP/1.1 200 OK"
2025-12-12 00:50:46,999 - INFO - HTTP Request: PUT http://localhost:6333/collections/law_with_e5_emb_not_finetune/points?wait=true "HTTP/1.1 200 OK"
2025-12-12 00:50:47,011 - INFO - PUT http://localhost:9200/_bulk [status:200 duration:0.008s]
2025-12-12 00:50:49,911 - INFO - HTTP Request: PUT http://localhost:6333/collections/law_with_bge_round1/points?wait=true "HTTP/1.1 200 OK"
2025-12-12 00:50:49,941 - INFO - HTTP Request: PUT http://localhost:6333/collections/law_with_e5_emb_not_finetune/points?wait=true "HTTP/1.1 200 OK"
2025-12-12 00:50:49,991 - INFO - PUT http://localhost:9200/_bulk [status:200 duration:0.048s]
2025-12-12 00:50:52,821 - INFO - HTTP Request: PUT http://localhost:6333/collections/law_with_bge_round1/points?wait=true "HTTP/1.1 200 OK"
2025-12-12 00:50:52,851 - INFO - HTTP Request: PUT http://localhost:6333/collections/law_with_e5_emb_not_finetune/points?wait=true "HTTP/1.1 200 OK"
2025-12-12 00:50:52,907 - INFO - PUT http://localhost:9200/_bulk [status:200 duration:0.053s]
2025-12-12 00:50:55,794 - INFO - HTTP Request: PUT http://localhost:6333/collections/law_with_bge_round1/points?wait=true "HTTP/1.1 200 OK"
2025-12-12 00:50:55,820 - INFO - HTTP Request: PUT http://localhost:6333/collections/law_with_e5_emb_not_finetune/points?wait=true "HTTP/1.1 200 OK"
2025-12-12 00:50:55,830 - INFO - PUT http://localhost:9200/_bulk [status:200 duration:0.007s]
2025-12-12 00:50:58,733 - INFO - HTTP Request: PUT http://localhost:6333/collections/law_with_bge_round1/points?wait=true "HTTP/1.1 200 OK"
2025-12-12 00:50:58,774 - INFO - HTTP Request: PUT http://localhost:6333/collections/law_with_e5_emb_not_finetune/points?wait=true "HTTP/1.1 200 OK"
2025-12-12 00:50:58,824 - INFO - PUT http://localhost:9200/_bulk [status:200 duration:0.047s]
2025-12-12 00:51:01,683 - INFO - HTTP Request: PUT http://localhost:6333/collections/law_with_bge_round1/points?wait=true "HTTP/1.1 200 OK"
2025-12-12 00:51:01,709 - INFO - HTTP Request: PUT http://localhost:6333/collections/law_with_e5_emb_not_finetune/points?wait=true "HTTP/1.1 200 OK"
2025-12-12 00:51:01,763 - INFO - PUT http://localhost:9200/_bulk [status:200 duration:0.052s]
2025-12-12 00:51:04,764 - INFO - HTTP Request: PUT http://localhost:6333/collections/law_with_bge_round1/points?wait=true "HTTP/1.1 200 OK"
2025-12-12 00:51:04,811 - INFO - HTTP Request: PUT http://localhost:6333/collections/law_with_e5_emb_not_finetune/points?wait=true "HTTP/1.1 200 OK"
2025-12-12 00:51:04,820 - INFO - PUT http://localhost:9200/_bulk [status:200 duration:0.006s]
2025-12-12 00:51:07,632 - INFO - HTTP Request: PUT http://localhost:6333/collections/law_with_bge_round1/points?wait=true "HTTP/1.1 200 OK"
2025-12-12 00:51:07,659 - INFO - HTTP Request: PUT http://localhost:6333/collections/law_with_e5_emb_not_finetune/points?wait=true "HTTP/1.1 200 OK"
2025-12-12 00:51:07,715 - INFO - PUT http://localhost:9200/_bulk [status:200 duration:0.054s]
2025-12-12 00:51:10,522 - INFO - HTTP Request: PUT http://localhost:6333/collections/law_with_bge_round1/points?wait=true "HTTP/1.1 200 OK"
2025-12-12 00:51:10,548 - INFO - HTTP Request: PUT http://localhost:6333/collections/law_with_e5_emb_not_finetune/points?wait=true "HTTP/1.1 200 OK"
2025-12-12 00:51:10,604 - INFO - PUT http://localhost:9200/_bulk [status:200 duration:0.052s]
2025-12-12 00:51:13,511 - INFO - HTTP Request: PUT http://localhost:6333/collections/law_with_bge_round1/points?wait=true "HTTP/1.1 200 OK"
2025-12-12 00:51:13,535 - INFO - HTTP Request: PUT http://localhost:6333/collections/law_with_e5_emb_not_finetune/points?wait=true "HTTP/1.1 200 OK"
2025-12-12 00:51:13,546 - INFO - PUT http://localhost:9200/_bulk [status:200 duration:0.007s]
2025-12-12 00:51:16,373 - INFO - HTTP Request: PUT http://localhost:6333/collections/law_with_bge_round1/points?wait=true "HTTP/1.1 200 OK"
2025-12-12 00:51:16,421 - INFO - HTTP Request: PUT http://localhost:6333/collections/law_with_e5_emb_not_finetune/points?wait=true "HTTP/1.1 200 OK"
2025-12-12 00:51:16,476 - INFO - PUT http://localhost:9200/_bulk [status:200 duration:0.051s]
2025-12-12 00:51:19,385 - INFO - HTTP Request: PUT http://localhost:6333/collections/law_with_bge_round1/points?wait=true "HTTP/1.1 200 OK"
2025-12-12 00:51:19,480 - INFO - HTTP Request: PUT http://localhost:6333/collections/law_with_e5_emb_not_finetune/points?wait=true "HTTP/1.1 200 OK"
2025-12-12 00:51:19,535 - INFO - PUT http://localhost:9200/_bulk [status:200 duration:0.050s]
2025-12-12 00:51:22,415 - INFO - HTTP Request: PUT http://localhost:6333/collections/law_with_bge_round1/points?wait=true "HTTP/1.1 200 OK"
2025-12-12 00:51:22,450 - INFO - HTTP Request: PUT http://localhost:6333/collections/law_with_e5_emb_not_finetune/points?wait=true "HTTP/1.1 200 OK"
2025-12-12 00:51:22,503 - INFO - PUT http://localhost:9200/_bulk [status:200 duration:0.050s]
2025-12-12 00:51:25,283 - INFO - HTTP Request: PUT http://localhost:6333/collections/law_with_bge_round1/points?wait=true "HTTP/1.1 200 OK"
2025-12-12 00:51:25,308 - INFO - HTTP Request: PUT http://localhost:6333/collections/law_with_e5_emb_not_finetune/points?wait=true "HTTP/1.1 200 OK"
2025-12-12 00:51:25,318 - INFO - PUT http://localhost:9200/_bulk [status:200 duration:0.007s]
2025-12-12 00:51:28,133 - INFO - HTTP Request: PUT http://localhost:6333/collections/law_with_bge_round1/points?wait=true "HTTP/1.1 200 OK"
2025-12-12 00:51:28,191 - INFO - HTTP Request: PUT http://localhost:6333/collections/law_with_e5_emb_not_finetune/points?wait=true "HTTP/1.1 200 OK"
2025-12-12 00:51:28,204 - INFO - PUT http://localhost:9200/_bulk [status:200 duration:0.009s]
2025-12-12 00:51:31,109 - INFO - HTTP Request: PUT http://localhost:6333/collections/law_with_bge_round1/points?wait=true "HTTP/1.1 200 OK"
2025-12-12 00:51:31,157 - INFO - HTTP Request: PUT http://localhost:6333/collections/law_with_e5_emb_not_finetune/points?wait=true "HTTP/1.1 200 OK"
2025-12-12 00:51:31,167 - INFO - PUT http://localhost:9200/_bulk [status:200 duration:0.007s]
2025-12-12 00:51:34,098 - INFO - HTTP Request: PUT http://localhost:6333/collections/law_with_bge_round1/points?wait=true "HTTP/1.1 200 OK"
2025-12-12 00:51:34,127 - INFO - HTTP Request: PUT http://localhost:6333/collections/law_with_e5_emb_not_finetune/points?wait=true "HTTP/1.1 200 OK"
2025-12-12 00:51:34,182 - INFO - PUT http://localhost:9200/_bulk [status:200 duration:0.052s]
2025-12-12 00:51:36,998 - INFO - HTTP Request: PUT http://localhost:6333/collections/law_with_bge_round1/points?wait=true "HTTP/1.1 200 OK"
2025-12-12 00:51:37,063 - INFO - HTTP Request: PUT http://localhost:6333/collections/law_with_e5_emb_not_finetune/points?wait=true "HTTP/1.1 200 OK"
2025-12-12 00:51:37,119 - INFO - PUT http://localhost:9200/_bulk [status:200 duration:0.052s]
2025-12-12 00:51:39,762 - INFO - HTTP Request: PUT http://localhost:6333/collections/law_with_bge_round1/points?wait=true "HTTP/1.1 200 OK"
2025-12-12 00:51:39,789 - INFO - HTTP Request: PUT http://localhost:6333/collections/law_with_e5_emb_not_finetune/points?wait=true "HTTP/1.1 200 OK"
2025-12-12 00:51:39,841 - INFO - PUT http://localhost:9200/_bulk [status:200 duration:0.049s]
2025-12-12 00:51:42,788 - INFO - HTTP Request: PUT http://localhost:6333/collections/law_with_bge_round1/points?wait=true "HTTP/1.1 200 OK"
2025-12-12 00:51:42,815 - INFO - HTTP Request: PUT http://localhost:6333/collections/law_with_e5_emb_not_finetune/points?wait=true "HTTP/1.1 200 OK"
2025-12-12 00:51:42,825 - INFO - PUT http://localhost:9200/_bulk [status:200 duration:0.007s]
2025-12-12 00:51:45,665 - INFO - HTTP Request: PUT http://localhost:6333/collections/law_with_bge_round1/points?wait=true "HTTP/1.1 200 OK"
2025-12-12 00:51:45,706 - INFO - HTTP Request: PUT http://localhost:6333/collections/law_with_e5_emb_not_finetune/points?wait=true "HTTP/1.1 200 OK"
2025-12-12 00:51:45,719 - INFO - PUT http://localhost:9200/_bulk [status:200 duration:0.007s]
2025-12-12 00:51:48,531 - INFO - HTTP Request: PUT http://localhost:6333/collections/law_with_bge_round1/points?wait=true "HTTP/1.1 200 OK"
2025-12-12 00:51:48,564 - INFO - HTTP Request: PUT http://localhost:6333/collections/law_with_e5_emb_not_finetune/points?wait=true "HTTP/1.1 200 OK"
2025-12-12 00:51:48,576 - INFO - PUT http://localhost:9200/_bulk [status:200 duration:0.007s]
2025-12-12 00:51:51,414 - INFO - HTTP Request: PUT http://localhost:6333/collections/law_with_bge_round1/points?wait=true "HTTP/1.1 200 OK"
2025-12-12 00:51:51,458 - INFO - HTTP Request: PUT http://localhost:6333/collections/law_with_e5_emb_not_finetune/points?wait=true "HTTP/1.1 200 OK"
2025-12-12 00:51:51,469 - INFO - PUT http://localhost:9200/_bulk [status:200 duration:0.008s]
2025-12-12 00:51:54,362 - INFO - HTTP Request: PUT http://localhost:6333/collections/law_with_bge_round1/points?wait=true "HTTP/1.1 200 OK"
2025-12-12 00:51:54,389 - INFO - HTTP Request: PUT http://localhost:6333/collections/law_with_e5_emb_not_finetune/points?wait=true "HTTP/1.1 200 OK"
2025-12-12 00:51:54,443 - INFO - PUT http://localhost:9200/_bulk [status:200 duration:0.052s]
2025-12-12 00:51:57,351 - INFO - HTTP Request: PUT http://localhost:6333/collections/law_with_bge_round1/points?wait=true "HTTP/1.1 200 OK"
2025-12-12 00:51:57,395 - INFO - HTTP Request: PUT http://localhost:6333/collections/law_with_e5_emb_not_finetune/points?wait=true "HTTP/1.1 200 OK"
2025-12-12 00:51:57,405 - INFO - PUT http://localhost:9200/_bulk [status:200 duration:0.007s]
2025-12-12 00:52:00,236 - INFO - HTTP Request: PUT http://localhost:6333/collections/law_with_bge_round1/points?wait=true "HTTP/1.1 200 OK"
2025-12-12 00:52:00,263 - INFO - HTTP Request: PUT http://localhost:6333/collections/law_with_e5_emb_not_finetune/points?wait=true "HTTP/1.1 200 OK"
2025-12-12 00:52:00,273 - INFO - PUT http://localhost:9200/_bulk [status:200 duration:0.008s]
2025-12-12 00:52:03,163 - INFO - HTTP Request: PUT http://localhost:6333/collections/law_with_bge_round1/points?wait=true "HTTP/1.1 200 OK"
2025-12-12 00:52:03,197 - INFO - HTTP Request: PUT http://localhost:6333/collections/law_with_e5_emb_not_finetune/points?wait=true "HTTP/1.1 200 OK"
2025-12-12 00:52:03,249 - INFO - PUT http://localhost:9200/_bulk [status:200 duration:0.049s]
2025-12-12 00:52:06,065 - INFO - HTTP Request: PUT http://localhost:6333/collections/law_with_bge_round1/points?wait=true "HTTP/1.1 200 OK"
2025-12-12 00:52:06,091 - INFO - HTTP Request: PUT http://localhost:6333/collections/law_with_e5_emb_not_finetune/points?wait=true "HTTP/1.1 200 OK"
2025-12-12 00:52:06,102 - INFO - PUT http://localhost:9200/_bulk [status:200 duration:0.008s]
2025-12-12 00:52:08,915 - INFO - HTTP Request: PUT http://localhost:6333/collections/law_with_bge_round1/points?wait=true "HTTP/1.1 200 OK"
2025-12-12 00:52:08,975 - INFO - HTTP Request: PUT http://localhost:6333/collections/law_with_e5_emb_not_finetune/points?wait=true "HTTP/1.1 200 OK"
2025-12-12 00:52:09,033 - INFO - PUT http://localhost:9200/_bulk [status:200 duration:0.054s]
2025-12-12 00:52:11,871 - INFO - HTTP Request: PUT http://localhost:6333/collections/law_with_bge_round1/points?wait=true "HTTP/1.1 200 OK"
2025-12-12 00:52:11,896 - INFO - HTTP Request: PUT http://localhost:6333/collections/law_with_e5_emb_not_finetune/points?wait=true "HTTP/1.1 200 OK"
2025-12-12 00:52:11,910 - INFO - PUT http://localhost:9200/_bulk [status:200 duration:0.010s]
2025-12-12 00:52:14,774 - INFO - HTTP Request: PUT http://localhost:6333/collections/law_with_bge_round1/points?wait=true "HTTP/1.1 200 OK"
2025-12-12 00:52:14,801 - INFO - HTTP Request: PUT http://localhost:6333/collections/law_with_e5_emb_not_finetune/points?wait=true "HTTP/1.1 200 OK"
2025-12-12 00:52:14,811 - INFO - PUT http://localhost:9200/_bulk [status:200 duration:0.008s]
2025-12-12 00:52:17,662 - INFO - HTTP Request: PUT http://localhost:6333/collections/law_with_bge_round1/points?wait=true "HTTP/1.1 200 OK"
2025-12-12 00:52:17,690 - INFO - HTTP Request: PUT http://localhost:6333/collections/law_with_e5_emb_not_finetune/points?wait=true "HTTP/1.1 200 OK"
2025-12-12 00:52:17,699 - INFO - PUT http://localhost:9200/_bulk [status:200 duration:0.007s]
2025-12-12 00:52:20,515 - INFO - HTTP Request: PUT http://localhost:6333/collections/law_with_bge_round1/points?wait=true "HTTP/1.1 200 OK"
2025-12-12 00:52:20,556 - INFO - HTTP Request: PUT http://localhost:6333/collections/law_with_e5_emb_not_finetune/points?wait=true "HTTP/1.1 200 OK"
2025-12-12 00:52:20,613 - INFO - PUT http://localhost:9200/_bulk [status:200 duration:0.053s]
2025-12-12 00:52:23,498 - INFO - HTTP Request: PUT http://localhost:6333/collections/law_with_bge_round1/points?wait=true "HTTP/1.1 200 OK"
2025-12-12 00:52:23,553 - INFO - HTTP Request: PUT http://localhost:6333/collections/law_with_e5_emb_not_finetune/points?wait=true "HTTP/1.1 200 OK"
2025-12-12 00:52:23,609 - INFO - PUT http://localhost:9200/_bulk [status:200 duration:0.052s]
2025-12-12 00:52:26,442 - INFO - HTTP Request: PUT http://localhost:6333/collections/law_with_bge_round1/points?wait=true "HTTP/1.1 200 OK"
2025-12-12 00:52:26,480 - INFO - HTTP Request: PUT http://localhost:6333/collections/law_with_e5_emb_not_finetune/points?wait=true "HTTP/1.1 200 OK"
2025-12-12 00:52:26,532 - INFO - PUT http://localhost:9200/_bulk [status:200 duration:0.051s]
2025-12-12 00:52:29,351 - INFO - HTTP Request: PUT http://localhost:6333/collections/law_with_bge_round1/points?wait=true "HTTP/1.1 200 OK"
2025-12-12 00:52:29,394 - INFO - HTTP Request: PUT http://localhost:6333/collections/law_with_e5_emb_not_finetune/points?wait=true "HTTP/1.1 200 OK"
2025-12-12 00:52:29,405 - INFO - PUT http://localhost:9200/_bulk [status:200 duration:0.008s]
2025-12-12 00:52:32,263 - INFO - HTTP Request: PUT http://localhost:6333/collections/law_with_bge_round1/points?wait=true "HTTP/1.1 200 OK"
2025-12-12 00:52:32,300 - INFO - HTTP Request: PUT http://localhost:6333/collections/law_with_e5_emb_not_finetune/points?wait=true "HTTP/1.1 200 OK"
2025-12-12 00:52:32,355 - INFO - PUT http://localhost:9200/_bulk [status:200 duration:0.052s]
2025-12-12 00:52:35,285 - INFO - HTTP Request: PUT http://localhost:6333/collections/law_with_bge_round1/points?wait=true "HTTP/1.1 200 OK"
2025-12-12 00:52:35,342 - INFO - HTTP Request: PUT http://localhost:6333/collections/law_with_e5_emb_not_finetune/points?wait=true "HTTP/1.1 200 OK"
2025-12-12 00:52:35,353 - INFO - PUT http://localhost:9200/_bulk [status:200 duration:0.008s]
2025-12-12 00:52:38,179 - INFO - HTTP Request: PUT http://localhost:6333/collections/law_with_bge_round1/points?wait=true "HTTP/1.1 200 OK"
2025-12-12 00:52:38,203 - INFO - HTTP Request: PUT http://localhost:6333/collections/law_with_e5_emb_not_finetune/points?wait=true "HTTP/1.1 200 OK"
2025-12-12 00:52:38,214 - INFO - PUT http://localhost:9200/_bulk [status:200 duration:0.007s]
2025-12-12 00:52:41,032 - INFO - HTTP Request: PUT http://localhost:6333/collections/law_with_bge_round1/points?wait=true "HTTP/1.1 200 OK"
2025-12-12 00:52:41,058 - INFO - HTTP Request: PUT http://localhost:6333/collections/law_with_e5_emb_not_finetune/points?wait=true "HTTP/1.1 200 OK"
2025-12-12 00:52:41,118 - INFO - PUT http://localhost:9200/_bulk [status:200 duration:0.057s]
2025-12-12 00:52:44,009 - INFO - HTTP Request: PUT http://localhost:6333/collections/law_with_bge_round1/points?wait=true "HTTP/1.1 200 OK"
2025-12-12 00:52:44,037 - INFO - HTTP Request: PUT http://localhost:6333/collections/law_with_e5_emb_not_finetune/points?wait=true "HTTP/1.1 200 OK"
2025-12-12 00:52:44,089 - INFO - PUT http://localhost:9200/_bulk [status:200 duration:0.049s]
2025-12-12 00:52:46,929 - INFO - HTTP Request: PUT http://localhost:6333/collections/law_with_bge_round1/points?wait=true "HTTP/1.1 200 OK"
2025-12-12 00:52:46,955 - INFO - HTTP Request: PUT http://localhost:6333/collections/law_with_e5_emb_not_finetune/points?wait=true "HTTP/1.1 200 OK"
2025-12-12 00:52:47,009 - INFO - PUT http://localhost:9200/_bulk [status:200 duration:0.051s]
2025-12-12 00:52:49,767 - INFO - HTTP Request: PUT http://localhost:6333/collections/law_with_bge_round1/points?wait=true "HTTP/1.1 200 OK"
2025-12-12 00:52:49,793 - INFO - HTTP Request: PUT http://localhost:6333/collections/law_with_e5_emb_not_finetune/points?wait=true "HTTP/1.1 200 OK"
2025-12-12 00:52:49,804 - INFO - PUT http://localhost:9200/_bulk [status:200 duration:0.008s]
2025-12-12 00:52:52,635 - INFO - HTTP Request: PUT http://localhost:6333/collections/law_with_bge_round1/points?wait=true "HTTP/1.1 200 OK"
2025-12-12 00:52:52,660 - INFO - HTTP Request: PUT http://localhost:6333/collections/law_with_e5_emb_not_finetune/points?wait=true "HTTP/1.1 200 OK"
2025-12-12 00:52:52,670 - INFO - PUT http://localhost:9200/_bulk [status:200 duration:0.007s]
2025-12-12 00:52:55,532 - INFO - HTTP Request: PUT http://localhost:6333/collections/law_with_bge_round1/points?wait=true "HTTP/1.1 200 OK"
2025-12-12 00:52:55,559 - INFO - HTTP Request: PUT http://localhost:6333/collections/law_with_e5_emb_not_finetune/points?wait=true "HTTP/1.1 200 OK"
2025-12-12 00:52:55,614 - INFO - PUT http://localhost:9200/_bulk [status:200 duration:0.052s]
2025-12-12 00:52:58,398 - INFO - HTTP Request: PUT http://localhost:6333/collections/law_with_bge_round1/points?wait=true "HTTP/1.1 200 OK"
2025-12-12 00:52:58,429 - INFO - HTTP Request: PUT http://localhost:6333/collections/law_with_e5_emb_not_finetune/points?wait=true "HTTP/1.1 200 OK"
2025-12-12 00:52:58,445 - INFO - PUT http://localhost:9200/_bulk [status:200 duration:0.012s]
2025-12-12 00:53:01,384 - INFO - HTTP Request: PUT http://localhost:6333/collections/law_with_bge_round1/points?wait=true "HTTP/1.1 200 OK"
2025-12-12 00:53:01,448 - INFO - HTTP Request: PUT http://localhost:6333/collections/law_with_e5_emb_not_finetune/points?wait=true "HTTP/1.1 200 OK"
2025-12-12 00:53:01,459 - INFO - PUT http://localhost:9200/_bulk [status:200 duration:0.008s]
2025-12-12 00:53:04,354 - INFO - HTTP Request: PUT http://localhost:6333/collections/law_with_bge_round1/points?wait=true "HTTP/1.1 200 OK"
2025-12-12 00:53:04,380 - INFO - HTTP Request: PUT http://localhost:6333/collections/law_with_e5_emb_not_finetune/points?wait=true "HTTP/1.1 200 OK"
2025-12-12 00:53:04,395 - INFO - PUT http://localhost:9200/_bulk [status:200 duration:0.011s]
2025-12-12 00:53:07,253 - INFO - HTTP Request: PUT http://localhost:6333/collections/law_with_bge_round1/points?wait=true "HTTP/1.1 200 OK"
2025-12-12 00:53:07,299 - INFO - HTTP Request: PUT http://localhost:6333/collections/law_with_e5_emb_not_finetune/points?wait=true "HTTP/1.1 200 OK"
2025-12-12 00:53:07,310 - INFO - PUT http://localhost:9200/_bulk [status:200 duration:0.009s]
2025-12-12 00:53:10,174 - INFO - HTTP Request: PUT http://localhost:6333/collections/law_with_bge_round1/points?wait=true "HTTP/1.1 200 OK"
2025-12-12 00:53:10,220 - INFO - HTTP Request: PUT http://localhost:6333/collections/law_with_e5_emb_not_finetune/points?wait=true "HTTP/1.1 200 OK"
2025-12-12 00:53:10,231 - INFO - PUT http://localhost:9200/_bulk [status:200 duration:0.008s]
2025-12-12 00:53:13,082 - INFO - HTTP Request: PUT http://localhost:6333/collections/law_with_bge_round1/points?wait=true "HTTP/1.1 200 OK"
2025-12-12 00:53:13,107 - INFO - HTTP Request: PUT http://localhost:6333/collections/law_with_e5_emb_not_finetune/points?wait=true "HTTP/1.1 200 OK"
2025-12-12 00:53:13,160 - INFO - PUT http://localhost:9200/_bulk [status:200 duration:0.050s]
2025-12-12 00:53:15,997 - INFO - HTTP Request: PUT http://localhost:6333/collections/law_with_bge_round1/points?wait=true "HTTP/1.1 200 OK"
2025-12-12 00:53:16,027 - INFO - HTTP Request: PUT http://localhost:6333/collections/law_with_e5_emb_not_finetune/points?wait=true "HTTP/1.1 200 OK"
2025-12-12 00:53:16,083 - INFO - PUT http://localhost:9200/_bulk [status:200 duration:0.054s]
2025-12-12 00:53:18,940 - INFO - HTTP Request: PUT http://localhost:6333/collections/law_with_bge_round1/points?wait=true "HTTP/1.1 200 OK"
2025-12-12 00:53:18,984 - INFO - HTTP Request: PUT http://localhost:6333/collections/law_with_e5_emb_not_finetune/points?wait=true "HTTP/1.1 200 OK"
2025-12-12 00:53:19,034 - INFO - PUT http://localhost:9200/_bulk [status:200 duration:0.047s]
2025-12-12 00:53:21,900 - INFO - HTTP Request: PUT http://localhost:6333/collections/law_with_bge_round1/points?wait=true "HTTP/1.1 200 OK"
2025-12-12 00:53:21,933 - INFO - HTTP Request: PUT http://localhost:6333/collections/law_with_e5_emb_not_finetune/points?wait=true "HTTP/1.1 200 OK"
2025-12-12 00:53:21,988 - INFO - PUT http://localhost:9200/_bulk [status:200 duration:0.052s]
2025-12-12 00:53:24,798 - INFO - HTTP Request: PUT http://localhost:6333/collections/law_with_bge_round1/points?wait=true "HTTP/1.1 200 OK"
2025-12-12 00:53:24,823 - INFO - HTTP Request: PUT http://localhost:6333/collections/law_with_e5_emb_not_finetune/points?wait=true "HTTP/1.1 200 OK"
2025-12-12 00:53:24,875 - INFO - PUT http://localhost:9200/_bulk [status:200 duration:0.049s]
2025-12-12 00:53:27,828 - INFO - HTTP Request: PUT http://localhost:6333/collections/law_with_bge_round1/points?wait=true "HTTP/1.1 200 OK"
2025-12-12 00:53:27,852 - INFO - HTTP Request: PUT http://localhost:6333/collections/law_with_e5_emb_not_finetune/points?wait=true "HTTP/1.1 200 OK"
2025-12-12 00:53:27,907 - INFO - PUT http://localhost:9200/_bulk [status:200 duration:0.052s]
2025-12-12 00:53:30,918 - INFO - HTTP Request: PUT http://localhost:6333/collections/law_with_bge_round1/points?wait=true "HTTP/1.1 200 OK"
2025-12-12 00:53:30,949 - INFO - HTTP Request: PUT http://localhost:6333/collections/law_with_e5_emb_not_finetune/points?wait=true "HTTP/1.1 200 OK"
2025-12-12 00:53:31,001 - INFO - PUT http://localhost:9200/_bulk [status:200 duration:0.048s]
2025-12-12 00:53:33,925 - INFO - HTTP Request: PUT http://localhost:6333/collections/law_with_bge_round1/points?wait=true "HTTP/1.1 200 OK"
2025-12-12 00:53:33,953 - INFO - HTTP Request: PUT http://localhost:6333/collections/law_with_e5_emb_not_finetune/points?wait=true "HTTP/1.1 200 OK"
2025-12-12 00:53:33,964 - INFO - PUT http://localhost:9200/_bulk [status:200 duration:0.008s]
2025-12-12 00:53:36,775 - INFO - HTTP Request: PUT http://localhost:6333/collections/law_with_bge_round1/points?wait=true "HTTP/1.1 200 OK"
2025-12-12 00:53:36,825 - INFO - HTTP Request: PUT http://localhost:6333/collections/law_with_e5_emb_not_finetune/points?wait=true "HTTP/1.1 200 OK"
2025-12-12 00:53:36,878 - INFO - PUT http://localhost:9200/_bulk [status:200 duration:0.050s]
2025-12-12 00:53:39,623 - INFO - HTTP Request: PUT http://localhost:6333/collections/law_with_bge_round1/points?wait=true "HTTP/1.1 200 OK"
2025-12-12 00:53:39,713 - INFO - HTTP Request: PUT http://localhost:6333/collections/law_with_e5_emb_not_finetune/points?wait=true "HTTP/1.1 200 OK"
2025-12-12 00:53:39,727 - INFO - PUT http://localhost:9200/_bulk [status:200 duration:0.011s]
2025-12-12 00:53:42,538 - INFO - HTTP Request: PUT http://localhost:6333/collections/law_with_bge_round1/points?wait=true "HTTP/1.1 200 OK"
2025-12-12 00:53:42,563 - INFO - HTTP Request: PUT http://localhost:6333/collections/law_with_e5_emb_not_finetune/points?wait=true "HTTP/1.1 200 OK"
2025-12-12 00:53:42,574 - INFO - PUT http://localhost:9200/_bulk [status:200 duration:0.009s]
2025-12-12 00:53:45,384 - INFO - HTTP Request: PUT http://localhost:6333/collections/law_with_bge_round1/points?wait=true "HTTP/1.1 200 OK"
2025-12-12 00:53:45,410 - INFO - HTTP Request: PUT http://localhost:6333/collections/law_with_e5_emb_not_finetune/points?wait=true "HTTP/1.1 200 OK"
2025-12-12 00:53:45,420 - INFO - PUT http://localhost:9200/_bulk [status:200 duration:0.007s]
2025-12-12 00:53:48,264 - INFO - HTTP Request: PUT http://localhost:6333/collections/law_with_bge_round1/points?wait=true "HTTP/1.1 200 OK"
2025-12-12 00:53:48,288 - INFO - HTTP Request: PUT http://localhost:6333/collections/law_with_e5_emb_not_finetune/points?wait=true "HTTP/1.1 200 OK"
2025-12-12 00:53:48,341 - INFO - PUT http://localhost:9200/_bulk [status:200 duration:0.050s]
2025-12-12 00:53:51,202 - INFO - HTTP Request: PUT http://localhost:6333/collections/law_with_bge_round1/points?wait=true "HTTP/1.1 200 OK"
2025-12-12 00:53:51,227 - INFO - HTTP Request: PUT http://localhost:6333/collections/law_with_e5_emb_not_finetune/points?wait=true "HTTP/1.1 200 OK"
2025-12-12 00:53:51,286 - INFO - PUT http://localhost:9200/_bulk [status:200 duration:0.057s]
2025-12-12 00:53:54,123 - INFO - HTTP Request: PUT http://localhost:6333/collections/law_with_bge_round1/points?wait=true "HTTP/1.1 200 OK"
2025-12-12 00:53:54,149 - INFO - HTTP Request: PUT http://localhost:6333/collections/law_with_e5_emb_not_finetune/points?wait=true "HTTP/1.1 200 OK"
2025-12-12 00:53:54,200 - INFO - PUT http://localhost:9200/_bulk [status:200 duration:0.048s]
2025-12-12 00:53:57,024 - INFO - HTTP Request: PUT http://localhost:6333/collections/law_with_bge_round1/points?wait=true "HTTP/1.1 200 OK"
2025-12-12 00:53:57,079 - INFO - HTTP Request: PUT http://localhost:6333/collections/law_with_e5_emb_not_finetune/points?wait=true "HTTP/1.1 200 OK"
2025-12-12 00:53:57,135 - INFO - PUT http://localhost:9200/_bulk [status:200 duration:0.053s]
2025-12-12 00:54:00,041 - INFO - HTTP Request: PUT http://localhost:6333/collections/law_with_bge_round1/points?wait=true "HTTP/1.1 200 OK"
2025-12-12 00:54:00,072 - INFO - HTTP Request: PUT http://localhost:6333/collections/law_with_e5_emb_not_finetune/points?wait=true "HTTP/1.1 200 OK"
2025-12-12 00:54:00,131 - INFO - PUT http://localhost:9200/_bulk [status:200 duration:0.057s]
2025-12-12 00:54:03,065 - INFO - HTTP Request: PUT http://localhost:6333/collections/law_with_bge_round1/points?wait=true "HTTP/1.1 200 OK"
2025-12-12 00:54:03,125 - INFO - HTTP Request: PUT http://localhost:6333/collections/law_with_e5_emb_not_finetune/points?wait=true "HTTP/1.1 200 OK"
2025-12-12 00:54:03,137 - INFO - PUT http://localhost:9200/_bulk [status:200 duration:0.009s]
2025-12-12 00:54:05,981 - INFO - HTTP Request: PUT http://localhost:6333/collections/law_with_bge_round1/points?wait=true "HTTP/1.1 200 OK"
2025-12-12 00:54:06,029 - INFO - HTTP Request: PUT http://localhost:6333/collections/law_with_e5_emb_not_finetune/points?wait=true "HTTP/1.1 200 OK"
2025-12-12 00:54:06,086 - INFO - PUT http://localhost:9200/_bulk [status:200 duration:0.054s]
2025-12-12 00:54:08,925 - INFO - HTTP Request: PUT http://localhost:6333/collections/law_with_bge_round1/points?wait=true "HTTP/1.1 200 OK"
2025-12-12 00:54:08,953 - INFO - HTTP Request: PUT http://localhost:6333/collections/law_with_e5_emb_not_finetune/points?wait=true "HTTP/1.1 200 OK"
2025-12-12 00:54:09,002 - INFO - PUT http://localhost:9200/_bulk [status:200 duration:0.047s]
2025-12-12 00:54:11,955 - INFO - HTTP Request: PUT http://localhost:6333/collections/law_with_bge_round1/points?wait=true "HTTP/1.1 200 OK"
2025-12-12 00:54:11,983 - INFO - HTTP Request: PUT http://localhost:6333/collections/law_with_e5_emb_not_finetune/points?wait=true "HTTP/1.1 200 OK"
2025-12-12 00:54:12,039 - INFO - PUT http://localhost:9200/_bulk [status:200 duration:0.053s]
2025-12-12 00:54:14,920 - INFO - HTTP Request: PUT http://localhost:6333/collections/law_with_bge_round1/points?wait=true "HTTP/1.1 200 OK"
2025-12-12 00:54:14,948 - INFO - HTTP Request: PUT http://localhost:6333/collections/law_with_e5_emb_not_finetune/points?wait=true "HTTP/1.1 200 OK"
2025-12-12 00:54:15,008 - INFO - PUT http://localhost:9200/_bulk [status:200 duration:0.057s]
2025-12-12 00:54:17,901 - INFO - HTTP Request: PUT http://localhost:6333/collections/law_with_bge_round1/points?wait=true "HTTP/1.1 200 OK"
2025-12-12 00:54:17,925 - INFO - HTTP Request: PUT http://localhost:6333/collections/law_with_e5_emb_not_finetune/points?wait=true "HTTP/1.1 200 OK"
2025-12-12 00:54:17,936 - INFO - PUT http://localhost:9200/_bulk [status:200 duration:0.007s]
2025-12-12 00:54:20,741 - INFO - HTTP Request: PUT http://localhost:6333/collections/law_with_bge_round1/points?wait=true "HTTP/1.1 200 OK"
2025-12-12 00:54:20,793 - INFO - HTTP Request: PUT http://localhost:6333/collections/law_with_e5_emb_not_finetune/points?wait=true "HTTP/1.1 200 OK"
2025-12-12 00:54:20,805 - INFO - PUT http://localhost:9200/_bulk [status:200 duration:0.008s]
2025-12-12 00:54:23,614 - INFO - HTTP Request: PUT http://localhost:6333/collections/law_with_bge_round1/points?wait=true "HTTP/1.1 200 OK"
2025-12-12 00:54:23,664 - INFO - HTTP Request: PUT http://localhost:6333/collections/law_with_e5_emb_not_finetune/points?wait=true "HTTP/1.1 200 OK"
2025-12-12 00:54:23,733 - INFO - PUT http://localhost:9200/_bulk [status:200 duration:0.066s]
2025-12-12 00:54:26,571 - INFO - HTTP Request: PUT http://localhost:6333/collections/law_with_bge_round1/points?wait=true "HTTP/1.1 200 OK"
2025-12-12 00:54:26,599 - INFO - HTTP Request: PUT http://localhost:6333/collections/law_with_e5_emb_not_finetune/points?wait=true "HTTP/1.1 200 OK"
2025-12-12 00:54:26,648 - INFO - PUT http://localhost:9200/_bulk [status:200 duration:0.046s]
2025-12-12 00:54:29,449 - INFO - HTTP Request: PUT http://localhost:6333/collections/law_with_bge_round1/points?wait=true "HTTP/1.1 200 OK"
2025-12-12 00:54:29,475 - INFO - HTTP Request: PUT http://localhost:6333/collections/law_with_e5_emb_not_finetune/points?wait=true "HTTP/1.1 200 OK"
2025-12-12 00:54:29,485 - INFO - PUT http://localhost:9200/_bulk [status:200 duration:0.006s]
2025-12-12 00:54:32,393 - INFO - HTTP Request: PUT http://localhost:6333/collections/law_with_bge_round1/points?wait=true "HTTP/1.1 200 OK"
2025-12-12 00:54:32,421 - INFO - HTTP Request: PUT http://localhost:6333/collections/law_with_e5_emb_not_finetune/points?wait=true "HTTP/1.1 200 OK"
2025-12-12 00:54:32,477 - INFO - PUT http://localhost:9200/_bulk [status:200 duration:0.053s]
2025-12-12 00:54:35,302 - INFO - HTTP Request: PUT http://localhost:6333/collections/law_with_bge_round1/points?wait=true "HTTP/1.1 200 OK"
2025-12-12 00:54:35,371 - INFO - HTTP Request: PUT http://localhost:6333/collections/law_with_e5_emb_not_finetune/points?wait=true "HTTP/1.1 200 OK"
2025-12-12 00:54:35,382 - INFO - PUT http://localhost:9200/_bulk [status:200 duration:0.008s]
2025-12-12 00:54:38,280 - INFO - HTTP Request: PUT http://localhost:6333/collections/law_with_bge_round1/points?wait=true "HTTP/1.1 200 OK"
2025-12-12 00:54:38,331 - INFO - HTTP Request: PUT http://localhost:6333/collections/law_with_e5_emb_not_finetune/points?wait=true "HTTP/1.1 200 OK"
2025-12-12 00:54:38,340 - INFO - PUT http://localhost:9200/_bulk [status:200 duration:0.007s]
2025-12-12 00:54:41,194 - INFO - HTTP Request: PUT http://localhost:6333/collections/law_with_bge_round1/points?wait=true "HTTP/1.1 200 OK"
2025-12-12 00:54:41,219 - INFO - HTTP Request: PUT http://localhost:6333/collections/law_with_e5_emb_not_finetune/points?wait=true "HTTP/1.1 200 OK"
2025-12-12 00:54:41,272 - INFO - PUT http://localhost:9200/_bulk [status:200 duration:0.050s]
2025-12-12 00:54:44,158 - INFO - HTTP Request: PUT http://localhost:6333/collections/law_with_bge_round1/points?wait=true "HTTP/1.1 200 OK"
2025-12-12 00:54:44,185 - INFO - HTTP Request: PUT http://localhost:6333/collections/law_with_e5_emb_not_finetune/points?wait=true "HTTP/1.1 200 OK"
2025-12-12 00:54:44,196 - INFO - PUT http://localhost:9200/_bulk [status:200 duration:0.007s]
2025-12-12 00:54:47,080 - INFO - HTTP Request: PUT http://localhost:6333/collections/law_with_bge_round1/points?wait=true "HTTP/1.1 200 OK"
2025-12-12 00:54:47,105 - INFO - HTTP Request: PUT http://localhost:6333/collections/law_with_e5_emb_not_finetune/points?wait=true "HTTP/1.1 200 OK"
2025-12-12 00:54:47,161 - INFO - PUT http://localhost:9200/_bulk [status:200 duration:0.053s]
2025-12-12 00:54:50,071 - INFO - HTTP Request: PUT http://localhost:6333/collections/law_with_bge_round1/points?wait=true "HTTP/1.1 200 OK"
2025-12-12 00:54:50,114 - INFO - HTTP Request: PUT http://localhost:6333/collections/law_with_e5_emb_not_finetune/points?wait=true "HTTP/1.1 200 OK"
2025-12-12 00:54:50,128 - INFO - PUT http://localhost:9200/_bulk [status:200 duration:0.011s]
2025-12-12 00:54:53,108 - INFO - HTTP Request: PUT http://localhost:6333/collections/law_with_bge_round1/points?wait=true "HTTP/1.1 200 OK"
2025-12-12 00:54:53,132 - INFO - HTTP Request: PUT http://localhost:6333/collections/law_with_e5_emb_not_finetune/points?wait=true "HTTP/1.1 200 OK"
2025-12-12 00:54:53,185 - INFO - PUT http://localhost:9200/_bulk [status:200 duration:0.051s]
2025-12-12 00:54:55,442 - INFO - HTTP Request: PUT http://localhost:6333/collections/law_with_bge_round1/points?wait=true "HTTP/1.1 200 OK"
2025-12-12 00:54:55,469 - INFO - HTTP Request: PUT http://localhost:6333/collections/law_with_e5_emb_not_finetune/points?wait=true "HTTP/1.1 200 OK"
2025-12-12 00:54:55,520 - INFO - PUT http://localhost:9200/_bulk [status:200 duration:0.048s]
2025-12-12 00:54:58,424 - INFO - HTTP Request: PUT http://localhost:6333/collections/law_with_bge_round1/points?wait=true "HTTP/1.1 200 OK"
2025-12-12 00:54:58,450 - INFO - HTTP Request: PUT http://localhost:6333/collections/law_with_e5_emb_not_finetune/points?wait=true "HTTP/1.1 200 OK"
2025-12-12 00:54:58,510 - INFO - PUT http://localhost:9200/_bulk [status:200 duration:0.056s]
2025-12-12 00:55:01,335 - INFO - HTTP Request: PUT http://localhost:6333/collections/law_with_bge_round1/points?wait=true "HTTP/1.1 200 OK"
2025-12-12 00:55:01,444 - INFO - HTTP Request: PUT http://localhost:6333/collections/law_with_e5_emb_not_finetune/points?wait=true "HTTP/1.1 200 OK"
2025-12-12 00:55:01,457 - INFO - PUT http://localhost:9200/_bulk [status:200 duration:0.010s]
2025-12-12 00:55:04,265 - INFO - HTTP Request: PUT http://localhost:6333/collections/law_with_bge_round1/points?wait=true "HTTP/1.1 200 OK"
2025-12-12 00:55:04,295 - INFO - HTTP Request: PUT http://localhost:6333/collections/law_with_e5_emb_not_finetune/points?wait=true "HTTP/1.1 200 OK"
2025-12-12 00:55:04,347 - INFO - PUT http://localhost:9200/_bulk [status:200 duration:0.048s]
2025-12-12 00:55:07,289 - INFO - HTTP Request: PUT http://localhost:6333/collections/law_with_bge_round1/points?wait=true "HTTP/1.1 200 OK"
2025-12-12 00:55:07,318 - INFO - HTTP Request: PUT http://localhost:6333/collections/law_with_e5_emb_not_finetune/points?wait=true "HTTP/1.1 200 OK"
2025-12-12 00:55:07,334 - INFO - PUT http://localhost:9200/_bulk [status:200 duration:0.011s]
2025-12-12 00:55:10,186 - INFO - HTTP Request: PUT http://localhost:6333/collections/law_with_bge_round1/points?wait=true "HTTP/1.1 200 OK"
2025-12-12 00:55:10,215 - INFO - HTTP Request: PUT http://localhost:6333/collections/law_with_e5_emb_not_finetune/points?wait=true "HTTP/1.1 200 OK"
2025-12-12 00:55:10,229 - INFO - PUT http://localhost:9200/_bulk [status:200 duration:0.011s]
2025-12-12 00:55:13,071 - INFO - HTTP Request: PUT http://localhost:6333/collections/law_with_bge_round1/points?wait=true "HTTP/1.1 200 OK"
2025-12-12 00:55:13,137 - INFO - HTTP Request: PUT http://localhost:6333/collections/law_with_e5_emb_not_finetune/points?wait=true "HTTP/1.1 200 OK"
2025-12-12 00:55:13,156 - INFO - PUT http://localhost:9200/_bulk [status:200 duration:0.015s]
2025-12-12 00:55:16,040 - INFO - HTTP Request: PUT http://localhost:6333/collections/law_with_bge_round1/points?wait=true "HTTP/1.1 200 OK"
2025-12-12 00:55:16,068 - INFO - HTTP Request: PUT http://localhost:6333/collections/law_with_e5_emb_not_finetune/points?wait=true "HTTP/1.1 200 OK"
2025-12-12 00:55:16,084 - INFO - PUT http://localhost:9200/_bulk [status:200 duration:0.012s]
2025-12-12 00:55:18,891 - INFO - HTTP Request: PUT http://localhost:6333/collections/law_with_bge_round1/points?wait=true "HTTP/1.1 200 OK"
2025-12-12 00:55:18,916 - INFO - HTTP Request: PUT http://localhost:6333/collections/law_with_e5_emb_not_finetune/points?wait=true "HTTP/1.1 200 OK"
2025-12-12 00:55:18,969 - INFO - PUT http://localhost:9200/_bulk [status:200 duration:0.050s]
2025-12-12 00:55:21,841 - INFO - HTTP Request: PUT http://localhost:6333/collections/law_with_bge_round1/points?wait=true "HTTP/1.1 200 OK"
2025-12-12 00:55:21,890 - INFO - HTTP Request: PUT http://localhost:6333/collections/law_with_e5_emb_not_finetune/points?wait=true "HTTP/1.1 200 OK"
2025-12-12 00:55:21,944 - INFO - PUT http://localhost:9200/_bulk [status:200 duration:0.051s]
2025-12-12 00:55:24,793 - INFO - HTTP Request: PUT http://localhost:6333/collections/law_with_bge_round1/points?wait=true "HTTP/1.1 200 OK"
2025-12-12 00:55:24,821 - INFO - HTTP Request: PUT http://localhost:6333/collections/law_with_e5_emb_not_finetune/points?wait=true "HTTP/1.1 200 OK"
2025-12-12 00:55:24,874 - INFO - PUT http://localhost:9200/_bulk [status:200 duration:0.051s]
2025-12-12 00:55:27,808 - INFO - HTTP Request: PUT http://localhost:6333/collections/law_with_bge_round1/points?wait=true "HTTP/1.1 200 OK"
2025-12-12 00:55:27,834 - INFO - HTTP Request: PUT http://localhost:6333/collections/law_with_e5_emb_not_finetune/points?wait=true "HTTP/1.1 200 OK"
2025-12-12 00:55:27,844 - INFO - PUT http://localhost:9200/_bulk [status:200 duration:0.007s]
2025-12-12 00:55:30,721 - INFO - HTTP Request: PUT http://localhost:6333/collections/law_with_bge_round1/points?wait=true "HTTP/1.1 200 OK"
2025-12-12 00:55:30,745 - INFO - HTTP Request: PUT http://localhost:6333/collections/law_with_e5_emb_not_finetune/points?wait=true "HTTP/1.1 200 OK"
2025-12-12 00:55:30,799 - INFO - PUT http://localhost:9200/_bulk [status:200 duration:0.050s]
2025-12-12 00:55:33,625 - INFO - HTTP Request: PUT http://localhost:6333/collections/law_with_bge_round1/points?wait=true "HTTP/1.1 200 OK"
2025-12-12 00:55:33,670 - INFO - HTTP Request: PUT http://localhost:6333/collections/law_with_e5_emb_not_finetune/points?wait=true "HTTP/1.1 200 OK"
2025-12-12 00:55:33,727 - INFO - PUT http://localhost:9200/_bulk [status:200 duration:0.054s]
2025-12-12 00:55:36,607 - INFO - HTTP Request: PUT http://localhost:6333/collections/law_with_bge_round1/points?wait=true "HTTP/1.1 200 OK"
2025-12-12 00:55:36,639 - INFO - HTTP Request: PUT http://localhost:6333/collections/law_with_e5_emb_not_finetune/points?wait=true "HTTP/1.1 200 OK"
2025-12-12 00:55:36,651 - INFO - PUT http://localhost:9200/_bulk [status:200 duration:0.008s]
2025-12-12 00:55:39,454 - INFO - HTTP Request: PUT http://localhost:6333/collections/law_with_bge_round1/points?wait=true "HTTP/1.1 200 OK"
2025-12-12 00:55:39,510 - INFO - HTTP Request: PUT http://localhost:6333/collections/law_with_e5_emb_not_finetune/points?wait=true "HTTP/1.1 200 OK"
2025-12-12 00:55:39,522 - INFO - PUT http://localhost:9200/_bulk [status:200 duration:0.009s]
2025-12-12 00:55:42,404 - INFO - HTTP Request: PUT http://localhost:6333/collections/law_with_bge_round1/points?wait=true "HTTP/1.1 200 OK"
2025-12-12 00:55:42,428 - INFO - HTTP Request: PUT http://localhost:6333/collections/law_with_e5_emb_not_finetune/points?wait=true "HTTP/1.1 200 OK"
2025-12-12 00:55:42,484 - INFO - PUT http://localhost:9200/_bulk [status:200 duration:0.054s]
2025-12-12 00:55:45,305 - INFO - HTTP Request: PUT http://localhost:6333/collections/law_with_bge_round1/points?wait=true "HTTP/1.1 200 OK"
2025-12-12 00:55:45,369 - INFO - HTTP Request: PUT http://localhost:6333/collections/law_with_e5_emb_not_finetune/points?wait=true "HTTP/1.1 200 OK"
2025-12-12 00:55:45,430 - INFO - PUT http://localhost:9200/_bulk [status:200 duration:0.058s]
2025-12-12 00:55:47,686 - INFO - HTTP Request: PUT http://localhost:6333/collections/law_with_bge_round1/points?wait=true "HTTP/1.1 200 OK"
2025-12-12 00:55:47,797 - INFO - HTTP Request: PUT http://localhost:6333/collections/law_with_e5_emb_not_finetune/points?wait=true "HTTP/1.1 200 OK"
2025-12-12 00:55:47,851 - INFO - PUT http://localhost:9200/_bulk [status:200 duration:0.051s]
2025-12-12 00:55:50,691 - INFO - HTTP Request: PUT http://localhost:6333/collections/law_with_bge_round1/points?wait=true "HTTP/1.1 200 OK"
2025-12-12 00:55:50,761 - INFO - HTTP Request: PUT http://localhost:6333/collections/law_with_e5_emb_not_finetune/points?wait=true "HTTP/1.1 200 OK"
2025-12-12 00:55:50,812 - INFO - PUT http://localhost:9200/_bulk [status:200 duration:0.048s]
2025-12-12 00:55:53,726 - INFO - HTTP Request: PUT http://localhost:6333/collections/law_with_bge_round1/points?wait=true "HTTP/1.1 200 OK"
2025-12-12 00:55:53,765 - INFO - HTTP Request: PUT http://localhost:6333/collections/law_with_e5_emb_not_finetune/points?wait=true "HTTP/1.1 200 OK"
2025-12-12 00:55:53,816 - INFO - PUT http://localhost:9200/_bulk [status:200 duration:0.049s]
2025-12-12 00:55:56,675 - INFO - HTTP Request: PUT http://localhost:6333/collections/law_with_bge_round1/points?wait=true "HTTP/1.1 200 OK"
2025-12-12 00:55:56,704 - INFO - HTTP Request: PUT http://localhost:6333/collections/law_with_e5_emb_not_finetune/points?wait=true "HTTP/1.1 200 OK"
2025-12-12 00:55:56,759 - INFO - PUT http://localhost:9200/_bulk [status:200 duration:0.052s]
2025-12-12 00:55:59,650 - INFO - HTTP Request: PUT http://localhost:6333/collections/law_with_bge_round1/points?wait=true "HTTP/1.1 200 OK"
2025-12-12 00:55:59,695 - INFO - HTTP Request: PUT http://localhost:6333/collections/law_with_e5_emb_not_finetune/points?wait=true "HTTP/1.1 200 OK"
2025-12-12 00:55:59,753 - INFO - PUT http://localhost:9200/_bulk [status:200 duration:0.053s]
2025-12-12 00:56:02,618 - INFO - HTTP Request: PUT http://localhost:6333/collections/law_with_bge_round1/points?wait=true "HTTP/1.1 200 OK"
2025-12-12 00:56:02,674 - INFO - HTTP Request: PUT http://localhost:6333/collections/law_with_e5_emb_not_finetune/points?wait=true "HTTP/1.1 200 OK"
2025-12-12 00:56:02,727 - INFO - PUT http://localhost:9200/_bulk [status:200 duration:0.050s]
2025-12-12 00:56:05,620 - INFO - HTTP Request: PUT http://localhost:6333/collections/law_with_bge_round1/points?wait=true "HTTP/1.1 200 OK"
2025-12-12 00:56:05,643 - INFO - HTTP Request: PUT http://localhost:6333/collections/law_with_e5_emb_not_finetune/points?wait=true "HTTP/1.1 200 OK"
2025-12-12 00:56:05,653 - INFO - PUT http://localhost:9200/_bulk [status:200 duration:0.007s]
2025-12-12 00:56:08,472 - INFO - HTTP Request: PUT http://localhost:6333/collections/law_with_bge_round1/points?wait=true "HTTP/1.1 200 OK"
2025-12-12 00:56:08,500 - INFO - HTTP Request: PUT http://localhost:6333/collections/law_with_e5_emb_not_finetune/points?wait=true "HTTP/1.1 200 OK"
2025-12-12 00:56:08,556 - INFO - PUT http://localhost:9200/_bulk [status:200 duration:0.053s]
2025-12-12 00:56:11,459 - INFO - HTTP Request: PUT http://localhost:6333/collections/law_with_bge_round1/points?wait=true "HTTP/1.1 200 OK"
2025-12-12 00:56:11,486 - INFO - HTTP Request: PUT http://localhost:6333/collections/law_with_e5_emb_not_finetune/points?wait=true "HTTP/1.1 200 OK"
2025-12-12 00:56:11,496 - INFO - PUT http://localhost:9200/_bulk [status:200 duration:0.007s]
2025-12-12 00:56:14,698 - INFO - HTTP Request: PUT http://localhost:6333/collections/law_with_bge_round1/points?wait=true "HTTP/1.1 200 OK"
2025-12-12 00:56:14,729 - INFO - HTTP Request: PUT http://localhost:6333/collections/law_with_e5_emb_not_finetune/points?wait=true "HTTP/1.1 200 OK"
2025-12-12 00:56:14,805 - INFO - PUT http://localhost:9200/_bulk [status:200 duration:0.072s]
2025-12-12 00:56:17,785 - INFO - HTTP Request: PUT http://localhost:6333/collections/law_with_bge_round1/points?wait=true "HTTP/1.1 200 OK"
2025-12-12 00:56:17,811 - INFO - HTTP Request: PUT http://localhost:6333/collections/law_with_e5_emb_not_finetune/points?wait=true "HTTP/1.1 200 OK"
2025-12-12 00:56:17,869 - INFO - PUT http://localhost:9200/_bulk [status:200 duration:0.055s]
2025-12-12 00:56:20,727 - INFO - HTTP Request: PUT http://localhost:6333/collections/law_with_bge_round1/points?wait=true "HTTP/1.1 200 OK"
2025-12-12 00:56:20,752 - INFO - HTTP Request: PUT http://localhost:6333/collections/law_with_e5_emb_not_finetune/points?wait=true "HTTP/1.1 200 OK"
2025-12-12 00:56:20,808 - INFO - PUT http://localhost:9200/_bulk [status:200 duration:0.053s]
2025-12-12 00:56:23,731 - INFO - HTTP Request: PUT http://localhost:6333/collections/law_with_bge_round1/points?wait=true "HTTP/1.1 200 OK"
2025-12-12 00:56:23,755 - INFO - HTTP Request: PUT http://localhost:6333/collections/law_with_e5_emb_not_finetune/points?wait=true "HTTP/1.1 200 OK"
2025-12-12 00:56:23,809 - INFO - PUT http://localhost:9200/_bulk [status:200 duration:0.050s]
2025-12-12 00:56:26,643 - INFO - HTTP Request: PUT http://localhost:6333/collections/law_with_bge_round1/points?wait=true "HTTP/1.1 200 OK"
2025-12-12 00:56:26,667 - INFO - HTTP Request: PUT http://localhost:6333/collections/law_with_e5_emb_not_finetune/points?wait=true "HTTP/1.1 200 OK"
2025-12-12 00:56:26,721 - INFO - PUT http://localhost:9200/_bulk [status:200 duration:0.051s]
2025-12-12 00:56:29,591 - INFO - HTTP Request: PUT http://localhost:6333/collections/law_with_bge_round1/points?wait=true "HTTP/1.1 200 OK"
2025-12-12 00:56:29,620 - INFO - HTTP Request: PUT http://localhost:6333/collections/law_with_e5_emb_not_finetune/points?wait=true "HTTP/1.1 200 OK"
2025-12-12 00:56:29,674 - INFO - PUT http://localhost:9200/_bulk [status:200 duration:0.050s]
2025-12-12 00:56:32,559 - INFO - HTTP Request: PUT http://localhost:6333/collections/law_with_bge_round1/points?wait=true "HTTP/1.1 200 OK"
2025-12-12 00:56:32,583 - INFO - HTTP Request: PUT http://localhost:6333/collections/law_with_e5_emb_not_finetune/points?wait=true "HTTP/1.1 200 OK"
2025-12-12 00:56:32,633 - INFO - PUT http://localhost:9200/_bulk [status:200 duration:0.047s]
2025-12-12 00:56:35,461 - INFO - HTTP Request: PUT http://localhost:6333/collections/law_with_bge_round1/points?wait=true "HTTP/1.1 200 OK"
2025-12-12 00:56:35,487 - INFO - HTTP Request: PUT http://localhost:6333/collections/law_with_e5_emb_not_finetune/points?wait=true "HTTP/1.1 200 OK"
2025-12-12 00:56:35,543 - INFO - PUT http://localhost:9200/_bulk [status:200 duration:0.053s]
2025-12-12 00:56:38,411 - INFO - HTTP Request: PUT http://localhost:6333/collections/law_with_bge_round1/points?wait=true "HTTP/1.1 200 OK"
2025-12-12 00:56:38,436 - INFO - HTTP Request: PUT http://localhost:6333/collections/law_with_e5_emb_not_finetune/points?wait=true "HTTP/1.1 200 OK"
2025-12-12 00:56:38,495 - INFO - PUT http://localhost:9200/_bulk [status:200 duration:0.055s]
2025-12-12 00:56:41,350 - INFO - HTTP Request: PUT http://localhost:6333/collections/law_with_bge_round1/points?wait=true "HTTP/1.1 200 OK"
2025-12-12 00:56:41,377 - INFO - HTTP Request: PUT http://localhost:6333/collections/law_with_e5_emb_not_finetune/points?wait=true "HTTP/1.1 200 OK"
2025-12-12 00:56:41,429 - INFO - PUT http://localhost:9200/_bulk [status:200 duration:0.049s]
2025-12-12 00:56:44,373 - INFO - HTTP Request: PUT http://localhost:6333/collections/law_with_bge_round1/points?wait=true "HTTP/1.1 200 OK"
2025-12-12 00:56:44,397 - INFO - HTTP Request: PUT http://localhost:6333/collections/law_with_e5_emb_not_finetune/points?wait=true "HTTP/1.1 200 OK"
2025-12-12 00:56:44,452 - INFO - PUT http://localhost:9200/_bulk [status:200 duration:0.052s]
2025-12-12 00:56:47,272 - INFO - HTTP Request: PUT http://localhost:6333/collections/law_with_bge_round1/points?wait=true "HTTP/1.1 200 OK"
2025-12-12 00:56:47,296 - INFO - HTTP Request: PUT http://localhost:6333/collections/law_with_e5_emb_not_finetune/points?wait=true "HTTP/1.1 200 OK"
2025-12-12 00:56:47,305 - INFO - PUT http://localhost:9200/_bulk [status:200 duration:0.005s]
2025-12-12 00:56:50,221 - INFO - HTTP Request: PUT http://localhost:6333/collections/law_with_bge_round1/points?wait=true "HTTP/1.1 200 OK"
2025-12-12 00:56:50,247 - INFO - HTTP Request: PUT http://localhost:6333/collections/law_with_e5_emb_not_finetune/points?wait=true "HTTP/1.1 200 OK"
2025-12-12 00:56:50,257 - INFO - PUT http://localhost:9200/_bulk [status:200 duration:0.006s]
2025-12-12 00:56:53,118 - INFO - HTTP Request: PUT http://localhost:6333/collections/law_with_bge_round1/points?wait=true "HTTP/1.1 200 OK"
2025-12-12 00:56:53,171 - INFO - HTTP Request: PUT http://localhost:6333/collections/law_with_e5_emb_not_finetune/points?wait=true "HTTP/1.1 200 OK"
2025-12-12 00:56:53,182 - INFO - PUT http://localhost:9200/_bulk [status:200 duration:0.007s]
2025-12-12 00:56:56,050 - INFO - HTTP Request: PUT http://localhost:6333/collections/law_with_bge_round1/points?wait=true "HTTP/1.1 200 OK"
2025-12-12 00:56:56,076 - INFO - HTTP Request: PUT http://localhost:6333/collections/law_with_e5_emb_not_finetune/points?wait=true "HTTP/1.1 200 OK"
2025-12-12 00:56:56,132 - INFO - PUT http://localhost:9200/_bulk [status:200 duration:0.053s]
2025-12-12 00:56:58,985 - INFO - HTTP Request: PUT http://localhost:6333/collections/law_with_bge_round1/points?wait=true "HTTP/1.1 200 OK"
2025-12-12 00:56:59,010 - INFO - HTTP Request: PUT http://localhost:6333/collections/law_with_e5_emb_not_finetune/points?wait=true "HTTP/1.1 200 OK"
2025-12-12 00:56:59,019 - INFO - PUT http://localhost:9200/_bulk [status:200 duration:0.006s]
2025-12-12 00:57:01,830 - INFO - HTTP Request: PUT http://localhost:6333/collections/law_with_bge_round1/points?wait=true "HTTP/1.1 200 OK"
2025-12-12 00:57:01,879 - INFO - HTTP Request: PUT http://localhost:6333/collections/law_with_e5_emb_not_finetune/points?wait=true "HTTP/1.1 200 OK"
2025-12-12 00:57:01,888 - INFO - PUT http://localhost:9200/_bulk [status:200 duration:0.006s]
2025-12-12 00:57:04,718 - INFO - HTTP Request: PUT http://localhost:6333/collections/law_with_bge_round1/points?wait=true "HTTP/1.1 200 OK"
2025-12-12 00:57:04,745 - INFO - HTTP Request: PUT http://localhost:6333/collections/law_with_e5_emb_not_finetune/points?wait=true "HTTP/1.1 200 OK"
2025-12-12 00:57:04,755 - INFO - PUT http://localhost:9200/_bulk [status:200 duration:0.008s]
2025-12-12 00:57:07,565 - INFO - HTTP Request: PUT http://localhost:6333/collections/law_with_bge_round1/points?wait=true "HTTP/1.1 200 OK"
2025-12-12 00:57:07,615 - INFO - HTTP Request: PUT http://localhost:6333/collections/law_with_e5_emb_not_finetune/points?wait=true "HTTP/1.1 200 OK"
2025-12-12 00:57:07,626 - INFO - PUT http://localhost:9200/_bulk [status:200 duration:0.007s]
2025-12-12 00:57:10,482 - INFO - HTTP Request: PUT http://localhost:6333/collections/law_with_bge_round1/points?wait=true "HTTP/1.1 200 OK"
2025-12-12 00:57:10,532 - INFO - HTTP Request: PUT http://localhost:6333/collections/law_with_e5_emb_not_finetune/points?wait=true "HTTP/1.1 200 OK"
2025-12-12 00:57:10,544 - INFO - PUT http://localhost:9200/_bulk [status:200 duration:0.009s]
2025-12-12 00:57:13,441 - INFO - HTTP Request: PUT http://localhost:6333/collections/law_with_bge_round1/points?wait=true "HTTP/1.1 200 OK"
2025-12-12 00:57:13,480 - INFO - HTTP Request: PUT http://localhost:6333/collections/law_with_e5_emb_not_finetune/points?wait=true "HTTP/1.1 200 OK"
2025-12-12 00:57:13,491 - INFO - PUT http://localhost:9200/_bulk [status:200 duration:0.007s]
2025-12-12 00:57:16,379 - INFO - HTTP Request: PUT http://localhost:6333/collections/law_with_bge_round1/points?wait=true "HTTP/1.1 200 OK"
2025-12-12 00:57:16,405 - INFO - HTTP Request: PUT http://localhost:6333/collections/law_with_e5_emb_not_finetune/points?wait=true "HTTP/1.1 200 OK"
2025-12-12 00:57:16,456 - INFO - PUT http://localhost:9200/_bulk [status:200 duration:0.049s]
2025-12-12 00:57:19,283 - INFO - HTTP Request: PUT http://localhost:6333/collections/law_with_bge_round1/points?wait=true "HTTP/1.1 200 OK"
2025-12-12 00:57:19,308 - INFO - HTTP Request: PUT http://localhost:6333/collections/law_with_e5_emb_not_finetune/points?wait=true "HTTP/1.1 200 OK"
2025-12-12 00:57:19,319 - INFO - PUT http://localhost:9200/_bulk [status:200 duration:0.007s]
2025-12-12 00:57:22,257 - INFO - HTTP Request: PUT http://localhost:6333/collections/law_with_bge_round1/points?wait=true "HTTP/1.1 200 OK"
2025-12-12 00:57:22,307 - INFO - HTTP Request: PUT http://localhost:6333/collections/law_with_e5_emb_not_finetune/points?wait=true "HTTP/1.1 200 OK"
2025-12-12 00:57:22,317 - INFO - PUT http://localhost:9200/_bulk [status:200 duration:0.007s]
2025-12-12 00:57:25,335 - INFO - HTTP Request: PUT http://localhost:6333/collections/law_with_bge_round1/points?wait=true "HTTP/1.1 200 OK"
2025-12-12 00:57:25,374 - INFO - HTTP Request: PUT http://localhost:6333/collections/law_with_e5_emb_not_finetune/points?wait=true "HTTP/1.1 200 OK"
2025-12-12 00:57:25,427 - INFO - PUT http://localhost:9200/_bulk [status:200 duration:0.051s]
2025-12-12 00:57:28,309 - INFO - HTTP Request: PUT http://localhost:6333/collections/law_with_bge_round1/points?wait=true "HTTP/1.1 200 OK"
2025-12-12 00:57:28,347 - INFO - HTTP Request: PUT http://localhost:6333/collections/law_with_e5_emb_not_finetune/points?wait=true "HTTP/1.1 200 OK"
2025-12-12 00:57:28,356 - INFO - PUT http://localhost:9200/_bulk [status:200 duration:0.006s]
2025-12-12 00:57:31,231 - INFO - HTTP Request: PUT http://localhost:6333/collections/law_with_bge_round1/points?wait=true "HTTP/1.1 200 OK"
2025-12-12 00:57:31,280 - INFO - HTTP Request: PUT http://localhost:6333/collections/law_with_e5_emb_not_finetune/points?wait=true "HTTP/1.1 200 OK"
2025-12-12 00:57:31,331 - INFO - PUT http://localhost:9200/_bulk [status:200 duration:0.048s]
2025-12-12 00:57:34,126 - INFO - HTTP Request: PUT http://localhost:6333/collections/law_with_bge_round1/points?wait=true "HTTP/1.1 200 OK"
2025-12-12 00:57:34,184 - INFO - HTTP Request: PUT http://localhost:6333/collections/law_with_e5_emb_not_finetune/points?wait=true "HTTP/1.1 200 OK"
2025-12-12 00:57:34,194 - INFO - PUT http://localhost:9200/_bulk [status:200 duration:0.008s]
2025-12-12 00:57:36,951 - INFO - HTTP Request: PUT http://localhost:6333/collections/law_with_bge_round1/points?wait=true "HTTP/1.1 200 OK"
2025-12-12 00:57:36,977 - INFO - HTTP Request: PUT http://localhost:6333/collections/law_with_e5_emb_not_finetune/points?wait=true "HTTP/1.1 200 OK"
2025-12-12 00:57:36,986 - INFO - PUT http://localhost:9200/_bulk [status:200 duration:0.006s]
2025-12-12 00:57:39,783 - INFO - HTTP Request: PUT http://localhost:6333/collections/law_with_bge_round1/points?wait=true "HTTP/1.1 200 OK"
2025-12-12 00:57:39,807 - INFO - HTTP Request: PUT http://localhost:6333/collections/law_with_e5_emb_not_finetune/points?wait=true "HTTP/1.1 200 OK"
2025-12-12 00:57:39,818 - INFO - PUT http://localhost:9200/_bulk [status:200 duration:0.007s]
2025-12-12 00:57:42,742 - INFO - HTTP Request: PUT http://localhost:6333/collections/law_with_bge_round1/points?wait=true "HTTP/1.1 200 OK"
2025-12-12 00:57:42,771 - INFO - HTTP Request: PUT http://localhost:6333/collections/law_with_e5_emb_not_finetune/points?wait=true "HTTP/1.1 200 OK"
2025-12-12 00:57:42,825 - INFO - PUT http://localhost:9200/_bulk [status:200 duration:0.051s]
2025-12-12 00:57:45,680 - INFO - HTTP Request: PUT http://localhost:6333/collections/law_with_bge_round1/points?wait=true "HTTP/1.1 200 OK"
2025-12-12 00:57:45,706 - INFO - HTTP Request: PUT http://localhost:6333/collections/law_with_e5_emb_not_finetune/points?wait=true "HTTP/1.1 200 OK"
2025-12-12 00:57:45,716 - INFO - PUT http://localhost:9200/_bulk [status:200 duration:0.007s]
2025-12-12 00:57:48,559 - INFO - HTTP Request: PUT http://localhost:6333/collections/law_with_bge_round1/points?wait=true "HTTP/1.1 200 OK"
2025-12-12 00:57:48,605 - INFO - HTTP Request: PUT http://localhost:6333/collections/law_with_e5_emb_not_finetune/points?wait=true "HTTP/1.1 200 OK"
2025-12-12 00:57:48,615 - INFO - PUT http://localhost:9200/_bulk [status:200 duration:0.007s]
2025-12-12 00:57:51,520 - INFO - HTTP Request: PUT http://localhost:6333/collections/law_with_bge_round1/points?wait=true "HTTP/1.1 200 OK"
2025-12-12 00:57:51,545 - INFO - HTTP Request: PUT http://localhost:6333/collections/law_with_e5_emb_not_finetune/points?wait=true "HTTP/1.1 200 OK"
2025-12-12 00:57:51,556 - INFO - PUT http://localhost:9200/_bulk [status:200 duration:0.007s]
2025-12-12 00:57:54,433 - INFO - HTTP Request: PUT http://localhost:6333/collections/law_with_bge_round1/points?wait=true "HTTP/1.1 200 OK"
2025-12-12 00:57:54,489 - INFO - HTTP Request: PUT http://localhost:6333/collections/law_with_e5_emb_not_finetune/points?wait=true "HTTP/1.1 200 OK"
2025-12-12 00:57:54,543 - INFO - PUT http://localhost:9200/_bulk [status:200 duration:0.051s]
2025-12-12 00:57:57,383 - INFO - HTTP Request: PUT http://localhost:6333/collections/law_with_bge_round1/points?wait=true "HTTP/1.1 200 OK"
2025-12-12 00:57:57,471 - INFO - HTTP Request: PUT http://localhost:6333/collections/law_with_e5_emb_not_finetune/points?wait=true "HTTP/1.1 200 OK"
2025-12-12 00:57:57,524 - INFO - PUT http://localhost:9200/_bulk [status:200 duration:0.051s]
2025-12-12 00:58:00,524 - INFO - HTTP Request: PUT http://localhost:6333/collections/law_with_bge_round1/points?wait=true "HTTP/1.1 200 OK"
2025-12-12 00:58:00,550 - INFO - HTTP Request: PUT http://localhost:6333/collections/law_with_e5_emb_not_finetune/points?wait=true "HTTP/1.1 200 OK"
2025-12-12 00:58:00,560 - INFO - PUT http://localhost:9200/_bulk [status:200 duration:0.007s]
2025-12-12 00:58:03,422 - INFO - HTTP Request: PUT http://localhost:6333/collections/law_with_bge_round1/points?wait=true "HTTP/1.1 200 OK"
2025-12-12 00:58:03,450 - INFO - HTTP Request: PUT http://localhost:6333/collections/law_with_e5_emb_not_finetune/points?wait=true "HTTP/1.1 200 OK"
2025-12-12 00:58:03,459 - INFO - PUT http://localhost:9200/_bulk [status:200 duration:0.007s]
2025-12-12 00:58:06,344 - INFO - HTTP Request: PUT http://localhost:6333/collections/law_with_bge_round1/points?wait=true "HTTP/1.1 200 OK"
2025-12-12 00:58:06,402 - INFO - HTTP Request: PUT http://localhost:6333/collections/law_with_e5_emb_not_finetune/points?wait=true "HTTP/1.1 200 OK"
2025-12-12 00:58:06,457 - INFO - PUT http://localhost:9200/_bulk [status:200 duration:0.051s]
2025-12-12 00:58:09,303 - INFO - HTTP Request: PUT http://localhost:6333/collections/law_with_bge_round1/points?wait=true "HTTP/1.1 200 OK"
2025-12-12 00:58:09,347 - INFO - HTTP Request: PUT http://localhost:6333/collections/law_with_e5_emb_not_finetune/points?wait=true "HTTP/1.1 200 OK"
2025-12-12 00:58:09,405 - INFO - PUT http://localhost:9200/_bulk [status:200 duration:0.054s]
2025-12-12 00:58:12,274 - INFO - HTTP Request: PUT http://localhost:6333/collections/law_with_bge_round1/points?wait=true "HTTP/1.1 200 OK"
2025-12-12 00:58:12,300 - INFO - HTTP Request: PUT http://localhost:6333/collections/law_with_e5_emb_not_finetune/points?wait=true "HTTP/1.1 200 OK"
2025-12-12 00:58:12,309 - INFO - PUT http://localhost:9200/_bulk [status:200 duration:0.006s]
2025-12-12 00:58:15,184 - INFO - HTTP Request: PUT http://localhost:6333/collections/law_with_bge_round1/points?wait=true "HTTP/1.1 200 OK"
2025-12-12 00:58:15,254 - INFO - HTTP Request: PUT http://localhost:6333/collections/law_with_e5_emb_not_finetune/points?wait=true "HTTP/1.1 200 OK"
2025-12-12 00:58:15,262 - INFO - PUT http://localhost:9200/_bulk [status:200 duration:0.006s]
2025-12-12 00:58:18,269 - INFO - HTTP Request: PUT http://localhost:6333/collections/law_with_bge_round1/points?wait=true "HTTP/1.1 200 OK"
2025-12-12 00:58:18,294 - INFO - HTTP Request: PUT http://localhost:6333/collections/law_with_e5_emb_not_finetune/points?wait=true "HTTP/1.1 200 OK"
2025-12-12 00:58:18,307 - INFO - PUT http://localhost:9200/_bulk [status:200 duration:0.010s]
2025-12-12 00:58:21,087 - INFO - HTTP Request: PUT http://localhost:6333/collections/law_with_bge_round1/points?wait=true "HTTP/1.1 200 OK"
2025-12-12 00:58:21,113 - INFO - HTTP Request: PUT http://localhost:6333/collections/law_with_e5_emb_not_finetune/points?wait=true "HTTP/1.1 200 OK"
2025-12-12 00:58:21,163 - INFO - PUT http://localhost:9200/_bulk [status:200 duration:0.048s]
2025-12-12 00:58:24,088 - INFO - HTTP Request: PUT http://localhost:6333/collections/law_with_bge_round1/points?wait=true "HTTP/1.1 200 OK"
2025-12-12 00:58:24,159 - INFO - HTTP Request: PUT http://localhost:6333/collections/law_with_e5_emb_not_finetune/points?wait=true "HTTP/1.1 200 OK"
2025-12-12 00:58:24,211 - INFO - PUT http://localhost:9200/_bulk [status:200 duration:0.050s]
2025-12-12 00:58:27,078 - INFO - HTTP Request: PUT http://localhost:6333/collections/law_with_bge_round1/points?wait=true "HTTP/1.1 200 OK"
2025-12-12 00:58:27,102 - INFO - HTTP Request: PUT http://localhost:6333/collections/law_with_e5_emb_not_finetune/points?wait=true "HTTP/1.1 200 OK"
2025-12-12 00:58:27,156 - INFO - PUT http://localhost:9200/_bulk [status:200 duration:0.050s]
2025-12-12 00:58:30,057 - INFO - HTTP Request: PUT http://localhost:6333/collections/law_with_bge_round1/points?wait=true "HTTP/1.1 200 OK"
2025-12-12 00:58:30,085 - INFO - HTTP Request: PUT http://localhost:6333/collections/law_with_e5_emb_not_finetune/points?wait=true "HTTP/1.1 200 OK"
2025-12-12 00:58:30,095 - INFO - PUT http://localhost:9200/_bulk [status:200 duration:0.007s]
2025-12-12 00:58:33,017 - INFO - HTTP Request: PUT http://localhost:6333/collections/law_with_bge_round1/points?wait=true "HTTP/1.1 200 OK"
2025-12-12 00:58:33,043 - INFO - HTTP Request: PUT http://localhost:6333/collections/law_with_e5_emb_not_finetune/points?wait=true "HTTP/1.1 200 OK"
2025-12-12 00:58:33,097 - INFO - PUT http://localhost:9200/_bulk [status:200 duration:0.051s]
2025-12-12 00:58:35,937 - INFO - HTTP Request: PUT http://localhost:6333/collections/law_with_bge_round1/points?wait=true "HTTP/1.1 200 OK"
2025-12-12 00:58:35,964 - INFO - HTTP Request: PUT http://localhost:6333/collections/law_with_e5_emb_not_finetune/points?wait=true "HTTP/1.1 200 OK"
2025-12-12 00:58:35,973 - INFO - PUT http://localhost:9200/_bulk [status:200 duration:0.006s]
2025-12-12 00:58:38,828 - INFO - HTTP Request: PUT http://localhost:6333/collections/law_with_bge_round1/points?wait=true "HTTP/1.1 200 OK"
2025-12-12 00:58:38,900 - INFO - HTTP Request: PUT http://localhost:6333/collections/law_with_e5_emb_not_finetune/points?wait=true "HTTP/1.1 200 OK"
2025-12-12 00:58:38,909 - INFO - PUT http://localhost:9200/_bulk [status:200 duration:0.005s]
2025-12-12 00:58:41,785 - INFO - HTTP Request: PUT http://localhost:6333/collections/law_with_bge_round1/points?wait=true "HTTP/1.1 200 OK"
2025-12-12 00:58:41,830 - INFO - HTTP Request: PUT http://localhost:6333/collections/law_with_e5_emb_not_finetune/points?wait=true "HTTP/1.1 200 OK"
2025-12-12 00:58:41,886 - INFO - PUT http://localhost:9200/_bulk [status:200 duration:0.054s]
2025-12-12 00:58:44,765 - INFO - HTTP Request: PUT http://localhost:6333/collections/law_with_bge_round1/points?wait=true "HTTP/1.1 200 OK"
2025-12-12 00:58:44,791 - INFO - HTTP Request: PUT http://localhost:6333/collections/law_with_e5_emb_not_finetune/points?wait=true "HTTP/1.1 200 OK"
2025-12-12 00:58:44,843 - INFO - PUT http://localhost:9200/_bulk [status:200 duration:0.049s]
2025-12-12 00:58:47,735 - INFO - HTTP Request: PUT http://localhost:6333/collections/law_with_bge_round1/points?wait=true "HTTP/1.1 200 OK"
2025-12-12 00:58:47,761 - INFO - HTTP Request: PUT http://localhost:6333/collections/law_with_e5_emb_not_finetune/points?wait=true "HTTP/1.1 200 OK"
2025-12-12 00:58:47,818 - INFO - PUT http://localhost:9200/_bulk [status:200 duration:0.054s]
2025-12-12 00:58:50,743 - INFO - HTTP Request: PUT http://localhost:6333/collections/law_with_bge_round1/points?wait=true "HTTP/1.1 200 OK"
2025-12-12 00:58:50,792 - INFO - HTTP Request: PUT http://localhost:6333/collections/law_with_e5_emb_not_finetune/points?wait=true "HTTP/1.1 200 OK"
2025-12-12 00:58:50,851 - INFO - PUT http://localhost:9200/_bulk [status:200 duration:0.055s]
2025-12-12 00:58:53,760 - INFO - HTTP Request: PUT http://localhost:6333/collections/law_with_bge_round1/points?wait=true "HTTP/1.1 200 OK"
2025-12-12 00:58:53,786 - INFO - HTTP Request: PUT http://localhost:6333/collections/law_with_e5_emb_not_finetune/points?wait=true "HTTP/1.1 200 OK"
2025-12-12 00:58:53,840 - INFO - PUT http://localhost:9200/_bulk [status:200 duration:0.051s]
2025-12-12 00:58:56,734 - INFO - HTTP Request: PUT http://localhost:6333/collections/law_with_bge_round1/points?wait=true "HTTP/1.1 200 OK"
2025-12-12 00:58:56,759 - INFO - HTTP Request: PUT http://localhost:6333/collections/law_with_e5_emb_not_finetune/points?wait=true "HTTP/1.1 200 OK"
2025-12-12 00:58:56,814 - INFO - PUT http://localhost:9200/_bulk [status:200 duration:0.053s]
2025-12-12 00:58:59,737 - INFO - HTTP Request: PUT http://localhost:6333/collections/law_with_bge_round1/points?wait=true "HTTP/1.1 200 OK"
2025-12-12 00:58:59,767 - INFO - HTTP Request: PUT http://localhost:6333/collections/law_with_e5_emb_not_finetune/points?wait=true "HTTP/1.1 200 OK"
2025-12-12 00:58:59,817 - INFO - PUT http://localhost:9200/_bulk [status:200 duration:0.047s]
2025-12-12 00:59:02,624 - INFO - HTTP Request: PUT http://localhost:6333/collections/law_with_bge_round1/points?wait=true "HTTP/1.1 200 OK"
2025-12-12 00:59:02,651 - INFO - HTTP Request: PUT http://localhost:6333/collections/law_with_e5_emb_not_finetune/points?wait=true "HTTP/1.1 200 OK"
2025-12-12 00:59:02,661 - INFO - PUT http://localhost:9200/_bulk [status:200 duration:0.007s]
2025-12-12 00:59:05,509 - INFO - HTTP Request: PUT http://localhost:6333/collections/law_with_bge_round1/points?wait=true "HTTP/1.1 200 OK"
2025-12-12 00:59:05,534 - INFO - HTTP Request: PUT http://localhost:6333/collections/law_with_e5_emb_not_finetune/points?wait=true "HTTP/1.1 200 OK"
2025-12-12 00:59:05,588 - INFO - PUT http://localhost:9200/_bulk [status:200 duration:0.052s]
2025-12-12 00:59:08,420 - INFO - HTTP Request: PUT http://localhost:6333/collections/law_with_bge_round1/points?wait=true "HTTP/1.1 200 OK"
2025-12-12 00:59:08,446 - INFO - HTTP Request: PUT http://localhost:6333/collections/law_with_e5_emb_not_finetune/points?wait=true "HTTP/1.1 200 OK"
2025-12-12 00:59:08,496 - INFO - PUT http://localhost:9200/_bulk [status:200 duration:0.047s]
2025-12-12 00:59:11,366 - INFO - HTTP Request: PUT http://localhost:6333/collections/law_with_bge_round1/points?wait=true "HTTP/1.1 200 OK"
2025-12-12 00:59:11,392 - INFO - HTTP Request: PUT http://localhost:6333/collections/law_with_e5_emb_not_finetune/points?wait=true "HTTP/1.1 200 OK"
2025-12-12 00:59:11,403 - INFO - PUT http://localhost:9200/_bulk [status:200 duration:0.008s]
2025-12-12 00:59:14,149 - INFO - HTTP Request: PUT http://localhost:6333/collections/law_with_bge_round1/points?wait=true "HTTP/1.1 200 OK"
2025-12-12 00:59:14,175 - INFO - HTTP Request: PUT http://localhost:6333/collections/law_with_e5_emb_not_finetune/points?wait=true "HTTP/1.1 200 OK"
2025-12-12 00:59:14,185 - INFO - PUT http://localhost:9200/_bulk [status:200 duration:0.007s]
2025-12-12 00:59:16,979 - INFO - HTTP Request: PUT http://localhost:6333/collections/law_with_bge_round1/points?wait=true "HTTP/1.1 200 OK"
2025-12-12 00:59:17,004 - INFO - HTTP Request: PUT http://localhost:6333/collections/law_with_e5_emb_not_finetune/points?wait=true "HTTP/1.1 200 OK"
2025-12-12 00:59:17,053 - INFO - PUT http://localhost:9200/_bulk [status:200 duration:0.047s]
2025-12-12 00:59:19,867 - INFO - HTTP Request: PUT http://localhost:6333/collections/law_with_bge_round1/points?wait=true "HTTP/1.1 200 OK"
2025-12-12 00:59:19,898 - INFO - HTTP Request: PUT http://localhost:6333/collections/law_with_e5_emb_not_finetune/points?wait=true "HTTP/1.1 200 OK"
2025-12-12 00:59:19,911 - INFO - PUT http://localhost:9200/_bulk [status:200 duration:0.010s]
2025-12-12 00:59:22,745 - INFO - HTTP Request: PUT http://localhost:6333/collections/law_with_bge_round1/points?wait=true "HTTP/1.1 200 OK"
2025-12-12 00:59:22,817 - INFO - HTTP Request: PUT http://localhost:6333/collections/law_with_e5_emb_not_finetune/points?wait=true "HTTP/1.1 200 OK"
2025-12-12 00:59:22,828 - INFO - PUT http://localhost:9200/_bulk [status:200 duration:0.007s]
2025-12-12 00:59:25,684 - INFO - HTTP Request: PUT http://localhost:6333/collections/law_with_bge_round1/points?wait=true "HTTP/1.1 200 OK"
2025-12-12 00:59:25,737 - INFO - HTTP Request: PUT http://localhost:6333/collections/law_with_e5_emb_not_finetune/points?wait=true "HTTP/1.1 200 OK"
2025-12-12 00:59:25,793 - INFO - PUT http://localhost:9200/_bulk [status:200 duration:0.052s]
2025-12-12 00:59:28,613 - INFO - HTTP Request: PUT http://localhost:6333/collections/law_with_bge_round1/points?wait=true "HTTP/1.1 200 OK"
2025-12-12 00:59:28,648 - INFO - HTTP Request: PUT http://localhost:6333/collections/law_with_e5_emb_not_finetune/points?wait=true "HTTP/1.1 200 OK"
2025-12-12 00:59:28,658 - INFO - PUT http://localhost:9200/_bulk [status:200 duration:0.007s]
2025-12-12 00:59:31,494 - INFO - HTTP Request: PUT http://localhost:6333/collections/law_with_bge_round1/points?wait=true "HTTP/1.1 200 OK"
2025-12-12 00:59:31,521 - INFO - HTTP Request: PUT http://localhost:6333/collections/law_with_e5_emb_not_finetune/points?wait=true "HTTP/1.1 200 OK"
2025-12-12 00:59:31,573 - INFO - PUT http://localhost:9200/_bulk [status:200 duration:0.050s]
2025-12-12 00:59:34,416 - INFO - HTTP Request: PUT http://localhost:6333/collections/law_with_bge_round1/points?wait=true "HTTP/1.1 200 OK"
2025-12-12 00:59:34,450 - INFO - HTTP Request: PUT http://localhost:6333/collections/law_with_e5_emb_not_finetune/points?wait=true "HTTP/1.1 200 OK"
2025-12-12 00:59:34,502 - INFO - PUT http://localhost:9200/_bulk [status:200 duration:0.048s]
2025-12-12 00:59:37,310 - INFO - HTTP Request: PUT http://localhost:6333/collections/law_with_bge_round1/points?wait=true "HTTP/1.1 200 OK"
2025-12-12 00:59:37,335 - INFO - HTTP Request: PUT http://localhost:6333/collections/law_with_e5_emb_not_finetune/points?wait=true "HTTP/1.1 200 OK"
2025-12-12 00:59:37,390 - INFO - PUT http://localhost:9200/_bulk [status:200 duration:0.052s]
2025-12-12 00:59:40,176 - INFO - HTTP Request: PUT http://localhost:6333/collections/law_with_bge_round1/points?wait=true "HTTP/1.1 200 OK"
2025-12-12 00:59:40,221 - INFO - HTTP Request: PUT http://localhost:6333/collections/law_with_e5_emb_not_finetune/points?wait=true "HTTP/1.1 200 OK"
2025-12-12 00:59:40,231 - INFO - PUT http://localhost:9200/_bulk [status:200 duration:0.007s]
2025-12-12 00:59:43,135 - INFO - HTTP Request: PUT http://localhost:6333/collections/law_with_bge_round1/points?wait=true "HTTP/1.1 200 OK"
2025-12-12 00:59:43,160 - INFO - HTTP Request: PUT http://localhost:6333/collections/law_with_e5_emb_not_finetune/points?wait=true "HTTP/1.1 200 OK"
2025-12-12 00:59:43,170 - INFO - PUT http://localhost:9200/_bulk [status:200 duration:0.006s]
2025-12-12 00:59:45,984 - INFO - HTTP Request: PUT http://localhost:6333/collections/law_with_bge_round1/points?wait=true "HTTP/1.1 200 OK"
2025-12-12 00:59:46,009 - INFO - HTTP Request: PUT http://localhost:6333/collections/law_with_e5_emb_not_finetune/points?wait=true "HTTP/1.1 200 OK"
2025-12-12 00:59:46,019 - INFO - PUT http://localhost:9200/_bulk [status:200 duration:0.007s]
2025-12-12 00:59:48,866 - INFO - HTTP Request: PUT http://localhost:6333/collections/law_with_bge_round1/points?wait=true "HTTP/1.1 200 OK"
2025-12-12 00:59:48,900 - INFO - HTTP Request: PUT http://localhost:6333/collections/law_with_e5_emb_not_finetune/points?wait=true "HTTP/1.1 200 OK"
2025-12-12 00:59:48,955 - INFO - PUT http://localhost:9200/_bulk [status:200 duration:0.052s]
2025-12-12 00:59:51,894 - INFO - HTTP Request: PUT http://localhost:6333/collections/law_with_bge_round1/points?wait=true "HTTP/1.1 200 OK"
2025-12-12 00:59:51,925 - INFO - HTTP Request: PUT http://localhost:6333/collections/law_with_e5_emb_not_finetune/points?wait=true "HTTP/1.1 200 OK"
2025-12-12 00:59:51,976 - INFO - PUT http://localhost:9200/_bulk [status:200 duration:0.048s]
2025-12-12 00:59:54,920 - INFO - HTTP Request: PUT http://localhost:6333/collections/law_with_bge_round1/points?wait=true "HTTP/1.1 200 OK"
2025-12-12 00:59:54,958 - INFO - HTTP Request: PUT http://localhost:6333/collections/law_with_e5_emb_not_finetune/points?wait=true "HTTP/1.1 200 OK"
2025-12-12 00:59:55,013 - INFO - PUT http://localhost:9200/_bulk [status:200 duration:0.053s]
2025-12-12 00:59:57,570 - INFO - HTTP Request: PUT http://localhost:6333/collections/law_with_bge_round1/points?wait=true "HTTP/1.1 200 OK"
2025-12-12 00:59:57,595 - INFO - HTTP Request: PUT http://localhost:6333/collections/law_with_e5_emb_not_finetune/points?wait=true "HTTP/1.1 200 OK"
2025-12-12 00:59:57,647 - INFO - PUT http://localhost:9200/_bulk [status:200 duration:0.049s]
2025-12-12 01:00:00,354 - INFO - HTTP Request: PUT http://localhost:6333/collections/law_with_bge_round1/points?wait=true "HTTP/1.1 200 OK"
2025-12-12 01:00:00,395 - INFO - HTTP Request: PUT http://localhost:6333/collections/law_with_e5_emb_not_finetune/points?wait=true "HTTP/1.1 200 OK"
2025-12-12 01:00:00,449 - INFO - PUT http://localhost:9200/_bulk [status:200 duration:0.051s]
2025-12-12 01:00:03,303 - INFO - HTTP Request: PUT http://localhost:6333/collections/law_with_bge_round1/points?wait=true "HTTP/1.1 200 OK"
2025-12-12 01:00:03,328 - INFO - HTTP Request: PUT http://localhost:6333/collections/law_with_e5_emb_not_finetune/points?wait=true "HTTP/1.1 200 OK"
2025-12-12 01:00:03,338 - INFO - PUT http://localhost:9200/_bulk [status:200 duration:0.006s]
2025-12-12 01:00:06,215 - INFO - HTTP Request: PUT http://localhost:6333/collections/law_with_bge_round1/points?wait=true "HTTP/1.1 200 OK"
2025-12-12 01:00:06,240 - INFO - HTTP Request: PUT http://localhost:6333/collections/law_with_e5_emb_not_finetune/points?wait=true "HTTP/1.1 200 OK"
2025-12-12 01:00:06,292 - INFO - PUT http://localhost:9200/_bulk [status:200 duration:0.049s]
2025-12-12 01:00:09,183 - INFO - HTTP Request: PUT http://localhost:6333/collections/law_with_bge_round1/points?wait=true "HTTP/1.1 200 OK"
2025-12-12 01:00:09,210 - INFO - HTTP Request: PUT http://localhost:6333/collections/law_with_e5_emb_not_finetune/points?wait=true "HTTP/1.1 200 OK"
2025-12-12 01:00:09,269 - INFO - PUT http://localhost:9200/_bulk [status:200 duration:0.056s]
2025-12-12 01:00:12,132 - INFO - HTTP Request: PUT http://localhost:6333/collections/law_with_bge_round1/points?wait=true "HTTP/1.1 200 OK"
2025-12-12 01:00:12,199 - INFO - HTTP Request: PUT http://localhost:6333/collections/law_with_e5_emb_not_finetune/points?wait=true "HTTP/1.1 200 OK"
2025-12-12 01:00:12,256 - INFO - PUT http://localhost:9200/_bulk [status:200 duration:0.054s]
2025-12-12 01:00:15,079 - INFO - HTTP Request: PUT http://localhost:6333/collections/law_with_bge_round1/points?wait=true "HTTP/1.1 200 OK"
2025-12-12 01:00:15,104 - INFO - HTTP Request: PUT http://localhost:6333/collections/law_with_e5_emb_not_finetune/points?wait=true "HTTP/1.1 200 OK"
2025-12-12 01:00:15,114 - INFO - PUT http://localhost:9200/_bulk [status:200 duration:0.006s]
2025-12-12 01:00:18,044 - INFO - HTTP Request: PUT http://localhost:6333/collections/law_with_bge_round1/points?wait=true "HTTP/1.1 200 OK"
2025-12-12 01:00:18,072 - INFO - HTTP Request: PUT http://localhost:6333/collections/law_with_e5_emb_not_finetune/points?wait=true "HTTP/1.1 200 OK"
2025-12-12 01:00:18,129 - INFO - PUT http://localhost:9200/_bulk [status:200 duration:0.054s]
2025-12-12 01:00:20,938 - INFO - HTTP Request: PUT http://localhost:6333/collections/law_with_bge_round1/points?wait=true "HTTP/1.1 200 OK"
2025-12-12 01:00:20,983 - INFO - HTTP Request: PUT http://localhost:6333/collections/law_with_e5_emb_not_finetune/points?wait=true "HTTP/1.1 200 OK"
2025-12-12 01:00:20,997 - INFO - PUT http://localhost:9200/_bulk [status:200 duration:0.009s]
2025-12-12 01:00:23,854 - INFO - HTTP Request: PUT http://localhost:6333/collections/law_with_bge_round1/points?wait=true "HTTP/1.1 200 OK"
2025-12-12 01:00:23,883 - INFO - HTTP Request: PUT http://localhost:6333/collections/law_with_e5_emb_not_finetune/points?wait=true "HTTP/1.1 200 OK"
2025-12-12 01:00:23,895 - INFO - PUT http://localhost:9200/_bulk [status:200 duration:0.008s]
2025-12-12 01:00:26,773 - INFO - HTTP Request: PUT http://localhost:6333/collections/law_with_bge_round1/points?wait=true "HTTP/1.1 200 OK"
2025-12-12 01:00:26,848 - INFO - HTTP Request: PUT http://localhost:6333/collections/law_with_e5_emb_not_finetune/points?wait=true "HTTP/1.1 200 OK"
2025-12-12 01:00:26,857 - INFO - PUT http://localhost:9200/_bulk [status:200 duration:0.007s]
2025-12-12 01:00:29,809 - INFO - HTTP Request: PUT http://localhost:6333/collections/law_with_bge_round1/points?wait=true "HTTP/1.1 200 OK"
2025-12-12 01:00:29,861 - INFO - HTTP Request: PUT http://localhost:6333/collections/law_with_e5_emb_not_finetune/points?wait=true "HTTP/1.1 200 OK"
2025-12-12 01:00:29,920 - INFO - PUT http://localhost:9200/_bulk [status:200 duration:0.057s]
2025-12-12 01:00:32,785 - INFO - HTTP Request: PUT http://localhost:6333/collections/law_with_bge_round1/points?wait=true "HTTP/1.1 200 OK"
2025-12-12 01:00:32,828 - INFO - HTTP Request: PUT http://localhost:6333/collections/law_with_e5_emb_not_finetune/points?wait=true "HTTP/1.1 200 OK"
2025-12-12 01:00:32,840 - INFO - PUT http://localhost:9200/_bulk [status:200 duration:0.008s]
2025-12-12 01:00:35,633 - INFO - HTTP Request: PUT http://localhost:6333/collections/law_with_bge_round1/points?wait=true "HTTP/1.1 200 OK"
2025-12-12 01:00:35,683 - INFO - HTTP Request: PUT http://localhost:6333/collections/law_with_e5_emb_not_finetune/points?wait=true "HTTP/1.1 200 OK"
2025-12-12 01:00:35,732 - INFO - PUT http://localhost:9200/_bulk [status:200 duration:0.046s]
2025-12-12 01:00:38,621 - INFO - HTTP Request: PUT http://localhost:6333/collections/law_with_bge_round1/points?wait=true "HTTP/1.1 200 OK"
2025-12-12 01:00:38,667 - INFO - HTTP Request: PUT http://localhost:6333/collections/law_with_e5_emb_not_finetune/points?wait=true "HTTP/1.1 200 OK"
2025-12-12 01:00:38,678 - INFO - PUT http://localhost:9200/_bulk [status:200 duration:0.007s]
2025-12-12 01:00:41,588 - INFO - HTTP Request: PUT http://localhost:6333/collections/law_with_bge_round1/points?wait=true "HTTP/1.1 200 OK"
2025-12-12 01:00:41,612 - INFO - HTTP Request: PUT http://localhost:6333/collections/law_with_e5_emb_not_finetune/points?wait=true "HTTP/1.1 200 OK"
2025-12-12 01:00:41,667 - INFO - PUT http://localhost:9200/_bulk [status:200 duration:0.052s]
2025-12-12 01:00:44,569 - INFO - HTTP Request: PUT http://localhost:6333/collections/law_with_bge_round1/points?wait=true "HTTP/1.1 200 OK"
2025-12-12 01:00:44,594 - INFO - HTTP Request: PUT http://localhost:6333/collections/law_with_e5_emb_not_finetune/points?wait=true "HTTP/1.1 200 OK"
2025-12-12 01:00:44,645 - INFO - PUT http://localhost:9200/_bulk [status:200 duration:0.048s]
2025-12-12 01:00:47,532 - INFO - HTTP Request: PUT http://localhost:6333/collections/law_with_bge_round1/points?wait=true "HTTP/1.1 200 OK"
2025-12-12 01:00:47,560 - INFO - HTTP Request: PUT http://localhost:6333/collections/law_with_e5_emb_not_finetune/points?wait=true "HTTP/1.1 200 OK"
2025-12-12 01:00:47,614 - INFO - PUT http://localhost:9200/_bulk [status:200 duration:0.052s]
2025-12-12 01:00:50,436 - INFO - HTTP Request: PUT http://localhost:6333/collections/law_with_bge_round1/points?wait=true "HTTP/1.1 200 OK"
2025-12-12 01:00:50,468 - INFO - HTTP Request: PUT http://localhost:6333/collections/law_with_e5_emb_not_finetune/points?wait=true "HTTP/1.1 200 OK"
2025-12-12 01:00:50,521 - INFO - PUT http://localhost:9200/_bulk [status:200 duration:0.050s]
2025-12-12 01:00:53,381 - INFO - HTTP Request: PUT http://localhost:6333/collections/law_with_bge_round1/points?wait=true "HTTP/1.1 200 OK"
2025-12-12 01:00:53,420 - INFO - HTTP Request: PUT http://localhost:6333/collections/law_with_e5_emb_not_finetune/points?wait=true "HTTP/1.1 200 OK"
2025-12-12 01:00:53,481 - INFO - PUT http://localhost:9200/_bulk [status:200 duration:0.055s]
2025-12-12 01:00:56,357 - INFO - HTTP Request: PUT http://localhost:6333/collections/law_with_bge_round1/points?wait=true "HTTP/1.1 200 OK"
2025-12-12 01:00:56,381 - INFO - HTTP Request: PUT http://localhost:6333/collections/law_with_e5_emb_not_finetune/points?wait=true "HTTP/1.1 200 OK"
2025-12-12 01:00:56,432 - INFO - PUT http://localhost:9200/_bulk [status:200 duration:0.049s]
2025-12-12 01:00:59,350 - INFO - HTTP Request: PUT http://localhost:6333/collections/law_with_bge_round1/points?wait=true "HTTP/1.1 200 OK"
2025-12-12 01:00:59,422 - INFO - HTTP Request: PUT http://localhost:6333/collections/law_with_e5_emb_not_finetune/points?wait=true "HTTP/1.1 200 OK"
2025-12-12 01:00:59,473 - INFO - PUT http://localhost:9200/_bulk [status:200 duration:0.048s]
2025-12-12 01:01:02,337 - INFO - HTTP Request: PUT http://localhost:6333/collections/law_with_bge_round1/points?wait=true "HTTP/1.1 200 OK"
2025-12-12 01:01:02,381 - INFO - HTTP Request: PUT http://localhost:6333/collections/law_with_e5_emb_not_finetune/points?wait=true "HTTP/1.1 200 OK"
2025-12-12 01:01:02,391 - INFO - PUT http://localhost:9200/_bulk [status:200 duration:0.007s]
2025-12-12 01:01:05,242 - INFO - HTTP Request: PUT http://localhost:6333/collections/law_with_bge_round1/points?wait=true "HTTP/1.1 200 OK"
2025-12-12 01:01:05,269 - INFO - HTTP Request: PUT http://localhost:6333/collections/law_with_e5_emb_not_finetune/points?wait=true "HTTP/1.1 200 OK"
2025-12-12 01:01:05,279 - INFO - PUT http://localhost:9200/_bulk [status:200 duration:0.007s]
2025-12-12 01:01:08,195 - INFO - HTTP Request: PUT http://localhost:6333/collections/law_with_bge_round1/points?wait=true "HTTP/1.1 200 OK"
2025-12-12 01:01:08,221 - INFO - HTTP Request: PUT http://localhost:6333/collections/law_with_e5_emb_not_finetune/points?wait=true "HTTP/1.1 200 OK"
2025-12-12 01:01:08,232 - INFO - PUT http://localhost:9200/_bulk [status:200 duration:0.008s]
2025-12-12 01:01:11,078 - INFO - HTTP Request: PUT http://localhost:6333/collections/law_with_bge_round1/points?wait=true "HTTP/1.1 200 OK"
2025-12-12 01:01:11,121 - INFO - HTTP Request: PUT http://localhost:6333/collections/law_with_e5_emb_not_finetune/points?wait=true "HTTP/1.1 200 OK"
2025-12-12 01:01:11,172 - INFO - PUT http://localhost:9200/_bulk [status:200 duration:0.047s]
2025-12-12 01:01:14,045 - INFO - HTTP Request: PUT http://localhost:6333/collections/law_with_bge_round1/points?wait=true "HTTP/1.1 200 OK"
2025-12-12 01:01:14,072 - INFO - HTTP Request: PUT http://localhost:6333/collections/law_with_e5_emb_not_finetune/points?wait=true "HTTP/1.1 200 OK"
2025-12-12 01:01:14,126 - INFO - PUT http://localhost:9200/_bulk [status:200 duration:0.051s]
2025-12-12 01:01:16,917 - INFO - HTTP Request: PUT http://localhost:6333/collections/law_with_bge_round1/points?wait=true "HTTP/1.1 200 OK"
2025-12-12 01:01:16,948 - INFO - HTTP Request: PUT http://localhost:6333/collections/law_with_e5_emb_not_finetune/points?wait=true "HTTP/1.1 200 OK"
2025-12-12 01:01:16,998 - INFO - PUT http://localhost:9200/_bulk [status:200 duration:0.048s]
2025-12-12 01:01:19,858 - INFO - HTTP Request: PUT http://localhost:6333/collections/law_with_bge_round1/points?wait=true "HTTP/1.1 200 OK"
2025-12-12 01:01:19,906 - INFO - HTTP Request: PUT http://localhost:6333/collections/law_with_e5_emb_not_finetune/points?wait=true "HTTP/1.1 200 OK"
2025-12-12 01:01:19,963 - INFO - PUT http://localhost:9200/_bulk [status:200 duration:0.053s]
2025-12-12 01:01:22,866 - INFO - HTTP Request: PUT http://localhost:6333/collections/law_with_bge_round1/points?wait=true "HTTP/1.1 200 OK"
2025-12-12 01:01:22,891 - INFO - HTTP Request: PUT http://localhost:6333/collections/law_with_e5_emb_not_finetune/points?wait=true "HTTP/1.1 200 OK"
2025-12-12 01:01:22,948 - INFO - PUT http://localhost:9200/_bulk [status:200 duration:0.054s]
2025-12-12 01:01:25,842 - INFO - HTTP Request: PUT http://localhost:6333/collections/law_with_bge_round1/points?wait=true "HTTP/1.1 200 OK"
2025-12-12 01:01:25,867 - INFO - HTTP Request: PUT http://localhost:6333/collections/law_with_e5_emb_not_finetune/points?wait=true "HTTP/1.1 200 OK"
2025-12-12 01:01:25,919 - INFO - PUT http://localhost:9200/_bulk [status:200 duration:0.049s]
2025-12-12 01:01:28,847 - INFO - HTTP Request: PUT http://localhost:6333/collections/law_with_bge_round1/points?wait=true "HTTP/1.1 200 OK"
2025-12-12 01:01:28,898 - INFO - HTTP Request: PUT http://localhost:6333/collections/law_with_e5_emb_not_finetune/points?wait=true "HTTP/1.1 200 OK"
2025-12-12 01:01:28,951 - INFO - PUT http://localhost:9200/_bulk [status:200 duration:0.050s]
2025-12-12 01:01:31,791 - INFO - HTTP Request: PUT http://localhost:6333/collections/law_with_bge_round1/points?wait=true "HTTP/1.1 200 OK"
2025-12-12 01:01:31,819 - INFO - HTTP Request: PUT http://localhost:6333/collections/law_with_e5_emb_not_finetune/points?wait=true "HTTP/1.1 200 OK"
2025-12-12 01:01:31,829 - INFO - PUT http://localhost:9200/_bulk [status:200 duration:0.007s]
2025-12-12 01:01:34,710 - INFO - HTTP Request: PUT http://localhost:6333/collections/law_with_bge_round1/points?wait=true "HTTP/1.1 200 OK"
2025-12-12 01:01:34,751 - INFO - HTTP Request: PUT http://localhost:6333/collections/law_with_e5_emb_not_finetune/points?wait=true "HTTP/1.1 200 OK"
2025-12-12 01:01:34,808 - INFO - PUT http://localhost:9200/_bulk [status:200 duration:0.053s]
2025-12-12 01:01:37,648 - INFO - HTTP Request: PUT http://localhost:6333/collections/law_with_bge_round1/points?wait=true "HTTP/1.1 200 OK"
2025-12-12 01:01:37,672 - INFO - HTTP Request: PUT http://localhost:6333/collections/law_with_e5_emb_not_finetune/points?wait=true "HTTP/1.1 200 OK"
2025-12-12 01:01:37,728 - INFO - PUT http://localhost:9200/_bulk [status:200 duration:0.052s]
2025-12-12 01:01:40,563 - INFO - HTTP Request: PUT http://localhost:6333/collections/law_with_bge_round1/points?wait=true "HTTP/1.1 200 OK"
2025-12-12 01:01:40,608 - INFO - HTTP Request: PUT http://localhost:6333/collections/law_with_e5_emb_not_finetune/points?wait=true "HTTP/1.1 200 OK"
2025-12-12 01:01:40,664 - INFO - PUT http://localhost:9200/_bulk [status:200 duration:0.054s]
2025-12-12 01:01:43,493 - INFO - HTTP Request: PUT http://localhost:6333/collections/law_with_bge_round1/points?wait=true "HTTP/1.1 200 OK"
2025-12-12 01:01:43,518 - INFO - HTTP Request: PUT http://localhost:6333/collections/law_with_e5_emb_not_finetune/points?wait=true "HTTP/1.1 200 OK"
2025-12-12 01:01:43,572 - INFO - PUT http://localhost:9200/_bulk [status:200 duration:0.050s]
2025-12-12 01:01:46,453 - INFO - HTTP Request: PUT http://localhost:6333/collections/law_with_bge_round1/points?wait=true "HTTP/1.1 200 OK"
2025-12-12 01:01:46,508 - INFO - HTTP Request: PUT http://localhost:6333/collections/law_with_e5_emb_not_finetune/points?wait=true "HTTP/1.1 200 OK"
2025-12-12 01:01:46,520 - INFO - PUT http://localhost:9200/_bulk [status:200 duration:0.008s]
2025-12-12 01:01:49,450 - INFO - HTTP Request: PUT http://localhost:6333/collections/law_with_bge_round1/points?wait=true "HTTP/1.1 200 OK"
2025-12-12 01:01:49,475 - INFO - HTTP Request: PUT http://localhost:6333/collections/law_with_e5_emb_not_finetune/points?wait=true "HTTP/1.1 200 OK"
2025-12-12 01:01:49,485 - INFO - PUT http://localhost:9200/_bulk [status:200 duration:0.007s]
2025-12-12 01:01:52,290 - INFO - HTTP Request: PUT http://localhost:6333/collections/law_with_bge_round1/points?wait=true "HTTP/1.1 200 OK"
2025-12-12 01:01:52,315 - INFO - HTTP Request: PUT http://localhost:6333/collections/law_with_e5_emb_not_finetune/points?wait=true "HTTP/1.1 200 OK"
2025-12-12 01:01:52,370 - INFO - PUT http://localhost:9200/_bulk [status:200 duration:0.052s]
2025-12-12 01:01:55,305 - INFO - HTTP Request: PUT http://localhost:6333/collections/law_with_bge_round1/points?wait=true "HTTP/1.1 200 OK"
2025-12-12 01:01:55,331 - INFO - HTTP Request: PUT http://localhost:6333/collections/law_with_e5_emb_not_finetune/points?wait=true "HTTP/1.1 200 OK"
2025-12-12 01:01:55,386 - INFO - PUT http://localhost:9200/_bulk [status:200 duration:0.052s]
2025-12-12 01:01:58,279 - INFO - HTTP Request: PUT http://localhost:6333/collections/law_with_bge_round1/points?wait=true "HTTP/1.1 200 OK"
2025-12-12 01:01:58,303 - INFO - HTTP Request: PUT http://localhost:6333/collections/law_with_e5_emb_not_finetune/points?wait=true "HTTP/1.1 200 OK"
2025-12-12 01:01:58,315 - INFO - PUT http://localhost:9200/_bulk [status:200 duration:0.008s]
2025-12-12 01:02:01,153 - INFO - HTTP Request: PUT http://localhost:6333/collections/law_with_bge_round1/points?wait=true "HTTP/1.1 200 OK"
2025-12-12 01:02:01,179 - INFO - HTTP Request: PUT http://localhost:6333/collections/law_with_e5_emb_not_finetune/points?wait=true "HTTP/1.1 200 OK"
2025-12-12 01:02:01,189 - INFO - PUT http://localhost:9200/_bulk [status:200 duration:0.008s]
2025-12-12 01:02:04,052 - INFO - HTTP Request: PUT http://localhost:6333/collections/law_with_bge_round1/points?wait=true "HTTP/1.1 200 OK"
2025-12-12 01:02:04,082 - INFO - HTTP Request: PUT http://localhost:6333/collections/law_with_e5_emb_not_finetune/points?wait=true "HTTP/1.1 200 OK"
2025-12-12 01:02:04,093 - INFO - PUT http://localhost:9200/_bulk [status:200 duration:0.008s]
2025-12-12 01:02:06,897 - INFO - HTTP Request: PUT http://localhost:6333/collections/law_with_bge_round1/points?wait=true "HTTP/1.1 200 OK"
2025-12-12 01:02:06,930 - INFO - HTTP Request: PUT http://localhost:6333/collections/law_with_e5_emb_not_finetune/points?wait=true "HTTP/1.1 200 OK"
2025-12-12 01:02:06,940 - INFO - PUT http://localhost:9200/_bulk [status:200 duration:0.007s]
2025-12-12 01:02:09,735 - INFO - HTTP Request: PUT http://localhost:6333/collections/law_with_bge_round1/points?wait=true "HTTP/1.1 200 OK"
2025-12-12 01:02:09,761 - INFO - HTTP Request: PUT http://localhost:6333/collections/law_with_e5_emb_not_finetune/points?wait=true "HTTP/1.1 200 OK"
2025-12-12 01:02:09,815 - INFO - PUT http://localhost:9200/_bulk [status:200 duration:0.051s]
2025-12-12 01:02:12,734 - INFO - HTTP Request: PUT http://localhost:6333/collections/law_with_bge_round1/points?wait=true "HTTP/1.1 200 OK"
2025-12-12 01:02:12,759 - INFO - HTTP Request: PUT http://localhost:6333/collections/law_with_e5_emb_not_finetune/points?wait=true "HTTP/1.1 200 OK"
2025-12-12 01:02:12,815 - INFO - PUT http://localhost:9200/_bulk [status:200 duration:0.054s]
2025-12-12 01:02:15,694 - INFO - HTTP Request: PUT http://localhost:6333/collections/law_with_bge_round1/points?wait=true "HTTP/1.1 200 OK"
2025-12-12 01:02:15,722 - INFO - HTTP Request: PUT http://localhost:6333/collections/law_with_e5_emb_not_finetune/points?wait=true "HTTP/1.1 200 OK"
2025-12-12 01:02:15,732 - INFO - PUT http://localhost:9200/_bulk [status:200 duration:0.007s]
2025-12-12 01:02:18,536 - INFO - HTTP Request: PUT http://localhost:6333/collections/law_with_bge_round1/points?wait=true "HTTP/1.1 200 OK"
2025-12-12 01:02:18,570 - INFO - HTTP Request: PUT http://localhost:6333/collections/law_with_e5_emb_not_finetune/points?wait=true "HTTP/1.1 200 OK"
2025-12-12 01:02:18,582 - INFO - PUT http://localhost:9200/_bulk [status:200 duration:0.008s]
2025-12-12 01:02:21,505 - INFO - HTTP Request: PUT http://localhost:6333/collections/law_with_bge_round1/points?wait=true "HTTP/1.1 200 OK"
2025-12-12 01:02:21,533 - INFO - HTTP Request: PUT http://localhost:6333/collections/law_with_e5_emb_not_finetune/points?wait=true "HTTP/1.1 200 OK"
2025-12-12 01:02:21,543 - INFO - PUT http://localhost:9200/_bulk [status:200 duration:0.007s]
2025-12-12 01:02:24,361 - INFO - HTTP Request: PUT http://localhost:6333/collections/law_with_bge_round1/points?wait=true "HTTP/1.1 200 OK"
2025-12-12 01:02:24,389 - INFO - HTTP Request: PUT http://localhost:6333/collections/law_with_e5_emb_not_finetune/points?wait=true "HTTP/1.1 200 OK"
2025-12-12 01:02:24,446 - INFO - PUT http://localhost:9200/_bulk [status:200 duration:0.055s]
2025-12-12 01:02:27,280 - INFO - HTTP Request: PUT http://localhost:6333/collections/law_with_bge_round1/points?wait=true "HTTP/1.1 200 OK"
2025-12-12 01:02:27,306 - INFO - HTTP Request: PUT http://localhost:6333/collections/law_with_e5_emb_not_finetune/points?wait=true "HTTP/1.1 200 OK"
2025-12-12 01:02:27,362 - INFO - PUT http://localhost:9200/_bulk [status:200 duration:0.053s]
2025-12-12 01:02:30,199 - INFO - HTTP Request: PUT http://localhost:6333/collections/law_with_bge_round1/points?wait=true "HTTP/1.1 200 OK"
2025-12-12 01:02:30,227 - INFO - HTTP Request: PUT http://localhost:6333/collections/law_with_e5_emb_not_finetune/points?wait=true "HTTP/1.1 200 OK"
2025-12-12 01:02:30,240 - INFO - PUT http://localhost:9200/_bulk [status:200 duration:0.009s]
2025-12-12 01:02:33,063 - INFO - HTTP Request: PUT http://localhost:6333/collections/law_with_bge_round1/points?wait=true "HTTP/1.1 200 OK"
2025-12-12 01:02:33,087 - INFO - HTTP Request: PUT http://localhost:6333/collections/law_with_e5_emb_not_finetune/points?wait=true "HTTP/1.1 200 OK"
2025-12-12 01:02:33,143 - INFO - PUT http://localhost:9200/_bulk [status:200 duration:0.052s]
2025-12-12 01:02:35,862 - INFO - HTTP Request: PUT http://localhost:6333/collections/law_with_bge_round1/points?wait=true "HTTP/1.1 200 OK"
2025-12-12 01:02:35,888 - INFO - HTTP Request: PUT http://localhost:6333/collections/law_with_e5_emb_not_finetune/points?wait=true "HTTP/1.1 200 OK"
2025-12-12 01:02:35,898 - INFO - PUT http://localhost:9200/_bulk [status:200 duration:0.007s]
2025-12-12 01:02:38,844 - INFO - HTTP Request: PUT http://localhost:6333/collections/law_with_bge_round1/points?wait=true "HTTP/1.1 200 OK"
2025-12-12 01:02:38,900 - INFO - HTTP Request: PUT http://localhost:6333/collections/law_with_e5_emb_not_finetune/points?wait=true "HTTP/1.1 200 OK"
2025-12-12 01:02:38,949 - INFO - PUT http://localhost:9200/_bulk [status:200 duration:0.048s]
2025-12-12 01:02:41,835 - INFO - HTTP Request: PUT http://localhost:6333/collections/law_with_bge_round1/points?wait=true "HTTP/1.1 200 OK"
2025-12-12 01:02:41,861 - INFO - HTTP Request: PUT http://localhost:6333/collections/law_with_e5_emb_not_finetune/points?wait=true "HTTP/1.1 200 OK"
2025-12-12 01:02:41,872 - INFO - PUT http://localhost:9200/_bulk [status:200 duration:0.008s]
2025-12-12 01:02:44,766 - INFO - HTTP Request: PUT http://localhost:6333/collections/law_with_bge_round1/points?wait=true "HTTP/1.1 200 OK"
2025-12-12 01:02:44,792 - INFO - HTTP Request: PUT http://localhost:6333/collections/law_with_e5_emb_not_finetune/points?wait=true "HTTP/1.1 200 OK"
2025-12-12 01:02:44,803 - INFO - PUT http://localhost:9200/_bulk [status:200 duration:0.009s]
2025-12-12 01:02:47,703 - INFO - HTTP Request: PUT http://localhost:6333/collections/law_with_bge_round1/points?wait=true "HTTP/1.1 200 OK"
2025-12-12 01:02:47,754 - INFO - HTTP Request: PUT http://localhost:6333/collections/law_with_e5_emb_not_finetune/points?wait=true "HTTP/1.1 200 OK"
2025-12-12 01:02:47,768 - INFO - PUT http://localhost:9200/_bulk [status:200 duration:0.011s]
2025-12-12 01:02:50,639 - INFO - HTTP Request: PUT http://localhost:6333/collections/law_with_bge_round1/points?wait=true "HTTP/1.1 200 OK"
2025-12-12 01:02:50,666 - INFO - HTTP Request: PUT http://localhost:6333/collections/law_with_e5_emb_not_finetune/points?wait=true "HTTP/1.1 200 OK"
2025-12-12 01:02:50,679 - INFO - PUT http://localhost:9200/_bulk [status:200 duration:0.009s]
2025-12-12 01:02:53,484 - INFO - HTTP Request: PUT http://localhost:6333/collections/law_with_bge_round1/points?wait=true "HTTP/1.1 200 OK"
2025-12-12 01:02:53,518 - INFO - HTTP Request: PUT http://localhost:6333/collections/law_with_e5_emb_not_finetune/points?wait=true "HTTP/1.1 200 OK"
2025-12-12 01:02:53,530 - INFO - PUT http://localhost:9200/_bulk [status:200 duration:0.008s]
2025-12-12 01:02:56,422 - INFO - HTTP Request: PUT http://localhost:6333/collections/law_with_bge_round1/points?wait=true "HTTP/1.1 200 OK"
2025-12-12 01:02:56,447 - INFO - HTTP Request: PUT http://localhost:6333/collections/law_with_e5_emb_not_finetune/points?wait=true "HTTP/1.1 200 OK"
2025-12-12 01:02:56,508 - INFO - PUT http://localhost:9200/_bulk [status:200 duration:0.057s]
2025-12-12 01:02:59,343 - INFO - HTTP Request: PUT http://localhost:6333/collections/law_with_bge_round1/points?wait=true "HTTP/1.1 200 OK"
2025-12-12 01:02:59,368 - INFO - HTTP Request: PUT http://localhost:6333/collections/law_with_e5_emb_not_finetune/points?wait=true "HTTP/1.1 200 OK"
2025-12-12 01:02:59,421 - INFO - PUT http://localhost:9200/_bulk [status:200 duration:0.050s]
2025-12-12 01:03:02,239 - INFO - HTTP Request: PUT http://localhost:6333/collections/law_with_bge_round1/points?wait=true "HTTP/1.1 200 OK"
2025-12-12 01:03:02,264 - INFO - HTTP Request: PUT http://localhost:6333/collections/law_with_e5_emb_not_finetune/points?wait=true "HTTP/1.1 200 OK"
2025-12-12 01:03:02,316 - INFO - PUT http://localhost:9200/_bulk [status:200 duration:0.049s]
2025-12-12 01:03:05,222 - INFO - HTTP Request: PUT http://localhost:6333/collections/law_with_bge_round1/points?wait=true "HTTP/1.1 200 OK"
2025-12-12 01:03:05,247 - INFO - HTTP Request: PUT http://localhost:6333/collections/law_with_e5_emb_not_finetune/points?wait=true "HTTP/1.1 200 OK"
2025-12-12 01:03:05,304 - INFO - PUT http://localhost:9200/_bulk [status:200 duration:0.053s]
2025-12-12 01:03:08,178 - INFO - HTTP Request: PUT http://localhost:6333/collections/law_with_bge_round1/points?wait=true "HTTP/1.1 200 OK"
2025-12-12 01:03:08,245 - INFO - HTTP Request: PUT http://localhost:6333/collections/law_with_e5_emb_not_finetune/points?wait=true "HTTP/1.1 200 OK"
2025-12-12 01:03:08,258 - INFO - PUT http://localhost:9200/_bulk [status:200 duration:0.008s]
2025-12-12 01:03:11,104 - INFO - HTTP Request: PUT http://localhost:6333/collections/law_with_bge_round1/points?wait=true "HTTP/1.1 200 OK"
2025-12-12 01:03:11,161 - INFO - HTTP Request: PUT http://localhost:6333/collections/law_with_e5_emb_not_finetune/points?wait=true "HTTP/1.1 200 OK"
2025-12-12 01:03:11,172 - INFO - PUT http://localhost:9200/_bulk [status:200 duration:0.008s]
2025-12-12 01:03:13,993 - INFO - HTTP Request: PUT http://localhost:6333/collections/law_with_bge_round1/points?wait=true "HTTP/1.1 200 OK"
2025-12-12 01:03:14,020 - INFO - HTTP Request: PUT http://localhost:6333/collections/law_with_e5_emb_not_finetune/points?wait=true "HTTP/1.1 200 OK"
2025-12-12 01:03:14,030 - INFO - PUT http://localhost:9200/_bulk [status:200 duration:0.006s]
2025-12-12 01:03:16,804 - INFO - HTTP Request: PUT http://localhost:6333/collections/law_with_bge_round1/points?wait=true "HTTP/1.1 200 OK"
2025-12-12 01:03:16,829 - INFO - HTTP Request: PUT http://localhost:6333/collections/law_with_e5_emb_not_finetune/points?wait=true "HTTP/1.1 200 OK"
2025-12-12 01:03:16,840 - INFO - PUT http://localhost:9200/_bulk [status:200 duration:0.008s]
2025-12-12 01:03:19,682 - INFO - HTTP Request: PUT http://localhost:6333/collections/law_with_bge_round1/points?wait=true "HTTP/1.1 200 OK"
2025-12-12 01:03:19,706 - INFO - HTTP Request: PUT http://localhost:6333/collections/law_with_e5_emb_not_finetune/points?wait=true "HTTP/1.1 200 OK"
2025-12-12 01:03:19,764 - INFO - PUT http://localhost:9200/_bulk [status:200 duration:0.054s]
2025-12-12 01:03:22,679 - INFO - HTTP Request: PUT http://localhost:6333/collections/law_with_bge_round1/points?wait=true "HTTP/1.1 200 OK"
2025-12-12 01:03:22,703 - INFO - HTTP Request: PUT http://localhost:6333/collections/law_with_e5_emb_not_finetune/points?wait=true "HTTP/1.1 200 OK"
2025-12-12 01:03:22,714 - INFO - PUT http://localhost:9200/_bulk [status:200 duration:0.008s]
2025-12-12 01:03:25,587 - INFO - HTTP Request: PUT http://localhost:6333/collections/law_with_bge_round1/points?wait=true "HTTP/1.1 200 OK"
2025-12-12 01:03:25,613 - INFO - HTTP Request: PUT http://localhost:6333/collections/law_with_e5_emb_not_finetune/points?wait=true "HTTP/1.1 200 OK"
2025-12-12 01:03:25,673 - INFO - PUT http://localhost:9200/_bulk [status:200 duration:0.057s]
2025-12-12 01:03:28,488 - INFO - HTTP Request: PUT http://localhost:6333/collections/law_with_bge_round1/points?wait=true "HTTP/1.1 200 OK"
2025-12-12 01:03:28,513 - INFO - HTTP Request: PUT http://localhost:6333/collections/law_with_e5_emb_not_finetune/points?wait=true "HTTP/1.1 200 OK"
2025-12-12 01:03:28,570 - INFO - PUT http://localhost:9200/_bulk [status:200 duration:0.053s]
2025-12-12 01:03:31,407 - INFO - HTTP Request: PUT http://localhost:6333/collections/law_with_bge_round1/points?wait=true "HTTP/1.1 200 OK"
2025-12-12 01:03:31,437 - INFO - HTTP Request: PUT http://localhost:6333/collections/law_with_e5_emb_not_finetune/points?wait=true "HTTP/1.1 200 OK"
2025-12-12 01:03:31,490 - INFO - PUT http://localhost:9200/_bulk [status:200 duration:0.050s]
2025-12-12 01:03:34,380 - INFO - HTTP Request: PUT http://localhost:6333/collections/law_with_bge_round1/points?wait=true "HTTP/1.1 200 OK"
2025-12-12 01:03:34,405 - INFO - HTTP Request: PUT http://localhost:6333/collections/law_with_e5_emb_not_finetune/points?wait=true "HTTP/1.1 200 OK"
2025-12-12 01:03:34,462 - INFO - PUT http://localhost:9200/_bulk [status:200 duration:0.054s]
2025-12-12 01:03:37,466 - INFO - HTTP Request: PUT http://localhost:6333/collections/law_with_bge_round1/points?wait=true "HTTP/1.1 200 OK"
2025-12-12 01:03:37,493 - INFO - HTTP Request: PUT http://localhost:6333/collections/law_with_e5_emb_not_finetune/points?wait=true "HTTP/1.1 200 OK"
2025-12-12 01:03:37,551 - INFO - PUT http://localhost:9200/_bulk [status:200 duration:0.056s]
2025-12-12 01:03:39,121 - INFO - HTTP Request: PUT http://localhost:6333/collections/law_with_bge_round1/points?wait=true "HTTP/1.1 200 OK"
2025-12-12 01:03:39,144 - INFO - HTTP Request: PUT http://localhost:6333/collections/law_with_e5_emb_not_finetune/points?wait=true "HTTP/1.1 200 OK"
2025-12-12 01:03:39,201 - INFO - PUT http://localhost:9200/_bulk [status:200 duration:0.054s]
2025-12-12 01:03:41,727 - INFO - HTTP Request: PUT http://localhost:6333/collections/law_with_bge_round1/points?wait=true "HTTP/1.1 200 OK"
2025-12-12 01:03:41,752 - INFO - HTTP Request: PUT http://localhost:6333/collections/law_with_e5_emb_not_finetune/points?wait=true "HTTP/1.1 200 OK"
2025-12-12 01:03:41,803 - INFO - PUT http://localhost:9200/_bulk [status:200 duration:0.048s]
2025-12-12 01:03:44,702 - INFO - HTTP Request: PUT http://localhost:6333/collections/law_with_bge_round1/points?wait=true "HTTP/1.1 200 OK"
2025-12-12 01:03:44,726 - INFO - HTTP Request: PUT http://localhost:6333/collections/law_with_e5_emb_not_finetune/points?wait=true "HTTP/1.1 200 OK"
2025-12-12 01:03:44,779 - INFO - PUT http://localhost:9200/_bulk [status:200 duration:0.050s]
2025-12-12 01:03:47,727 - INFO - HTTP Request: PUT http://localhost:6333/collections/law_with_bge_round1/points?wait=true "HTTP/1.1 200 OK"
2025-12-12 01:03:47,752 - INFO - HTTP Request: PUT http://localhost:6333/collections/law_with_e5_emb_not_finetune/points?wait=true "HTTP/1.1 200 OK"
2025-12-12 01:03:47,805 - INFO - PUT http://localhost:9200/_bulk [status:200 duration:0.051s]
2025-12-12 01:03:50,619 - INFO - HTTP Request: PUT http://localhost:6333/collections/law_with_bge_round1/points?wait=true "HTTP/1.1 200 OK"
2025-12-12 01:03:50,644 - INFO - HTTP Request: PUT http://localhost:6333/collections/law_with_e5_emb_not_finetune/points?wait=true "HTTP/1.1 200 OK"
2025-12-12 01:03:50,697 - INFO - PUT http://localhost:9200/_bulk [status:200 duration:0.050s]
2025-12-12 01:03:53,572 - INFO - HTTP Request: PUT http://localhost:6333/collections/law_with_bge_round1/points?wait=true "HTTP/1.1 200 OK"
2025-12-12 01:03:53,595 - INFO - HTTP Request: PUT http://localhost:6333/collections/law_with_e5_emb_not_finetune/points?wait=true "HTTP/1.1 200 OK"
2025-12-12 01:03:53,649 - INFO - PUT http://localhost:9200/_bulk [status:200 duration:0.050s]
2025-12-12 01:03:56,494 - INFO - HTTP Request: PUT http://localhost:6333/collections/law_with_bge_round1/points?wait=true "HTTP/1.1 200 OK"
2025-12-12 01:03:56,544 - INFO - HTTP Request: PUT http://localhost:6333/collections/law_with_e5_emb_not_finetune/points?wait=true "HTTP/1.1 200 OK"
2025-12-12 01:03:56,596 - INFO - PUT http://localhost:9200/_bulk [status:200 duration:0.048s]
2025-12-12 01:03:59,522 - INFO - HTTP Request: PUT http://localhost:6333/collections/law_with_bge_round1/points?wait=true "HTTP/1.1 200 OK"
2025-12-12 01:03:59,549 - INFO - HTTP Request: PUT http://localhost:6333/collections/law_with_e5_emb_not_finetune/points?wait=true "HTTP/1.1 200 OK"
2025-12-12 01:03:59,560 - INFO - PUT http://localhost:9200/_bulk [status:200 duration:0.007s]
2025-12-12 01:04:02,455 - INFO - HTTP Request: PUT http://localhost:6333/collections/law_with_bge_round1/points?wait=true "HTTP/1.1 200 OK"
2025-12-12 01:04:02,479 - INFO - HTTP Request: PUT http://localhost:6333/collections/law_with_e5_emb_not_finetune/points?wait=true "HTTP/1.1 200 OK"
2025-12-12 01:04:02,534 - INFO - PUT http://localhost:9200/_bulk [status:200 duration:0.051s]
2025-12-12 01:04:05,389 - INFO - HTTP Request: PUT http://localhost:6333/collections/law_with_bge_round1/points?wait=true "HTTP/1.1 200 OK"
2025-12-12 01:04:05,414 - INFO - HTTP Request: PUT http://localhost:6333/collections/law_with_e5_emb_not_finetune/points?wait=true "HTTP/1.1 200 OK"
2025-12-12 01:04:05,426 - INFO - PUT http://localhost:9200/_bulk [status:200 duration:0.008s]
2025-12-12 01:04:08,342 - INFO - HTTP Request: PUT http://localhost:6333/collections/law_with_bge_round1/points?wait=true "HTTP/1.1 200 OK"
2025-12-12 01:04:08,369 - INFO - HTTP Request: PUT http://localhost:6333/collections/law_with_e5_emb_not_finetune/points?wait=true "HTTP/1.1 200 OK"
2025-12-12 01:04:08,379 - INFO - PUT http://localhost:9200/_bulk [status:200 duration:0.007s]
2025-12-12 01:04:11,245 - INFO - HTTP Request: PUT http://localhost:6333/collections/law_with_bge_round1/points?wait=true "HTTP/1.1 200 OK"
2025-12-12 01:04:11,275 - INFO - HTTP Request: PUT http://localhost:6333/collections/law_with_e5_emb_not_finetune/points?wait=true "HTTP/1.1 200 OK"
2025-12-12 01:04:11,326 - INFO - PUT http://localhost:9200/_bulk [status:200 duration:0.049s]
2025-12-12 01:04:14,198 - INFO - HTTP Request: PUT http://localhost:6333/collections/law_with_bge_round1/points?wait=true "HTTP/1.1 200 OK"
2025-12-12 01:04:14,224 - INFO - HTTP Request: PUT http://localhost:6333/collections/law_with_e5_emb_not_finetune/points?wait=true "HTTP/1.1 200 OK"
2025-12-12 01:04:14,234 - INFO - PUT http://localhost:9200/_bulk [status:200 duration:0.007s]
2025-12-12 01:04:17,041 - INFO - HTTP Request: PUT http://localhost:6333/collections/law_with_bge_round1/points?wait=true "HTTP/1.1 200 OK"
2025-12-12 01:04:17,069 - INFO - HTTP Request: PUT http://localhost:6333/collections/law_with_e5_emb_not_finetune/points?wait=true "HTTP/1.1 200 OK"
2025-12-12 01:04:17,080 - INFO - PUT http://localhost:9200/_bulk [status:200 duration:0.008s]
2025-12-12 01:04:20,035 - INFO - HTTP Request: PUT http://localhost:6333/collections/law_with_bge_round1/points?wait=true "HTTP/1.1 200 OK"
2025-12-12 01:04:20,062 - INFO - HTTP Request: PUT http://localhost:6333/collections/law_with_e5_emb_not_finetune/points?wait=true "HTTP/1.1 200 OK"
2025-12-12 01:04:20,072 - INFO - PUT http://localhost:9200/_bulk [status:200 duration:0.007s]
2025-12-12 01:04:22,963 - INFO - HTTP Request: PUT http://localhost:6333/collections/law_with_bge_round1/points?wait=true "HTTP/1.1 200 OK"
2025-12-12 01:04:22,992 - INFO - HTTP Request: PUT http://localhost:6333/collections/law_with_e5_emb_not_finetune/points?wait=true "HTTP/1.1 200 OK"
2025-12-12 01:04:23,045 - INFO - PUT http://localhost:9200/_bulk [status:200 duration:0.050s]
2025-12-12 01:04:25,926 - INFO - HTTP Request: PUT http://localhost:6333/collections/law_with_bge_round1/points?wait=true "HTTP/1.1 200 OK"
2025-12-12 01:04:25,953 - INFO - HTTP Request: PUT http://localhost:6333/collections/law_with_e5_emb_not_finetune/points?wait=true "HTTP/1.1 200 OK"
2025-12-12 01:04:25,966 - INFO - PUT http://localhost:9200/_bulk [status:200 duration:0.011s]
2025-12-12 01:04:28,822 - INFO - HTTP Request: PUT http://localhost:6333/collections/law_with_bge_round1/points?wait=true "HTTP/1.1 200 OK"
2025-12-12 01:04:28,847 - INFO - HTTP Request: PUT http://localhost:6333/collections/law_with_e5_emb_not_finetune/points?wait=true "HTTP/1.1 200 OK"
2025-12-12 01:04:28,857 - INFO - PUT http://localhost:9200/_bulk [status:200 duration:0.007s]
2025-12-12 01:04:31,723 - INFO - HTTP Request: PUT http://localhost:6333/collections/law_with_bge_round1/points?wait=true "HTTP/1.1 200 OK"
2025-12-12 01:04:31,749 - INFO - HTTP Request: PUT http://localhost:6333/collections/law_with_e5_emb_not_finetune/points?wait=true "HTTP/1.1 200 OK"
2025-12-12 01:04:31,760 - INFO - PUT http://localhost:9200/_bulk [status:200 duration:0.008s]
2025-12-12 01:04:34,625 - INFO - HTTP Request: PUT http://localhost:6333/collections/law_with_bge_round1/points?wait=true "HTTP/1.1 200 OK"
2025-12-12 01:04:34,652 - INFO - HTTP Request: PUT http://localhost:6333/collections/law_with_e5_emb_not_finetune/points?wait=true "HTTP/1.1 200 OK"
2025-12-12 01:04:34,706 - INFO - PUT http://localhost:9200/_bulk [status:200 duration:0.051s]
2025-12-12 01:04:37,635 - INFO - HTTP Request: PUT http://localhost:6333/collections/law_with_bge_round1/points?wait=true "HTTP/1.1 200 OK"
2025-12-12 01:04:37,661 - INFO - HTTP Request: PUT http://localhost:6333/collections/law_with_e5_emb_not_finetune/points?wait=true "HTTP/1.1 200 OK"
2025-12-12 01:04:37,674 - INFO - PUT http://localhost:9200/_bulk [status:200 duration:0.011s]
2025-12-12 01:04:40,537 - INFO - HTTP Request: PUT http://localhost:6333/collections/law_with_bge_round1/points?wait=true "HTTP/1.1 200 OK"
2025-12-12 01:04:40,565 - INFO - HTTP Request: PUT http://localhost:6333/collections/law_with_e5_emb_not_finetune/points?wait=true "HTTP/1.1 200 OK"
2025-12-12 01:04:40,575 - INFO - PUT http://localhost:9200/_bulk [status:200 duration:0.007s]
2025-12-12 01:04:43,450 - INFO - HTTP Request: PUT http://localhost:6333/collections/law_with_bge_round1/points?wait=true "HTTP/1.1 200 OK"
2025-12-12 01:04:43,477 - INFO - HTTP Request: PUT http://localhost:6333/collections/law_with_e5_emb_not_finetune/points?wait=true "HTTP/1.1 200 OK"
2025-12-12 01:04:43,488 - INFO - PUT http://localhost:9200/_bulk [status:200 duration:0.007s]
2025-12-12 01:04:46,325 - INFO - HTTP Request: PUT http://localhost:6333/collections/law_with_bge_round1/points?wait=true "HTTP/1.1 200 OK"
2025-12-12 01:04:46,366 - INFO - HTTP Request: PUT http://localhost:6333/collections/law_with_e5_emb_not_finetune/points?wait=true "HTTP/1.1 200 OK"
2025-12-12 01:04:46,377 - INFO - PUT http://localhost:9200/_bulk [status:200 duration:0.007s]
2025-12-12 01:04:49,256 - INFO - HTTP Request: PUT http://localhost:6333/collections/law_with_bge_round1/points?wait=true "HTTP/1.1 200 OK"
2025-12-12 01:04:49,287 - INFO - HTTP Request: PUT http://localhost:6333/collections/law_with_e5_emb_not_finetune/points?wait=true "HTTP/1.1 200 OK"
2025-12-12 01:04:49,300 - INFO - PUT http://localhost:9200/_bulk [status:200 duration:0.010s]
2025-12-12 01:04:52,130 - INFO - HTTP Request: PUT http://localhost:6333/collections/law_with_bge_round1/points?wait=true "HTTP/1.1 200 OK"
2025-12-12 01:04:52,169 - INFO - HTTP Request: PUT http://localhost:6333/collections/law_with_e5_emb_not_finetune/points?wait=true "HTTP/1.1 200 OK"
2025-12-12 01:04:52,228 - INFO - PUT http://localhost:9200/_bulk [status:200 duration:0.055s]
2025-12-12 01:04:55,043 - INFO - HTTP Request: PUT http://localhost:6333/collections/law_with_bge_round1/points?wait=true "HTTP/1.1 200 OK"
2025-12-12 01:04:55,099 - INFO - HTTP Request: PUT http://localhost:6333/collections/law_with_e5_emb_not_finetune/points?wait=true "HTTP/1.1 200 OK"
2025-12-12 01:04:55,152 - INFO - PUT http://localhost:9200/_bulk [status:200 duration:0.049s]
2025-12-12 01:04:57,950 - INFO - HTTP Request: PUT http://localhost:6333/collections/law_with_bge_round1/points?wait=true "HTTP/1.1 200 OK"
2025-12-12 01:04:58,000 - INFO - HTTP Request: PUT http://localhost:6333/collections/law_with_e5_emb_not_finetune/points?wait=true "HTTP/1.1 200 OK"
2025-12-12 01:04:58,012 - INFO - PUT http://localhost:9200/_bulk [status:200 duration:0.007s]
2025-12-12 01:05:00,793 - INFO - HTTP Request: PUT http://localhost:6333/collections/law_with_bge_round1/points?wait=true "HTTP/1.1 200 OK"
2025-12-12 01:05:00,819 - INFO - HTTP Request: PUT http://localhost:6333/collections/law_with_e5_emb_not_finetune/points?wait=true "HTTP/1.1 200 OK"
2025-12-12 01:05:00,827 - INFO - PUT http://localhost:9200/_bulk [status:200 duration:0.006s]
2025-12-12 01:05:03,728 - INFO - HTTP Request: PUT http://localhost:6333/collections/law_with_bge_round1/points?wait=true "HTTP/1.1 200 OK"
2025-12-12 01:05:03,753 - INFO - HTTP Request: PUT http://localhost:6333/collections/law_with_e5_emb_not_finetune/points?wait=true "HTTP/1.1 200 OK"
2025-12-12 01:05:03,763 - INFO - PUT http://localhost:9200/_bulk [status:200 duration:0.007s]
2025-12-12 01:05:06,571 - INFO - HTTP Request: PUT http://localhost:6333/collections/law_with_bge_round1/points?wait=true "HTTP/1.1 200 OK"
2025-12-12 01:05:06,629 - INFO - HTTP Request: PUT http://localhost:6333/collections/law_with_e5_emb_not_finetune/points?wait=true "HTTP/1.1 200 OK"
2025-12-12 01:05:06,639 - INFO - PUT http://localhost:9200/_bulk [status:200 duration:0.007s]
2025-12-12 01:05:09,527 - INFO - HTTP Request: PUT http://localhost:6333/collections/law_with_bge_round1/points?wait=true "HTTP/1.1 200 OK"
2025-12-12 01:05:09,576 - INFO - HTTP Request: PUT http://localhost:6333/collections/law_with_e5_emb_not_finetune/points?wait=true "HTTP/1.1 200 OK"
2025-12-12 01:05:09,631 - INFO - PUT http://localhost:9200/_bulk [status:200 duration:0.051s]
2025-12-12 01:05:12,551 - INFO - HTTP Request: PUT http://localhost:6333/collections/law_with_bge_round1/points?wait=true "HTTP/1.1 200 OK"
2025-12-12 01:05:12,587 - INFO - HTTP Request: PUT http://localhost:6333/collections/law_with_e5_emb_not_finetune/points?wait=true "HTTP/1.1 200 OK"
2025-12-12 01:05:12,638 - INFO - PUT http://localhost:9200/_bulk [status:200 duration:0.048s]
2025-12-12 01:05:15,488 - INFO - HTTP Request: PUT http://localhost:6333/collections/law_with_bge_round1/points?wait=true "HTTP/1.1 200 OK"
2025-12-12 01:05:15,515 - INFO - HTTP Request: PUT http://localhost:6333/collections/law_with_e5_emb_not_finetune/points?wait=true "HTTP/1.1 200 OK"
2025-12-12 01:05:15,573 - INFO - PUT http://localhost:9200/_bulk [status:200 duration:0.055s]
2025-12-12 01:05:18,429 - INFO - HTTP Request: PUT http://localhost:6333/collections/law_with_bge_round1/points?wait=true "HTTP/1.1 200 OK"
2025-12-12 01:05:18,454 - INFO - HTTP Request: PUT http://localhost:6333/collections/law_with_e5_emb_not_finetune/points?wait=true "HTTP/1.1 200 OK"
2025-12-12 01:05:18,464 - INFO - PUT http://localhost:9200/_bulk [status:200 duration:0.007s]
2025-12-12 01:05:21,435 - INFO - HTTP Request: PUT http://localhost:6333/collections/law_with_bge_round1/points?wait=true "HTTP/1.1 200 OK"
2025-12-12 01:05:21,460 - INFO - HTTP Request: PUT http://localhost:6333/collections/law_with_e5_emb_not_finetune/points?wait=true "HTTP/1.1 200 OK"
2025-12-12 01:05:21,515 - INFO - PUT http://localhost:9200/_bulk [status:200 duration:0.052s]
2025-12-12 01:05:24,416 - INFO - HTTP Request: PUT http://localhost:6333/collections/law_with_bge_round1/points?wait=true "HTTP/1.1 200 OK"
2025-12-12 01:05:24,464 - INFO - HTTP Request: PUT http://localhost:6333/collections/law_with_e5_emb_not_finetune/points?wait=true "HTTP/1.1 200 OK"
2025-12-12 01:05:24,474 - INFO - PUT http://localhost:9200/_bulk [status:200 duration:0.006s]
2025-12-12 01:05:27,347 - INFO - HTTP Request: PUT http://localhost:6333/collections/law_with_bge_round1/points?wait=true "HTTP/1.1 200 OK"
2025-12-12 01:05:27,374 - INFO - HTTP Request: PUT http://localhost:6333/collections/law_with_e5_emb_not_finetune/points?wait=true "HTTP/1.1 200 OK"
2025-12-12 01:05:27,387 - INFO - PUT http://localhost:9200/_bulk [status:200 duration:0.011s]
2025-12-12 01:05:30,177 - INFO - HTTP Request: PUT http://localhost:6333/collections/law_with_bge_round1/points?wait=true "HTTP/1.1 200 OK"
2025-12-12 01:05:30,226 - INFO - HTTP Request: PUT http://localhost:6333/collections/law_with_e5_emb_not_finetune/points?wait=true "HTTP/1.1 200 OK"
2025-12-12 01:05:30,244 - INFO - PUT http://localhost:9200/_bulk [status:200 duration:0.014s]
2025-12-12 01:05:33,088 - INFO - HTTP Request: PUT http://localhost:6333/collections/law_with_bge_round1/points?wait=true "HTTP/1.1 200 OK"
2025-12-12 01:05:33,112 - INFO - HTTP Request: PUT http://localhost:6333/collections/law_with_e5_emb_not_finetune/points?wait=true "HTTP/1.1 200 OK"
2025-12-12 01:05:33,167 - INFO - PUT http://localhost:9200/_bulk [status:200 duration:0.051s]
2025-12-12 01:05:36,050 - INFO - HTTP Request: PUT http://localhost:6333/collections/law_with_bge_round1/points?wait=true "HTTP/1.1 200 OK"
2025-12-12 01:05:36,075 - INFO - HTTP Request: PUT http://localhost:6333/collections/law_with_e5_emb_not_finetune/points?wait=true "HTTP/1.1 200 OK"
2025-12-12 01:05:36,085 - INFO - PUT http://localhost:9200/_bulk [status:200 duration:0.006s]
2025-12-12 01:05:38,986 - INFO - HTTP Request: PUT http://localhost:6333/collections/law_with_bge_round1/points?wait=true "HTTP/1.1 200 OK"
2025-12-12 01:05:39,015 - INFO - HTTP Request: PUT http://localhost:6333/collections/law_with_e5_emb_not_finetune/points?wait=true "HTTP/1.1 200 OK"
2025-12-12 01:05:39,066 - INFO - PUT http://localhost:9200/_bulk [status:200 duration:0.048s]
2025-12-12 01:05:41,991 - INFO - HTTP Request: PUT http://localhost:6333/collections/law_with_bge_round1/points?wait=true "HTTP/1.1 200 OK"
2025-12-12 01:05:42,016 - INFO - HTTP Request: PUT http://localhost:6333/collections/law_with_e5_emb_not_finetune/points?wait=true "HTTP/1.1 200 OK"
2025-12-12 01:05:42,068 - INFO - PUT http://localhost:9200/_bulk [status:200 duration:0.050s]
2025-12-12 01:05:44,884 - INFO - HTTP Request: PUT http://localhost:6333/collections/law_with_bge_round1/points?wait=true "HTTP/1.1 200 OK"
2025-12-12 01:05:44,910 - INFO - HTTP Request: PUT http://localhost:6333/collections/law_with_e5_emb_not_finetune/points?wait=true "HTTP/1.1 200 OK"
2025-12-12 01:05:44,965 - INFO - PUT http://localhost:9200/_bulk [status:200 duration:0.052s]
2025-12-12 01:05:47,835 - INFO - HTTP Request: PUT http://localhost:6333/collections/law_with_bge_round1/points?wait=true "HTTP/1.1 200 OK"
2025-12-12 01:05:47,861 - INFO - HTTP Request: PUT http://localhost:6333/collections/law_with_e5_emb_not_finetune/points?wait=true "HTTP/1.1 200 OK"
2025-12-12 01:05:47,913 - INFO - PUT http://localhost:9200/_bulk [status:200 duration:0.050s]
2025-12-12 01:05:50,805 - INFO - HTTP Request: PUT http://localhost:6333/collections/law_with_bge_round1/points?wait=true "HTTP/1.1 200 OK"
2025-12-12 01:05:50,835 - INFO - HTTP Request: PUT http://localhost:6333/collections/law_with_e5_emb_not_finetune/points?wait=true "HTTP/1.1 200 OK"
2025-12-12 01:05:50,886 - INFO - PUT http://localhost:9200/_bulk [status:200 duration:0.048s]
2025-12-12 01:05:53,798 - INFO - HTTP Request: PUT http://localhost:6333/collections/law_with_bge_round1/points?wait=true "HTTP/1.1 200 OK"
2025-12-12 01:05:53,823 - INFO - HTTP Request: PUT http://localhost:6333/collections/law_with_e5_emb_not_finetune/points?wait=true "HTTP/1.1 200 OK"
2025-12-12 01:05:53,833 - INFO - PUT http://localhost:9200/_bulk [status:200 duration:0.007s]
2025-12-12 01:05:56,644 - INFO - HTTP Request: PUT http://localhost:6333/collections/law_with_bge_round1/points?wait=true "HTTP/1.1 200 OK"
2025-12-12 01:05:56,671 - INFO - HTTP Request: PUT http://localhost:6333/collections/law_with_e5_emb_not_finetune/points?wait=true "HTTP/1.1 200 OK"
2025-12-12 01:05:56,680 - INFO - PUT http://localhost:9200/_bulk [status:200 duration:0.006s]
2025-12-12 01:05:59,468 - INFO - HTTP Request: PUT http://localhost:6333/collections/law_with_bge_round1/points?wait=true "HTTP/1.1 200 OK"
2025-12-12 01:05:59,497 - INFO - HTTP Request: PUT http://localhost:6333/collections/law_with_e5_emb_not_finetune/points?wait=true "HTTP/1.1 200 OK"
2025-12-12 01:05:59,549 - INFO - PUT http://localhost:9200/_bulk [status:200 duration:0.049s]
2025-12-12 01:06:02,406 - INFO - HTTP Request: PUT http://localhost:6333/collections/law_with_bge_round1/points?wait=true "HTTP/1.1 200 OK"
2025-12-12 01:06:02,433 - INFO - HTTP Request: PUT http://localhost:6333/collections/law_with_e5_emb_not_finetune/points?wait=true "HTTP/1.1 200 OK"
2025-12-12 01:06:02,443 - INFO - PUT http://localhost:9200/_bulk [status:200 duration:0.006s]
2025-12-12 01:06:05,260 - INFO - HTTP Request: PUT http://localhost:6333/collections/law_with_bge_round1/points?wait=true "HTTP/1.1 200 OK"
2025-12-12 01:06:05,286 - INFO - HTTP Request: PUT http://localhost:6333/collections/law_with_e5_emb_not_finetune/points?wait=true "HTTP/1.1 200 OK"
2025-12-12 01:06:05,345 - INFO - PUT http://localhost:9200/_bulk [status:200 duration:0.055s]
2025-12-12 01:06:08,212 - INFO - HTTP Request: PUT http://localhost:6333/collections/law_with_bge_round1/points?wait=true "HTTP/1.1 200 OK"
2025-12-12 01:06:08,251 - INFO - HTTP Request: PUT http://localhost:6333/collections/law_with_e5_emb_not_finetune/points?wait=true "HTTP/1.1 200 OK"
2025-12-12 01:06:08,314 - INFO - PUT http://localhost:9200/_bulk [status:200 duration:0.060s]
2025-12-12 01:06:11,114 - INFO - HTTP Request: PUT http://localhost:6333/collections/law_with_bge_round1/points?wait=true "HTTP/1.1 200 OK"
2025-12-12 01:06:11,140 - INFO - HTTP Request: PUT http://localhost:6333/collections/law_with_e5_emb_not_finetune/points?wait=true "HTTP/1.1 200 OK"
2025-12-12 01:06:11,194 - INFO - PUT http://localhost:9200/_bulk [status:200 duration:0.052s]
2025-12-12 01:06:14,004 - INFO - HTTP Request: PUT http://localhost:6333/collections/law_with_bge_round1/points?wait=true "HTTP/1.1 200 OK"
2025-12-12 01:06:14,030 - INFO - HTTP Request: PUT http://localhost:6333/collections/law_with_e5_emb_not_finetune/points?wait=true "HTTP/1.1 200 OK"
2025-12-12 01:06:14,080 - INFO - PUT http://localhost:9200/_bulk [status:200 duration:0.046s]
2025-12-12 01:06:16,347 - INFO - HTTP Request: PUT http://localhost:6333/collections/law_with_bge_round1/points?wait=true "HTTP/1.1 200 OK"
2025-12-12 01:06:16,417 - INFO - HTTP Request: PUT http://localhost:6333/collections/law_with_e5_emb_not_finetune/points?wait=true "HTTP/1.1 200 OK"
2025-12-12 01:06:16,470 - INFO - PUT http://localhost:9200/_bulk [status:200 duration:0.051s]
2025-12-12 01:06:19,343 - INFO - HTTP Request: PUT http://localhost:6333/collections/law_with_bge_round1/points?wait=true "HTTP/1.1 200 OK"
2025-12-12 01:06:19,371 - INFO - HTTP Request: PUT http://localhost:6333/collections/law_with_e5_emb_not_finetune/points?wait=true "HTTP/1.1 200 OK"
2025-12-12 01:06:19,426 - INFO - PUT http://localhost:9200/_bulk [status:200 duration:0.052s]
2025-12-12 01:06:22,254 - INFO - HTTP Request: PUT http://localhost:6333/collections/law_with_bge_round1/points?wait=true "HTTP/1.1 200 OK"
2025-12-12 01:06:22,292 - INFO - HTTP Request: PUT http://localhost:6333/collections/law_with_e5_emb_not_finetune/points?wait=true "HTTP/1.1 200 OK"
2025-12-12 01:06:22,348 - INFO - PUT http://localhost:9200/_bulk [status:200 duration:0.053s]
2025-12-12 01:06:25,115 - INFO - HTTP Request: PUT http://localhost:6333/collections/law_with_bge_round1/points?wait=true "HTTP/1.1 200 OK"
2025-12-12 01:06:25,142 - INFO - HTTP Request: PUT http://localhost:6333/collections/law_with_e5_emb_not_finetune/points?wait=true "HTTP/1.1 200 OK"
2025-12-12 01:06:25,192 - INFO - PUT http://localhost:9200/_bulk [status:200 duration:0.047s]
2025-12-12 01:06:28,075 - INFO - HTTP Request: PUT http://localhost:6333/collections/law_with_bge_round1/points?wait=true "HTTP/1.1 200 OK"
2025-12-12 01:06:28,099 - INFO - HTTP Request: PUT http://localhost:6333/collections/law_with_e5_emb_not_finetune/points?wait=true "HTTP/1.1 200 OK"
2025-12-12 01:06:28,157 - INFO - PUT http://localhost:9200/_bulk [status:200 duration:0.055s]
2025-12-12 01:06:31,088 - INFO - HTTP Request: PUT http://localhost:6333/collections/law_with_bge_round1/points?wait=true "HTTP/1.1 200 OK"
2025-12-12 01:06:31,124 - INFO - HTTP Request: PUT http://localhost:6333/collections/law_with_e5_emb_not_finetune/points?wait=true "HTTP/1.1 200 OK"
2025-12-12 01:06:31,136 - INFO - PUT http://localhost:9200/_bulk [status:200 duration:0.009s]
2025-12-12 01:06:34,035 - INFO - HTTP Request: PUT http://localhost:6333/collections/law_with_bge_round1/points?wait=true "HTTP/1.1 200 OK"
2025-12-12 01:06:34,068 - INFO - HTTP Request: PUT http://localhost:6333/collections/law_with_e5_emb_not_finetune/points?wait=true "HTTP/1.1 200 OK"
2025-12-12 01:06:34,078 - INFO - PUT http://localhost:9200/_bulk [status:200 duration:0.006s]
2025-12-12 01:06:37,015 - INFO - HTTP Request: PUT http://localhost:6333/collections/law_with_bge_round1/points?wait=true "HTTP/1.1 200 OK"
2025-12-12 01:06:37,059 - INFO - HTTP Request: PUT http://localhost:6333/collections/law_with_e5_emb_not_finetune/points?wait=true "HTTP/1.1 200 OK"
2025-12-12 01:06:37,119 - INFO - PUT http://localhost:9200/_bulk [status:200 duration:0.056s]
2025-12-12 01:06:39,914 - INFO - HTTP Request: PUT http://localhost:6333/collections/law_with_bge_round1/points?wait=true "HTTP/1.1 200 OK"
2025-12-12 01:06:39,968 - INFO - HTTP Request: PUT http://localhost:6333/collections/law_with_e5_emb_not_finetune/points?wait=true "HTTP/1.1 200 OK"
2025-12-12 01:06:39,983 - INFO - PUT http://localhost:9200/_bulk [status:200 duration:0.011s]
2025-12-12 01:06:42,869 - INFO - HTTP Request: PUT http://localhost:6333/collections/law_with_bge_round1/points?wait=true "HTTP/1.1 200 OK"
2025-12-12 01:06:42,895 - INFO - HTTP Request: PUT http://localhost:6333/collections/law_with_e5_emb_not_finetune/points?wait=true "HTTP/1.1 200 OK"
2025-12-12 01:06:42,946 - INFO - PUT http://localhost:9200/_bulk [status:200 duration:0.048s]
2025-12-12 01:06:45,803 - INFO - HTTP Request: PUT http://localhost:6333/collections/law_with_bge_round1/points?wait=true "HTTP/1.1 200 OK"
2025-12-12 01:06:45,840 - INFO - HTTP Request: PUT http://localhost:6333/collections/law_with_e5_emb_not_finetune/points?wait=true "HTTP/1.1 200 OK"
2025-12-12 01:06:45,892 - INFO - PUT http://localhost:9200/_bulk [status:200 duration:0.049s]
2025-12-12 01:06:48,882 - INFO - HTTP Request: PUT http://localhost:6333/collections/law_with_bge_round1/points?wait=true "HTTP/1.1 200 OK"
2025-12-12 01:06:48,908 - INFO - HTTP Request: PUT http://localhost:6333/collections/law_with_e5_emb_not_finetune/points?wait=true "HTTP/1.1 200 OK"
2025-12-12 01:06:48,957 - INFO - PUT http://localhost:9200/_bulk [status:200 duration:0.046s]
2025-12-12 01:06:51,883 - INFO - HTTP Request: PUT http://localhost:6333/collections/law_with_bge_round1/points?wait=true "HTTP/1.1 200 OK"
2025-12-12 01:06:51,920 - INFO - HTTP Request: PUT http://localhost:6333/collections/law_with_e5_emb_not_finetune/points?wait=true "HTTP/1.1 200 OK"
2025-12-12 01:06:51,970 - INFO - PUT http://localhost:9200/_bulk [status:200 duration:0.047s]
2025-12-12 01:06:54,873 - INFO - HTTP Request: PUT http://localhost:6333/collections/law_with_bge_round1/points?wait=true "HTTP/1.1 200 OK"
2025-12-12 01:06:54,900 - INFO - HTTP Request: PUT http://localhost:6333/collections/law_with_e5_emb_not_finetune/points?wait=true "HTTP/1.1 200 OK"
2025-12-12 01:06:54,955 - INFO - PUT http://localhost:9200/_bulk [status:200 duration:0.052s]
2025-12-12 01:06:57,721 - INFO - HTTP Request: PUT http://localhost:6333/collections/law_with_bge_round1/points?wait=true "HTTP/1.1 200 OK"
2025-12-12 01:06:57,766 - INFO - HTTP Request: PUT http://localhost:6333/collections/law_with_e5_emb_not_finetune/points?wait=true "HTTP/1.1 200 OK"
2025-12-12 01:06:57,822 - INFO - PUT http://localhost:9200/_bulk [status:200 duration:0.051s]
2025-12-12 01:07:00,727 - INFO - HTTP Request: PUT http://localhost:6333/collections/law_with_bge_round1/points?wait=true "HTTP/1.1 200 OK"
2025-12-12 01:07:00,753 - INFO - HTTP Request: PUT http://localhost:6333/collections/law_with_e5_emb_not_finetune/points?wait=true "HTTP/1.1 200 OK"
2025-12-12 01:07:00,762 - INFO - PUT http://localhost:9200/_bulk [status:200 duration:0.006s]
2025-12-12 01:07:03,619 - INFO - HTTP Request: PUT http://localhost:6333/collections/law_with_bge_round1/points?wait=true "HTTP/1.1 200 OK"
2025-12-12 01:07:03,643 - INFO - HTTP Request: PUT http://localhost:6333/collections/law_with_e5_emb_not_finetune/points?wait=true "HTTP/1.1 200 OK"
2025-12-12 01:07:03,695 - INFO - PUT http://localhost:9200/_bulk [status:200 duration:0.050s]
2025-12-12 01:07:06,515 - INFO - HTTP Request: PUT http://localhost:6333/collections/law_with_bge_round1/points?wait=true "HTTP/1.1 200 OK"
2025-12-12 01:07:06,540 - INFO - HTTP Request: PUT http://localhost:6333/collections/law_with_e5_emb_not_finetune/points?wait=true "HTTP/1.1 200 OK"
2025-12-12 01:07:06,593 - INFO - PUT http://localhost:9200/_bulk [status:200 duration:0.050s]
2025-12-12 01:07:09,553 - INFO - HTTP Request: PUT http://localhost:6333/collections/law_with_bge_round1/points?wait=true "HTTP/1.1 200 OK"
2025-12-12 01:07:09,580 - INFO - HTTP Request: PUT http://localhost:6333/collections/law_with_e5_emb_not_finetune/points?wait=true "HTTP/1.1 200 OK"
2025-12-12 01:07:09,632 - INFO - PUT http://localhost:9200/_bulk [status:200 duration:0.049s]
2025-12-12 01:07:12,470 - INFO - HTTP Request: PUT http://localhost:6333/collections/law_with_bge_round1/points?wait=true "HTTP/1.1 200 OK"
2025-12-12 01:07:12,494 - INFO - HTTP Request: PUT http://localhost:6333/collections/law_with_e5_emb_not_finetune/points?wait=true "HTTP/1.1 200 OK"
2025-12-12 01:07:12,547 - INFO - PUT http://localhost:9200/_bulk [status:200 duration:0.050s]
2025-12-12 01:07:15,322 - INFO - HTTP Request: PUT http://localhost:6333/collections/law_with_bge_round1/points?wait=true "HTTP/1.1 200 OK"
2025-12-12 01:07:15,353 - INFO - HTTP Request: PUT http://localhost:6333/collections/law_with_e5_emb_not_finetune/points?wait=true "HTTP/1.1 200 OK"
2025-12-12 01:07:15,404 - INFO - PUT http://localhost:9200/_bulk [status:200 duration:0.049s]
2025-12-12 01:07:18,327 - INFO - HTTP Request: PUT http://localhost:6333/collections/law_with_bge_round1/points?wait=true "HTTP/1.1 200 OK"
2025-12-12 01:07:18,395 - INFO - HTTP Request: PUT http://localhost:6333/collections/law_with_e5_emb_not_finetune/points?wait=true "HTTP/1.1 200 OK"
2025-12-12 01:07:18,405 - INFO - PUT http://localhost:9200/_bulk [status:200 duration:0.007s]
2025-12-12 01:07:21,378 - INFO - HTTP Request: PUT http://localhost:6333/collections/law_with_bge_round1/points?wait=true "HTTP/1.1 200 OK"
2025-12-12 01:07:21,407 - INFO - HTTP Request: PUT http://localhost:6333/collections/law_with_e5_emb_not_finetune/points?wait=true "HTTP/1.1 200 OK"
2025-12-12 01:07:21,464 - INFO - PUT http://localhost:9200/_bulk [status:200 duration:0.054s]
2025-12-12 01:07:24,457 - INFO - HTTP Request: PUT http://localhost:6333/collections/law_with_bge_round1/points?wait=true "HTTP/1.1 200 OK"
2025-12-12 01:07:24,494 - INFO - HTTP Request: PUT http://localhost:6333/collections/law_with_e5_emb_not_finetune/points?wait=true "HTTP/1.1 200 OK"
2025-12-12 01:07:24,549 - INFO - PUT http://localhost:9200/_bulk [status:200 duration:0.052s]
2025-12-12 01:07:27,400 - INFO - HTTP Request: PUT http://localhost:6333/collections/law_with_bge_round1/points?wait=true "HTTP/1.1 200 OK"
2025-12-12 01:07:27,424 - INFO - HTTP Request: PUT http://localhost:6333/collections/law_with_e5_emb_not_finetune/points?wait=true "HTTP/1.1 200 OK"
2025-12-12 01:07:27,477 - INFO - PUT http://localhost:9200/_bulk [status:200 duration:0.051s]
2025-12-12 01:07:30,319 - INFO - HTTP Request: PUT http://localhost:6333/collections/law_with_bge_round1/points?wait=true "HTTP/1.1 200 OK"
2025-12-12 01:07:30,373 - INFO - HTTP Request: PUT http://localhost:6333/collections/law_with_e5_emb_not_finetune/points?wait=true "HTTP/1.1 200 OK"
2025-12-12 01:07:30,432 - INFO - PUT http://localhost:9200/_bulk [status:200 duration:0.057s]
2025-12-12 01:07:33,235 - INFO - HTTP Request: PUT http://localhost:6333/collections/law_with_bge_round1/points?wait=true "HTTP/1.1 200 OK"
2025-12-12 01:07:33,261 - INFO - HTTP Request: PUT http://localhost:6333/collections/law_with_e5_emb_not_finetune/points?wait=true "HTTP/1.1 200 OK"
2025-12-12 01:07:33,317 - INFO - PUT http://localhost:9200/_bulk [status:200 duration:0.052s]
2025-12-12 01:07:36,174 - INFO - HTTP Request: PUT http://localhost:6333/collections/law_with_bge_round1/points?wait=true "HTTP/1.1 200 OK"
2025-12-12 01:07:36,199 - INFO - HTTP Request: PUT http://localhost:6333/collections/law_with_e5_emb_not_finetune/points?wait=true "HTTP/1.1 200 OK"
2025-12-12 01:07:36,209 - INFO - PUT http://localhost:9200/_bulk [status:200 duration:0.006s]
2025-12-12 01:07:39,034 - INFO - HTTP Request: PUT http://localhost:6333/collections/law_with_bge_round1/points?wait=true "HTTP/1.1 200 OK"
2025-12-12 01:07:39,133 - INFO - HTTP Request: PUT http://localhost:6333/collections/law_with_e5_emb_not_finetune/points?wait=true "HTTP/1.1 200 OK"
2025-12-12 01:07:39,142 - INFO - PUT http://localhost:9200/_bulk [status:200 duration:0.006s]
2025-12-12 01:07:42,086 - INFO - HTTP Request: PUT http://localhost:6333/collections/law_with_bge_round1/points?wait=true "HTTP/1.1 200 OK"
2025-12-12 01:07:42,112 - INFO - HTTP Request: PUT http://localhost:6333/collections/law_with_e5_emb_not_finetune/points?wait=true "HTTP/1.1 200 OK"
2025-12-12 01:07:42,122 - INFO - PUT http://localhost:9200/_bulk [status:200 duration:0.007s]
2025-12-12 01:07:45,014 - INFO - HTTP Request: PUT http://localhost:6333/collections/law_with_bge_round1/points?wait=true "HTTP/1.1 200 OK"
2025-12-12 01:07:45,053 - INFO - HTTP Request: PUT http://localhost:6333/collections/law_with_e5_emb_not_finetune/points?wait=true "HTTP/1.1 200 OK"
2025-12-12 01:07:45,063 - INFO - PUT http://localhost:9200/_bulk [status:200 duration:0.007s]
2025-12-12 01:07:47,903 - INFO - HTTP Request: PUT http://localhost:6333/collections/law_with_bge_round1/points?wait=true "HTTP/1.1 200 OK"
2025-12-12 01:07:47,951 - INFO - HTTP Request: PUT http://localhost:6333/collections/law_with_e5_emb_not_finetune/points?wait=true "HTTP/1.1 200 OK"
2025-12-12 01:07:48,010 - INFO - PUT http://localhost:9200/_bulk [status:200 duration:0.057s]
2025-12-12 01:07:50,873 - INFO - HTTP Request: PUT http://localhost:6333/collections/law_with_bge_round1/points?wait=true "HTTP/1.1 200 OK"
2025-12-12 01:07:50,910 - INFO - HTTP Request: PUT http://localhost:6333/collections/law_with_e5_emb_not_finetune/points?wait=true "HTTP/1.1 200 OK"
2025-12-12 01:07:50,920 - INFO - PUT http://localhost:9200/_bulk [status:200 duration:0.006s]
2025-12-12 01:07:53,783 - INFO - HTTP Request: PUT http://localhost:6333/collections/law_with_bge_round1/points?wait=true "HTTP/1.1 200 OK"
2025-12-12 01:07:53,822 - INFO - HTTP Request: PUT http://localhost:6333/collections/law_with_e5_emb_not_finetune/points?wait=true "HTTP/1.1 200 OK"
2025-12-12 01:07:53,832 - INFO - PUT http://localhost:9200/_bulk [status:200 duration:0.007s]
2025-12-12 01:07:56,637 - INFO - HTTP Request: PUT http://localhost:6333/collections/law_with_bge_round1/points?wait=true "HTTP/1.1 200 OK"
2025-12-12 01:07:56,687 - INFO - HTTP Request: PUT http://localhost:6333/collections/law_with_e5_emb_not_finetune/points?wait=true "HTTP/1.1 200 OK"
2025-12-12 01:07:56,741 - INFO - PUT http://localhost:9200/_bulk [status:200 duration:0.051s]
2025-12-12 01:07:59,627 - INFO - HTTP Request: PUT http://localhost:6333/collections/law_with_bge_round1/points?wait=true "HTTP/1.1 200 OK"
2025-12-12 01:07:59,653 - INFO - HTTP Request: PUT http://localhost:6333/collections/law_with_e5_emb_not_finetune/points?wait=true "HTTP/1.1 200 OK"
2025-12-12 01:07:59,706 - INFO - PUT http://localhost:9200/_bulk [status:200 duration:0.051s]
2025-12-12 01:08:02,607 - INFO - HTTP Request: PUT http://localhost:6333/collections/law_with_bge_round1/points?wait=true "HTTP/1.1 200 OK"
2025-12-12 01:08:02,631 - INFO - HTTP Request: PUT http://localhost:6333/collections/law_with_e5_emb_not_finetune/points?wait=true "HTTP/1.1 200 OK"
2025-12-12 01:08:02,684 - INFO - PUT http://localhost:9200/_bulk [status:200 duration:0.050s]
2025-12-12 01:08:05,576 - INFO - HTTP Request: PUT http://localhost:6333/collections/law_with_bge_round1/points?wait=true "HTTP/1.1 200 OK"
2025-12-12 01:08:05,602 - INFO - HTTP Request: PUT http://localhost:6333/collections/law_with_e5_emb_not_finetune/points?wait=true "HTTP/1.1 200 OK"
2025-12-12 01:08:05,660 - INFO - PUT http://localhost:9200/_bulk [status:200 duration:0.054s]
2025-12-12 01:08:08,466 - INFO - HTTP Request: PUT http://localhost:6333/collections/law_with_bge_round1/points?wait=true "HTTP/1.1 200 OK"
2025-12-12 01:08:08,531 - INFO - HTTP Request: PUT http://localhost:6333/collections/law_with_e5_emb_not_finetune/points?wait=true "HTTP/1.1 200 OK"
2025-12-12 01:08:08,581 - INFO - PUT http://localhost:9200/_bulk [status:200 duration:0.048s]
2025-12-12 01:08:11,505 - INFO - HTTP Request: PUT http://localhost:6333/collections/law_with_bge_round1/points?wait=true "HTTP/1.1 200 OK"
2025-12-12 01:08:11,531 - INFO - HTTP Request: PUT http://localhost:6333/collections/law_with_e5_emb_not_finetune/points?wait=true "HTTP/1.1 200 OK"
2025-12-12 01:08:11,585 - INFO - PUT http://localhost:9200/_bulk [status:200 duration:0.052s]
2025-12-12 01:08:14,482 - INFO - HTTP Request: PUT http://localhost:6333/collections/law_with_bge_round1/points?wait=true "HTTP/1.1 200 OK"
2025-12-12 01:08:14,533 - INFO - HTTP Request: PUT http://localhost:6333/collections/law_with_e5_emb_not_finetune/points?wait=true "HTTP/1.1 200 OK"
2025-12-12 01:08:14,595 - INFO - PUT http://localhost:9200/_bulk [status:200 duration:0.059s]
2025-12-12 01:08:17,437 - INFO - HTTP Request: PUT http://localhost:6333/collections/law_with_bge_round1/points?wait=true "HTTP/1.1 200 OK"
2025-12-12 01:08:17,462 - INFO - HTTP Request: PUT http://localhost:6333/collections/law_with_e5_emb_not_finetune/points?wait=true "HTTP/1.1 200 OK"
2025-12-12 01:08:17,517 - INFO - PUT http://localhost:9200/_bulk [status:200 duration:0.052s]
2025-12-12 01:08:20,358 - INFO - HTTP Request: PUT http://localhost:6333/collections/law_with_bge_round1/points?wait=true "HTTP/1.1 200 OK"
2025-12-12 01:08:20,384 - INFO - HTTP Request: PUT http://localhost:6333/collections/law_with_e5_emb_not_finetune/points?wait=true "HTTP/1.1 200 OK"
2025-12-12 01:08:20,394 - INFO - PUT http://localhost:9200/_bulk [status:200 duration:0.007s]
2025-12-12 01:08:23,221 - INFO - HTTP Request: PUT http://localhost:6333/collections/law_with_bge_round1/points?wait=true "HTTP/1.1 200 OK"
2025-12-12 01:08:23,270 - INFO - HTTP Request: PUT http://localhost:6333/collections/law_with_e5_emb_not_finetune/points?wait=true "HTTP/1.1 200 OK"
2025-12-12 01:08:23,325 - INFO - PUT http://localhost:9200/_bulk [status:200 duration:0.052s]
2025-12-12 01:08:26,165 - INFO - HTTP Request: PUT http://localhost:6333/collections/law_with_bge_round1/points?wait=true "HTTP/1.1 200 OK"
2025-12-12 01:08:26,191 - INFO - HTTP Request: PUT http://localhost:6333/collections/law_with_e5_emb_not_finetune/points?wait=true "HTTP/1.1 200 OK"
2025-12-12 01:08:26,244 - INFO - PUT http://localhost:9200/_bulk [status:200 duration:0.051s]
2025-12-12 01:08:29,119 - INFO - HTTP Request: PUT http://localhost:6333/collections/law_with_bge_round1/points?wait=true "HTTP/1.1 200 OK"
2025-12-12 01:08:29,175 - INFO - HTTP Request: PUT http://localhost:6333/collections/law_with_e5_emb_not_finetune/points?wait=true "HTTP/1.1 200 OK"
2025-12-12 01:08:29,186 - INFO - PUT http://localhost:9200/_bulk [status:200 duration:0.008s]
2025-12-12 01:08:32,060 - INFO - HTTP Request: PUT http://localhost:6333/collections/law_with_bge_round1/points?wait=true "HTTP/1.1 200 OK"
2025-12-12 01:08:32,125 - INFO - HTTP Request: PUT http://localhost:6333/collections/law_with_e5_emb_not_finetune/points?wait=true "HTTP/1.1 200 OK"
2025-12-12 01:08:32,183 - INFO - PUT http://localhost:9200/_bulk [status:200 duration:0.054s]
2025-12-12 01:08:35,105 - INFO - HTTP Request: PUT http://localhost:6333/collections/law_with_bge_round1/points?wait=true "HTTP/1.1 200 OK"
2025-12-12 01:08:35,134 - INFO - HTTP Request: PUT http://localhost:6333/collections/law_with_e5_emb_not_finetune/points?wait=true "HTTP/1.1 200 OK"
2025-12-12 01:08:35,146 - INFO - PUT http://localhost:9200/_bulk [status:200 duration:0.008s]
2025-12-12 01:08:37,092 - INFO - HTTP Request: PUT http://localhost:6333/collections/law_with_bge_round1/points?wait=true "HTTP/1.1 200 OK"
2025-12-12 01:08:37,116 - INFO - HTTP Request: PUT http://localhost:6333/collections/law_with_e5_emb_not_finetune/points?wait=true "HTTP/1.1 200 OK"
2025-12-12 01:08:37,168 - INFO - PUT http://localhost:9200/_bulk [status:200 duration:0.049s]
2025-12-12 01:08:40,152 - INFO - HTTP Request: PUT http://localhost:6333/collections/law_with_bge_round1/points?wait=true "HTTP/1.1 200 OK"
2025-12-12 01:08:40,196 - INFO - HTTP Request: PUT http://localhost:6333/collections/law_with_e5_emb_not_finetune/points?wait=true "HTTP/1.1 200 OK"
2025-12-12 01:08:40,253 - INFO - PUT http://localhost:9200/_bulk [status:200 duration:0.053s]
2025-12-12 01:08:43,173 - INFO - HTTP Request: PUT http://localhost:6333/collections/law_with_bge_round1/points?wait=true "HTTP/1.1 200 OK"
2025-12-12 01:08:43,198 - INFO - HTTP Request: PUT http://localhost:6333/collections/law_with_e5_emb_not_finetune/points?wait=true "HTTP/1.1 200 OK"
2025-12-12 01:08:43,249 - INFO - PUT http://localhost:9200/_bulk [status:200 duration:0.049s]
2025-12-12 01:08:46,091 - INFO - HTTP Request: PUT http://localhost:6333/collections/law_with_bge_round1/points?wait=true "HTTP/1.1 200 OK"
2025-12-12 01:08:46,117 - INFO - HTTP Request: PUT http://localhost:6333/collections/law_with_e5_emb_not_finetune/points?wait=true "HTTP/1.1 200 OK"
2025-12-12 01:08:46,169 - INFO - PUT http://localhost:9200/_bulk [status:200 duration:0.049s]
2025-12-12 01:08:49,074 - INFO - HTTP Request: PUT http://localhost:6333/collections/law_with_bge_round1/points?wait=true "HTTP/1.1 200 OK"
2025-12-12 01:08:49,108 - INFO - HTTP Request: PUT http://localhost:6333/collections/law_with_e5_emb_not_finetune/points?wait=true "HTTP/1.1 200 OK"
2025-12-12 01:08:49,120 - INFO - PUT http://localhost:9200/_bulk [status:200 duration:0.009s]
2025-12-12 01:08:51,972 - INFO - HTTP Request: PUT http://localhost:6333/collections/law_with_bge_round1/points?wait=true "HTTP/1.1 200 OK"
2025-12-12 01:08:52,016 - INFO - HTTP Request: PUT http://localhost:6333/collections/law_with_e5_emb_not_finetune/points?wait=true "HTTP/1.1 200 OK"
2025-12-12 01:08:52,026 - INFO - PUT http://localhost:9200/_bulk [status:200 duration:0.006s]
2025-12-12 01:08:54,853 - INFO - HTTP Request: PUT http://localhost:6333/collections/law_with_bge_round1/points?wait=true "HTTP/1.1 200 OK"
2025-12-12 01:08:54,897 - INFO - HTTP Request: PUT http://localhost:6333/collections/law_with_e5_emb_not_finetune/points?wait=true "HTTP/1.1 200 OK"
2025-12-12 01:08:54,948 - INFO - PUT http://localhost:9200/_bulk [status:200 duration:0.049s]
2025-12-12 01:08:57,772 - INFO - HTTP Request: PUT http://localhost:6333/collections/law_with_bge_round1/points?wait=true "HTTP/1.1 200 OK"
2025-12-12 01:08:57,835 - INFO - HTTP Request: PUT http://localhost:6333/collections/law_with_e5_emb_not_finetune/points?wait=true "HTTP/1.1 200 OK"
2025-12-12 01:08:57,844 - INFO - PUT http://localhost:9200/_bulk [status:200 duration:0.007s]
2025-12-12 01:09:00,763 - INFO - HTTP Request: PUT http://localhost:6333/collections/law_with_bge_round1/points?wait=true "HTTP/1.1 200 OK"
2025-12-12 01:09:00,789 - INFO - HTTP Request: PUT http://localhost:6333/collections/law_with_e5_emb_not_finetune/points?wait=true "HTTP/1.1 200 OK"
2025-12-12 01:09:00,799 - INFO - PUT http://localhost:9200/_bulk [status:200 duration:0.007s]
2025-12-12 01:09:03,663 - INFO - HTTP Request: PUT http://localhost:6333/collections/law_with_bge_round1/points?wait=true "HTTP/1.1 200 OK"
2025-12-12 01:09:03,699 - INFO - HTTP Request: PUT http://localhost:6333/collections/law_with_e5_emb_not_finetune/points?wait=true "HTTP/1.1 200 OK"
2025-12-12 01:09:03,710 - INFO - PUT http://localhost:9200/_bulk [status:200 duration:0.007s]
2025-12-12 01:09:06,548 - INFO - HTTP Request: PUT http://localhost:6333/collections/law_with_bge_round1/points?wait=true "HTTP/1.1 200 OK"
2025-12-12 01:09:06,574 - INFO - HTTP Request: PUT http://localhost:6333/collections/law_with_e5_emb_not_finetune/points?wait=true "HTTP/1.1 200 OK"
2025-12-12 01:09:06,628 - INFO - PUT http://localhost:9200/_bulk [status:200 duration:0.051s]
2025-12-12 01:09:09,539 - INFO - HTTP Request: PUT http://localhost:6333/collections/law_with_bge_round1/points?wait=true "HTTP/1.1 200 OK"
2025-12-12 01:09:09,565 - INFO - HTTP Request: PUT http://localhost:6333/collections/law_with_e5_emb_not_finetune/points?wait=true "HTTP/1.1 200 OK"
2025-12-12 01:09:09,622 - INFO - PUT http://localhost:9200/_bulk [status:200 duration:0.054s]
2025-12-12 01:09:12,473 - INFO - HTTP Request: PUT http://localhost:6333/collections/law_with_bge_round1/points?wait=true "HTTP/1.1 200 OK"
2025-12-12 01:09:12,508 - INFO - HTTP Request: PUT http://localhost:6333/collections/law_with_e5_emb_not_finetune/points?wait=true "HTTP/1.1 200 OK"
2025-12-12 01:09:12,559 - INFO - PUT http://localhost:9200/_bulk [status:200 duration:0.048s]
2025-12-12 01:09:15,401 - INFO - HTTP Request: PUT http://localhost:6333/collections/law_with_bge_round1/points?wait=true "HTTP/1.1 200 OK"
2025-12-12 01:09:15,428 - INFO - HTTP Request: PUT http://localhost:6333/collections/law_with_e5_emb_not_finetune/points?wait=true "HTTP/1.1 200 OK"
2025-12-12 01:09:15,480 - INFO - PUT http://localhost:9200/_bulk [status:200 duration:0.050s]
2025-12-12 01:09:18,377 - INFO - HTTP Request: PUT http://localhost:6333/collections/law_with_bge_round1/points?wait=true "HTTP/1.1 200 OK"
2025-12-12 01:09:18,423 - INFO - HTTP Request: PUT http://localhost:6333/collections/law_with_e5_emb_not_finetune/points?wait=true "HTTP/1.1 200 OK"
2025-12-12 01:09:18,475 - INFO - PUT http://localhost:9200/_bulk [status:200 duration:0.048s]
2025-12-12 01:09:21,330 - INFO - HTTP Request: PUT http://localhost:6333/collections/law_with_bge_round1/points?wait=true "HTTP/1.1 200 OK"
2025-12-12 01:09:21,386 - INFO - HTTP Request: PUT http://localhost:6333/collections/law_with_e5_emb_not_finetune/points?wait=true "HTTP/1.1 200 OK"
2025-12-12 01:09:21,442 - INFO - PUT http://localhost:9200/_bulk [status:200 duration:0.052s]
2025-12-12 01:09:24,274 - INFO - HTTP Request: PUT http://localhost:6333/collections/law_with_bge_round1/points?wait=true "HTTP/1.1 200 OK"
2025-12-12 01:09:24,298 - INFO - HTTP Request: PUT http://localhost:6333/collections/law_with_e5_emb_not_finetune/points?wait=true "HTTP/1.1 200 OK"
2025-12-12 01:09:24,349 - INFO - PUT http://localhost:9200/_bulk [status:200 duration:0.047s]
2025-12-12 01:09:27,222 - INFO - HTTP Request: PUT http://localhost:6333/collections/law_with_bge_round1/points?wait=true "HTTP/1.1 200 OK"
2025-12-12 01:09:27,246 - INFO - HTTP Request: PUT http://localhost:6333/collections/law_with_e5_emb_not_finetune/points?wait=true "HTTP/1.1 200 OK"
2025-12-12 01:09:27,302 - INFO - PUT http://localhost:9200/_bulk [status:200 duration:0.053s]
2025-12-12 01:09:30,165 - INFO - HTTP Request: PUT http://localhost:6333/collections/law_with_bge_round1/points?wait=true "HTTP/1.1 200 OK"
2025-12-12 01:09:30,207 - INFO - HTTP Request: PUT http://localhost:6333/collections/law_with_e5_emb_not_finetune/points?wait=true "HTTP/1.1 200 OK"
2025-12-12 01:09:30,257 - INFO - PUT http://localhost:9200/_bulk [status:200 duration:0.047s]
2025-12-12 01:09:33,072 - INFO - HTTP Request: PUT http://localhost:6333/collections/law_with_bge_round1/points?wait=true "HTTP/1.1 200 OK"
2025-12-12 01:09:33,096 - INFO - HTTP Request: PUT http://localhost:6333/collections/law_with_e5_emb_not_finetune/points?wait=true "HTTP/1.1 200 OK"
2025-12-12 01:09:33,153 - INFO - PUT http://localhost:9200/_bulk [status:200 duration:0.054s]
2025-12-12 01:09:36,127 - INFO - HTTP Request: PUT http://localhost:6333/collections/law_with_bge_round1/points?wait=true "HTTP/1.1 200 OK"
2025-12-12 01:09:36,154 - INFO - HTTP Request: PUT http://localhost:6333/collections/law_with_e5_emb_not_finetune/points?wait=true "HTTP/1.1 200 OK"
2025-12-12 01:09:36,207 - INFO - PUT http://localhost:9200/_bulk [status:200 duration:0.051s]
2025-12-12 01:09:39,038 - INFO - HTTP Request: PUT http://localhost:6333/collections/law_with_bge_round1/points?wait=true "HTTP/1.1 200 OK"
2025-12-12 01:09:39,063 - INFO - HTTP Request: PUT http://localhost:6333/collections/law_with_e5_emb_not_finetune/points?wait=true "HTTP/1.1 200 OK"
2025-12-12 01:09:39,114 - INFO - PUT http://localhost:9200/_bulk [status:200 duration:0.048s]
2025-12-12 01:09:41,976 - INFO - HTTP Request: PUT http://localhost:6333/collections/law_with_bge_round1/points?wait=true "HTTP/1.1 200 OK"
2025-12-12 01:09:42,030 - INFO - HTTP Request: PUT http://localhost:6333/collections/law_with_e5_emb_not_finetune/points?wait=true "HTTP/1.1 200 OK"
2025-12-12 01:09:42,080 - INFO - PUT http://localhost:9200/_bulk [status:200 duration:0.046s]
2025-12-12 01:09:45,026 - INFO - HTTP Request: PUT http://localhost:6333/collections/law_with_bge_round1/points?wait=true "HTTP/1.1 200 OK"
2025-12-12 01:09:45,052 - INFO - HTTP Request: PUT http://localhost:6333/collections/law_with_e5_emb_not_finetune/points?wait=true "HTTP/1.1 200 OK"
2025-12-12 01:09:45,103 - INFO - PUT http://localhost:9200/_bulk [status:200 duration:0.049s]
2025-12-12 01:09:48,013 - INFO - HTTP Request: PUT http://localhost:6333/collections/law_with_bge_round1/points?wait=true "HTTP/1.1 200 OK"
2025-12-12 01:09:48,036 - INFO - HTTP Request: PUT http://localhost:6333/collections/law_with_e5_emb_not_finetune/points?wait=true "HTTP/1.1 200 OK"
2025-12-12 01:09:48,091 - INFO - PUT http://localhost:9200/_bulk [status:200 duration:0.052s]
2025-12-12 01:09:50,974 - INFO - HTTP Request: PUT http://localhost:6333/collections/law_with_bge_round1/points?wait=true "HTTP/1.1 200 OK"
2025-12-12 01:09:50,997 - INFO - HTTP Request: PUT http://localhost:6333/collections/law_with_e5_emb_not_finetune/points?wait=true "HTTP/1.1 200 OK"
2025-12-12 01:09:51,050 - INFO - PUT http://localhost:9200/_bulk [status:200 duration:0.049s]
2025-12-12 01:09:53,955 - INFO - HTTP Request: PUT http://localhost:6333/collections/law_with_bge_round1/points?wait=true "HTTP/1.1 200 OK"
2025-12-12 01:09:53,984 - INFO - HTTP Request: PUT http://localhost:6333/collections/law_with_e5_emb_not_finetune/points?wait=true "HTTP/1.1 200 OK"
2025-12-12 01:09:54,038 - INFO - PUT http://localhost:9200/_bulk [status:200 duration:0.051s]
2025-12-12 01:09:56,887 - INFO - HTTP Request: PUT http://localhost:6333/collections/law_with_bge_round1/points?wait=true "HTTP/1.1 200 OK"
2025-12-12 01:09:56,936 - INFO - HTTP Request: PUT http://localhost:6333/collections/law_with_e5_emb_not_finetune/points?wait=true "HTTP/1.1 200 OK"
2025-12-12 01:09:56,990 - INFO - PUT http://localhost:9200/_bulk [status:200 duration:0.050s]
2025-12-12 01:09:59,792 - INFO - HTTP Request: PUT http://localhost:6333/collections/law_with_bge_round1/points?wait=true "HTTP/1.1 200 OK"
2025-12-12 01:09:59,818 - INFO - HTTP Request: PUT http://localhost:6333/collections/law_with_e5_emb_not_finetune/points?wait=true "HTTP/1.1 200 OK"
2025-12-12 01:09:59,873 - INFO - PUT http://localhost:9200/_bulk [status:200 duration:0.050s]
2025-12-12 01:10:02,817 - INFO - HTTP Request: PUT http://localhost:6333/collections/law_with_bge_round1/points?wait=true "HTTP/1.1 200 OK"
2025-12-12 01:10:02,843 - INFO - HTTP Request: PUT http://localhost:6333/collections/law_with_e5_emb_not_finetune/points?wait=true "HTTP/1.1 200 OK"
2025-12-12 01:10:02,897 - INFO - PUT http://localhost:9200/_bulk [status:200 duration:0.052s]
2025-12-12 01:10:05,742 - INFO - HTTP Request: PUT http://localhost:6333/collections/law_with_bge_round1/points?wait=true "HTTP/1.1 200 OK"
2025-12-12 01:10:05,765 - INFO - HTTP Request: PUT http://localhost:6333/collections/law_with_e5_emb_not_finetune/points?wait=true "HTTP/1.1 200 OK"
2025-12-12 01:10:05,815 - INFO - PUT http://localhost:9200/_bulk [status:200 duration:0.047s]
2025-12-12 01:10:08,774 - INFO - HTTP Request: PUT http://localhost:6333/collections/law_with_bge_round1/points?wait=true "HTTP/1.1 200 OK"
2025-12-12 01:10:08,840 - INFO - HTTP Request: PUT http://localhost:6333/collections/law_with_e5_emb_not_finetune/points?wait=true "HTTP/1.1 200 OK"
2025-12-12 01:10:08,893 - INFO - PUT http://localhost:9200/_bulk [status:200 duration:0.050s]
2025-12-12 01:10:11,755 - INFO - HTTP Request: PUT http://localhost:6333/collections/law_with_bge_round1/points?wait=true "HTTP/1.1 200 OK"
2025-12-12 01:10:11,782 - INFO - HTTP Request: PUT http://localhost:6333/collections/law_with_e5_emb_not_finetune/points?wait=true "HTTP/1.1 200 OK"
2025-12-12 01:10:11,835 - INFO - PUT http://localhost:9200/_bulk [status:200 duration:0.050s]
2025-12-12 01:10:14,688 - INFO - HTTP Request: PUT http://localhost:6333/collections/law_with_bge_round1/points?wait=true "HTTP/1.1 200 OK"
2025-12-12 01:10:14,715 - INFO - HTTP Request: PUT http://localhost:6333/collections/law_with_e5_emb_not_finetune/points?wait=true "HTTP/1.1 200 OK"
2025-12-12 01:10:14,771 - INFO - PUT http://localhost:9200/_bulk [status:200 duration:0.052s]
2025-12-12 01:10:17,704 - INFO - HTTP Request: PUT http://localhost:6333/collections/law_with_bge_round1/points?wait=true "HTTP/1.1 200 OK"
2025-12-12 01:10:17,729 - INFO - HTTP Request: PUT http://localhost:6333/collections/law_with_e5_emb_not_finetune/points?wait=true "HTTP/1.1 200 OK"
2025-12-12 01:10:17,738 - INFO - PUT http://localhost:9200/_bulk [status:200 duration:0.007s]
2025-12-12 01:10:20,654 - INFO - HTTP Request: PUT http://localhost:6333/collections/law_with_bge_round1/points?wait=true "HTTP/1.1 200 OK"
2025-12-12 01:10:20,704 - INFO - HTTP Request: PUT http://localhost:6333/collections/law_with_e5_emb_not_finetune/points?wait=true "HTTP/1.1 200 OK"
2025-12-12 01:10:20,753 - INFO - PUT http://localhost:9200/_bulk [status:200 duration:0.047s]
2025-12-12 01:10:23,688 - INFO - HTTP Request: PUT http://localhost:6333/collections/law_with_bge_round1/points?wait=true "HTTP/1.1 200 OK"
2025-12-12 01:10:23,716 - INFO - HTTP Request: PUT http://localhost:6333/collections/law_with_e5_emb_not_finetune/points?wait=true "HTTP/1.1 200 OK"
2025-12-12 01:10:23,725 - INFO - PUT http://localhost:9200/_bulk [status:200 duration:0.006s]
2025-12-12 01:10:26,552 - INFO - HTTP Request: PUT http://localhost:6333/collections/law_with_bge_round1/points?wait=true "HTTP/1.1 200 OK"
2025-12-12 01:10:26,615 - INFO - HTTP Request: PUT http://localhost:6333/collections/law_with_e5_emb_not_finetune/points?wait=true "HTTP/1.1 200 OK"
2025-12-12 01:10:26,670 - INFO - PUT http://localhost:9200/_bulk [status:200 duration:0.051s]
2025-12-12 01:10:29,585 - INFO - HTTP Request: PUT http://localhost:6333/collections/law_with_bge_round1/points?wait=true "HTTP/1.1 200 OK"
2025-12-12 01:10:29,613 - INFO - HTTP Request: PUT http://localhost:6333/collections/law_with_e5_emb_not_finetune/points?wait=true "HTTP/1.1 200 OK"
2025-12-12 01:10:29,664 - INFO - PUT http://localhost:9200/_bulk [status:200 duration:0.048s]
2025-12-12 01:10:32,566 - INFO - HTTP Request: PUT http://localhost:6333/collections/law_with_bge_round1/points?wait=true "HTTP/1.1 200 OK"
2025-12-12 01:10:32,593 - INFO - HTTP Request: PUT http://localhost:6333/collections/law_with_e5_emb_not_finetune/points?wait=true "HTTP/1.1 200 OK"
2025-12-12 01:10:32,604 - INFO - PUT http://localhost:9200/_bulk [status:200 duration:0.007s]
2025-12-12 01:10:35,433 - INFO - HTTP Request: PUT http://localhost:6333/collections/law_with_bge_round1/points?wait=true "HTTP/1.1 200 OK"
2025-12-12 01:10:35,482 - INFO - HTTP Request: PUT http://localhost:6333/collections/law_with_e5_emb_not_finetune/points?wait=true "HTTP/1.1 200 OK"
2025-12-12 01:10:35,543 - INFO - PUT http://localhost:9200/_bulk [status:200 duration:0.059s]
2025-12-12 01:10:38,431 - INFO - HTTP Request: PUT http://localhost:6333/collections/law_with_bge_round1/points?wait=true "HTTP/1.1 200 OK"
2025-12-12 01:10:38,457 - INFO - HTTP Request: PUT http://localhost:6333/collections/law_with_e5_emb_not_finetune/points?wait=true "HTTP/1.1 200 OK"
2025-12-12 01:10:38,514 - INFO - PUT http://localhost:9200/_bulk [status:200 duration:0.055s]
2025-12-12 01:10:41,665 - INFO - HTTP Request: PUT http://localhost:6333/collections/law_with_bge_round1/points?wait=true "HTTP/1.1 200 OK"
2025-12-12 01:10:41,744 - INFO - HTTP Request: PUT http://localhost:6333/collections/law_with_e5_emb_not_finetune/points?wait=true "HTTP/1.1 200 OK"
2025-12-12 01:10:41,769 - INFO - PUT http://localhost:9200/_bulk [status:200 duration:0.020s]
2025-12-12 01:10:44,557 - INFO - HTTP Request: PUT http://localhost:6333/collections/law_with_bge_round1/points?wait=true "HTTP/1.1 200 OK"
2025-12-12 01:10:44,585 - INFO - HTTP Request: PUT http://localhost:6333/collections/law_with_e5_emb_not_finetune/points?wait=true "HTTP/1.1 200 OK"
2025-12-12 01:10:44,635 - INFO - PUT http://localhost:9200/_bulk [status:200 duration:0.048s]
2025-12-12 01:10:47,556 - INFO - HTTP Request: PUT http://localhost:6333/collections/law_with_bge_round1/points?wait=true "HTTP/1.1 200 OK"
2025-12-12 01:10:47,598 - INFO - HTTP Request: PUT http://localhost:6333/collections/law_with_e5_emb_not_finetune/points?wait=true "HTTP/1.1 200 OK"
2025-12-12 01:10:47,649 - INFO - PUT http://localhost:9200/_bulk [status:200 duration:0.048s]
2025-12-12 01:10:50,493 - INFO - HTTP Request: PUT http://localhost:6333/collections/law_with_bge_round1/points?wait=true "HTTP/1.1 200 OK"
2025-12-12 01:10:50,539 - INFO - HTTP Request: PUT http://localhost:6333/collections/law_with_e5_emb_not_finetune/points?wait=true "HTTP/1.1 200 OK"
2025-12-12 01:10:50,592 - INFO - PUT http://localhost:9200/_bulk [status:200 duration:0.050s]
2025-12-12 01:10:53,457 - INFO - HTTP Request: PUT http://localhost:6333/collections/law_with_bge_round1/points?wait=true "HTTP/1.1 200 OK"
2025-12-12 01:10:53,484 - INFO - HTTP Request: PUT http://localhost:6333/collections/law_with_e5_emb_not_finetune/points?wait=true "HTTP/1.1 200 OK"
2025-12-12 01:10:53,538 - INFO - PUT http://localhost:9200/_bulk [status:200 duration:0.049s]
2025-12-12 01:10:56,360 - INFO - HTTP Request: PUT http://localhost:6333/collections/law_with_bge_round1/points?wait=true "HTTP/1.1 200 OK"
2025-12-12 01:10:56,422 - INFO - HTTP Request: PUT http://localhost:6333/collections/law_with_e5_emb_not_finetune/points?wait=true "HTTP/1.1 200 OK"
2025-12-12 01:10:56,474 - INFO - PUT http://localhost:9200/_bulk [status:200 duration:0.050s]
2025-12-12 01:10:59,280 - INFO - HTTP Request: PUT http://localhost:6333/collections/law_with_bge_round1/points?wait=true "HTTP/1.1 200 OK"
2025-12-12 01:10:59,355 - INFO - HTTP Request: PUT http://localhost:6333/collections/law_with_e5_emb_not_finetune/points?wait=true "HTTP/1.1 200 OK"
2025-12-12 01:10:59,366 - INFO - PUT http://localhost:9200/_bulk [status:200 duration:0.007s]
2025-12-12 01:11:02,183 - INFO - HTTP Request: PUT http://localhost:6333/collections/law_with_bge_round1/points?wait=true "HTTP/1.1 200 OK"
2025-12-12 01:11:02,209 - INFO - HTTP Request: PUT http://localhost:6333/collections/law_with_e5_emb_not_finetune/points?wait=true "HTTP/1.1 200 OK"
2025-12-12 01:11:02,263 - INFO - PUT http://localhost:9200/_bulk [status:200 duration:0.051s]
2025-12-12 01:11:05,109 - INFO - HTTP Request: PUT http://localhost:6333/collections/law_with_bge_round1/points?wait=true "HTTP/1.1 200 OK"
2025-12-12 01:11:05,134 - INFO - HTTP Request: PUT http://localhost:6333/collections/law_with_e5_emb_not_finetune/points?wait=true "HTTP/1.1 200 OK"
2025-12-12 01:11:05,188 - INFO - PUT http://localhost:9200/_bulk [status:200 duration:0.051s]
2025-12-12 01:11:08,081 - INFO - HTTP Request: PUT http://localhost:6333/collections/law_with_bge_round1/points?wait=true "HTTP/1.1 200 OK"
2025-12-12 01:11:08,127 - INFO - HTTP Request: PUT http://localhost:6333/collections/law_with_e5_emb_not_finetune/points?wait=true "HTTP/1.1 200 OK"
2025-12-12 01:11:08,178 - INFO - PUT http://localhost:9200/_bulk [status:200 duration:0.048s]
2025-12-12 01:11:11,054 - INFO - HTTP Request: PUT http://localhost:6333/collections/law_with_bge_round1/points?wait=true "HTTP/1.1 200 OK"
2025-12-12 01:11:11,083 - INFO - HTTP Request: PUT http://localhost:6333/collections/law_with_e5_emb_not_finetune/points?wait=true "HTTP/1.1 200 OK"
2025-12-12 01:11:11,140 - INFO - PUT http://localhost:9200/_bulk [status:200 duration:0.054s]
2025-12-12 01:11:14,044 - INFO - HTTP Request: PUT http://localhost:6333/collections/law_with_bge_round1/points?wait=true "HTTP/1.1 200 OK"
2025-12-12 01:11:14,110 - INFO - HTTP Request: PUT http://localhost:6333/collections/law_with_e5_emb_not_finetune/points?wait=true "HTTP/1.1 200 OK"
2025-12-12 01:11:14,120 - INFO - PUT http://localhost:9200/_bulk [status:200 duration:0.006s]
2025-12-12 01:11:16,942 - INFO - HTTP Request: PUT http://localhost:6333/collections/law_with_bge_round1/points?wait=true "HTTP/1.1 200 OK"
2025-12-12 01:11:16,967 - INFO - HTTP Request: PUT http://localhost:6333/collections/law_with_e5_emb_not_finetune/points?wait=true "HTTP/1.1 200 OK"
2025-12-12 01:11:16,975 - INFO - PUT http://localhost:9200/_bulk [status:200 duration:0.005s]
2025-12-12 01:11:19,782 - INFO - HTTP Request: PUT http://localhost:6333/collections/law_with_bge_round1/points?wait=true "HTTP/1.1 200 OK"
2025-12-12 01:11:19,806 - INFO - HTTP Request: PUT http://localhost:6333/collections/law_with_e5_emb_not_finetune/points?wait=true "HTTP/1.1 200 OK"
2025-12-12 01:11:19,860 - INFO - PUT http://localhost:9200/_bulk [status:200 duration:0.051s]
2025-12-12 01:11:22,623 - INFO - HTTP Request: PUT http://localhost:6333/collections/law_with_bge_round1/points?wait=true "HTTP/1.1 200 OK"
2025-12-12 01:11:22,667 - INFO - HTTP Request: PUT http://localhost:6333/collections/law_with_e5_emb_not_finetune/points?wait=true "HTTP/1.1 200 OK"
2025-12-12 01:11:22,677 - INFO - PUT http://localhost:9200/_bulk [status:200 duration:0.006s]
2025-12-12 01:11:25,028 - INFO - HTTP Request: PUT http://localhost:6333/collections/law_with_bge_round1/points?wait=true "HTTP/1.1 200 OK"
2025-12-12 01:11:25,065 - INFO - HTTP Request: PUT http://localhost:6333/collections/law_with_e5_emb_not_finetune/points?wait=true "HTTP/1.1 200 OK"
2025-12-12 01:11:25,118 - INFO - PUT http://localhost:9200/_bulk [status:200 duration:0.050s]
2025-12-12 01:11:27,952 - INFO - HTTP Request: PUT http://localhost:6333/collections/law_with_bge_round1/points?wait=true "HTTP/1.1 200 OK"
2025-12-12 01:11:27,979 - INFO - HTTP Request: PUT http://localhost:6333/collections/law_with_e5_emb_not_finetune/points?wait=true "HTTP/1.1 200 OK"
2025-12-12 01:11:27,989 - INFO - PUT http://localhost:9200/_bulk [status:200 duration:0.007s]
2025-12-12 01:11:30,878 - INFO - HTTP Request: PUT http://localhost:6333/collections/law_with_bge_round1/points?wait=true "HTTP/1.1 200 OK"
2025-12-12 01:11:30,905 - INFO - HTTP Request: PUT http://localhost:6333/collections/law_with_e5_emb_not_finetune/points?wait=true "HTTP/1.1 200 OK"
2025-12-12 01:11:30,958 - INFO - PUT http://localhost:9200/_bulk [status:200 duration:0.050s]
2025-12-12 01:11:33,739 - INFO - HTTP Request: PUT http://localhost:6333/collections/law_with_bge_round1/points?wait=true "HTTP/1.1 200 OK"
2025-12-12 01:11:33,764 - INFO - HTTP Request: PUT http://localhost:6333/collections/law_with_e5_emb_not_finetune/points?wait=true "HTTP/1.1 200 OK"
2025-12-12 01:11:33,820 - INFO - PUT http://localhost:9200/_bulk [status:200 duration:0.053s]
2025-12-12 01:11:36,654 - INFO - HTTP Request: PUT http://localhost:6333/collections/law_with_bge_round1/points?wait=true "HTTP/1.1 200 OK"
2025-12-12 01:11:36,679 - INFO - HTTP Request: PUT http://localhost:6333/collections/law_with_e5_emb_not_finetune/points?wait=true "HTTP/1.1 200 OK"
2025-12-12 01:11:36,731 - INFO - PUT http://localhost:9200/_bulk [status:200 duration:0.050s]
2025-12-12 01:11:39,552 - INFO - HTTP Request: PUT http://localhost:6333/collections/law_with_bge_round1/points?wait=true "HTTP/1.1 200 OK"
2025-12-12 01:11:39,580 - INFO - HTTP Request: PUT http://localhost:6333/collections/law_with_e5_emb_not_finetune/points?wait=true "HTTP/1.1 200 OK"
2025-12-12 01:11:39,632 - INFO - PUT http://localhost:9200/_bulk [status:200 duration:0.049s]
2025-12-12 01:11:42,458 - INFO - HTTP Request: PUT http://localhost:6333/collections/law_with_bge_round1/points?wait=true "HTTP/1.1 200 OK"
2025-12-12 01:11:42,482 - INFO - HTTP Request: PUT http://localhost:6333/collections/law_with_e5_emb_not_finetune/points?wait=true "HTTP/1.1 200 OK"
2025-12-12 01:11:42,533 - INFO - PUT http://localhost:9200/_bulk [status:200 duration:0.049s]
2025-12-12 01:11:45,398 - INFO - HTTP Request: PUT http://localhost:6333/collections/law_with_bge_round1/points?wait=true "HTTP/1.1 200 OK"
2025-12-12 01:11:45,426 - INFO - HTTP Request: PUT http://localhost:6333/collections/law_with_e5_emb_not_finetune/points?wait=true "HTTP/1.1 200 OK"
2025-12-12 01:11:45,477 - INFO - PUT http://localhost:9200/_bulk [status:200 duration:0.048s]
2025-12-12 01:11:48,394 - INFO - HTTP Request: PUT http://localhost:6333/collections/law_with_bge_round1/points?wait=true "HTTP/1.1 200 OK"
2025-12-12 01:11:48,419 - INFO - HTTP Request: PUT http://localhost:6333/collections/law_with_e5_emb_not_finetune/points?wait=true "HTTP/1.1 200 OK"
2025-12-12 01:11:48,474 - INFO - PUT http://localhost:9200/_bulk [status:200 duration:0.052s]
2025-12-12 01:11:51,243 - INFO - HTTP Request: PUT http://localhost:6333/collections/law_with_bge_round1/points?wait=true "HTTP/1.1 200 OK"
2025-12-12 01:11:51,268 - INFO - HTTP Request: PUT http://localhost:6333/collections/law_with_e5_emb_not_finetune/points?wait=true "HTTP/1.1 200 OK"
2025-12-12 01:11:51,321 - INFO - PUT http://localhost:9200/_bulk [status:200 duration:0.050s]
2025-12-12 01:11:54,045 - INFO - HTTP Request: PUT http://localhost:6333/collections/law_with_bge_round1/points?wait=true "HTTP/1.1 200 OK"
2025-12-12 01:11:54,095 - INFO - HTTP Request: PUT http://localhost:6333/collections/law_with_e5_emb_not_finetune/points?wait=true "HTTP/1.1 200 OK"
2025-12-12 01:11:54,150 - INFO - PUT http://localhost:9200/_bulk [status:200 duration:0.051s]
2025-12-12 01:11:55,446 - INFO - HTTP Request: PUT http://localhost:6333/collections/law_with_bge_round1/points?wait=true "HTTP/1.1 200 OK"
2025-12-12 01:11:55,460 - INFO - HTTP Request: PUT http://localhost:6333/collections/law_with_e5_emb_not_finetune/points?wait=true "HTTP/1.1 200 OK"
2025-12-12 01:11:55,510 - INFO - PUT http://localhost:9200/_bulk [status:200 duration:0.049s]
2025-12-12 01:11:55,512 - INFO - Import completed successfully!
2025-12-12 01:11:55,512 - INFO - Verifying import...
2025-12-12 01:11:55,522 - INFO - HTTP Request: GET http://localhost:6333/collections/law_with_bge_round1 "HTTP/1.1 200 OK"
2025-12-12 01:11:55,528 - INFO - HTTP Request: GET http://localhost:6333/collections/law_with_e5_emb_not_finetune "HTTP/1.1 200 OK"
2025-12-12 01:11:55,568 - INFO - POST http://localhost:9200/legal_data_part2/_count [status:200 duration:0.039s]
2025-12-12 01:11:55,568 - INFO - BGE collection: 26,159 points (expected: 26,159)
2025-12-12 01:11:55,568 - INFO - E5 collection: 26,159 points (expected: 26,159)
2025-12-12 01:11:55,568 - INFO - Elasticsearch: 26,159 documents (expected: 26,159)
2025-12-12 01:11:55,569 - INFO - All counts match expected!
2025-12-22 00:02:35,001 - INFO - Using device: cuda
2025-12-22 00:02:35,001 - INFO - Connecting to Qdrant at http://localhost:6333
2025-12-22 00:02:35,622 - INFO - HTTP Request: GET http://localhost:6333 "HTTP/1.1 200 OK"
2025-12-22 00:02:35,646 - INFO - Connecting to Elasticsearch at http://localhost:9200
2025-12-22 00:02:35,658 - INFO - GET http://localhost:9200/ [status:200 duration:0.010s]
2025-12-22 00:02:35,659 - INFO - Connected to Elasticsearch cluster: docker-cluster
2025-12-22 00:02:35,659 - INFO - Connected to both databases successfully
2025-12-22 00:02:35,659 - INFO - Loading BGE-m3 model...
2025-12-22 00:02:48,898 - INFO - loading existing colbert_linear and sparse_linear---------
2025-12-22 00:02:49,162 - INFO - Loading E5-large model...
2025-12-22 00:02:49,177 - INFO - Load pretrained SentenceTransformer: intfloat/multilingual-e5-large
2025-12-22 00:03:03,062 - INFO - Models loaded successfully
2025-12-22 00:03:03,065 - INFO - Creating Qdrant collection: law_with_bge_round1
2025-12-22 00:03:03,106 - INFO - HTTP Request: GET http://localhost:6333/collections/law_with_bge_round1/exists "HTTP/1.1 200 OK"
2025-12-22 00:03:03,233 - INFO - HTTP Request: PUT http://localhost:6333/collections/law_with_bge_round1 "HTTP/1.1 200 OK"
2025-12-22 00:03:03,235 - INFO - Creating Qdrant collection: law_with_e5_emb_not_finetune
2025-12-22 00:03:03,241 - INFO - HTTP Request: GET http://localhost:6333/collections/law_with_e5_emb_not_finetune/exists "HTTP/1.1 200 OK"
2025-12-22 00:03:03,300 - INFO - HTTP Request: PUT http://localhost:6333/collections/law_with_e5_emb_not_finetune "HTTP/1.1 200 OK"
2025-12-22 00:03:03,301 - INFO - Creating Elasticsearch index: legal_data_part2
2025-12-22 00:03:03,335 - INFO - HEAD http://localhost:9200/legal_data_part2 [status:404 duration:0.032s]
2025-12-22 00:03:03,676 - INFO - PUT http://localhost:9200/legal_data_part2 [status:200 duration:0.342s]
2025-12-22 00:03:03,677 - INFO - Loading corpus from data/corpus.csv
2025-12-22 00:03:10,270 - INFO - Importing 10% of data: 26,159 documents
2025-12-22 00:03:19,363 - INFO - HTTP Request: PUT http://localhost:6333/collections/law_with_bge_round1/points?wait=true "HTTP/1.1 200 OK"
2025-12-22 00:03:19,424 - INFO - HTTP Request: PUT http://localhost:6333/collections/law_with_e5_emb_not_finetune/points?wait=true "HTTP/1.1 200 OK"
2025-12-22 00:03:19,562 - INFO - PUT http://localhost:9200/_bulk [status:200 duration:0.127s]
2025-12-22 00:03:22,477 - INFO - HTTP Request: PUT http://localhost:6333/collections/law_with_bge_round1/points?wait=true "HTTP/1.1 200 OK"
2025-12-22 00:03:22,528 - INFO - HTTP Request: PUT http://localhost:6333/collections/law_with_e5_emb_not_finetune/points?wait=true "HTTP/1.1 200 OK"
2025-12-22 00:03:22,563 - INFO - PUT http://localhost:9200/_bulk [status:200 duration:0.032s]
2025-12-22 00:03:25,520 - INFO - HTTP Request: PUT http://localhost:6333/collections/law_with_bge_round1/points?wait=true "HTTP/1.1 200 OK"
2025-12-22 00:03:25,561 - INFO - HTTP Request: PUT http://localhost:6333/collections/law_with_e5_emb_not_finetune/points?wait=true "HTTP/1.1 200 OK"
2025-12-22 00:03:25,602 - INFO - PUT http://localhost:9200/_bulk [status:200 duration:0.036s]
2025-12-22 00:03:28,567 - INFO - HTTP Request: PUT http://localhost:6333/collections/law_with_bge_round1/points?wait=true "HTTP/1.1 200 OK"
2025-12-22 00:03:28,648 - INFO - HTTP Request: PUT http://localhost:6333/collections/law_with_e5_emb_not_finetune/points?wait=true "HTTP/1.1 200 OK"
2025-12-22 00:03:28,730 - INFO - PUT http://localhost:9200/_bulk [status:200 duration:0.080s]
2025-12-22 00:03:31,670 - INFO - HTTP Request: PUT http://localhost:6333/collections/law_with_bge_round1/points?wait=true "HTTP/1.1 200 OK"
2025-12-22 00:03:31,717 - INFO - HTTP Request: PUT http://localhost:6333/collections/law_with_e5_emb_not_finetune/points?wait=true "HTTP/1.1 200 OK"
2025-12-22 00:03:31,789 - INFO - PUT http://localhost:9200/_bulk [status:200 duration:0.067s]
2025-12-22 00:03:34,735 - INFO - HTTP Request: PUT http://localhost:6333/collections/law_with_bge_round1/points?wait=true "HTTP/1.1 200 OK"
2025-12-22 00:03:34,767 - INFO - HTTP Request: PUT http://localhost:6333/collections/law_with_e5_emb_not_finetune/points?wait=true "HTTP/1.1 200 OK"
2025-12-22 00:03:34,830 - INFO - PUT http://localhost:9200/_bulk [status:200 duration:0.061s]
2025-12-22 00:03:37,693 - INFO - HTTP Request: PUT http://localhost:6333/collections/law_with_bge_round1/points?wait=true "HTTP/1.1 200 OK"
2025-12-22 00:03:37,722 - INFO - HTTP Request: PUT http://localhost:6333/collections/law_with_e5_emb_not_finetune/points?wait=true "HTTP/1.1 200 OK"
2025-12-22 00:03:37,824 - INFO - PUT http://localhost:9200/_bulk [status:200 duration:0.060s]
2025-12-22 00:03:40,408 - INFO - HTTP Request: PUT http://localhost:6333/collections/law_with_bge_round1/points?wait=true "HTTP/1.1 200 OK"
2025-12-22 00:03:40,454 - INFO - HTTP Request: PUT http://localhost:6333/collections/law_with_e5_emb_not_finetune/points?wait=true "HTTP/1.1 200 OK"
2025-12-22 00:03:40,517 - INFO - PUT http://localhost:9200/_bulk [status:200 duration:0.059s]
2025-12-22 00:03:43,431 - INFO - HTTP Request: PUT http://localhost:6333/collections/law_with_bge_round1/points?wait=true "HTTP/1.1 200 OK"
2025-12-22 00:03:43,476 - INFO - HTTP Request: PUT http://localhost:6333/collections/law_with_e5_emb_not_finetune/points?wait=true "HTTP/1.1 200 OK"
2025-12-22 00:03:43,498 - INFO - PUT http://localhost:9200/_bulk [status:200 duration:0.019s]
2025-12-22 00:03:46,369 - INFO - HTTP Request: PUT http://localhost:6333/collections/law_with_bge_round1/points?wait=true "HTTP/1.1 200 OK"
2025-12-22 00:03:46,428 - INFO - HTTP Request: PUT http://localhost:6333/collections/law_with_e5_emb_not_finetune/points?wait=true "HTTP/1.1 200 OK"
2025-12-22 00:03:46,490 - INFO - PUT http://localhost:9200/_bulk [status:200 duration:0.058s]
2025-12-22 00:03:49,432 - INFO - HTTP Request: PUT http://localhost:6333/collections/law_with_bge_round1/points?wait=true "HTTP/1.1 200 OK"
2025-12-22 00:03:49,464 - INFO - HTTP Request: PUT http://localhost:6333/collections/law_with_e5_emb_not_finetune/points?wait=true "HTTP/1.1 200 OK"
2025-12-22 00:03:49,494 - INFO - PUT http://localhost:9200/_bulk [status:200 duration:0.026s]
2025-12-22 00:03:52,402 - INFO - HTTP Request: PUT http://localhost:6333/collections/law_with_bge_round1/points?wait=true "HTTP/1.1 200 OK"
2025-12-22 00:03:52,457 - INFO - HTTP Request: PUT http://localhost:6333/collections/law_with_e5_emb_not_finetune/points?wait=true "HTTP/1.1 200 OK"
2025-12-22 00:03:52,552 - INFO - PUT http://localhost:9200/_bulk [status:200 duration:0.091s]
2025-12-22 00:03:55,491 - INFO - HTTP Request: PUT http://localhost:6333/collections/law_with_bge_round1/points?wait=true "HTTP/1.1 200 OK"
2025-12-22 00:03:55,576 - INFO - HTTP Request: PUT http://localhost:6333/collections/law_with_e5_emb_not_finetune/points?wait=true "HTTP/1.1 200 OK"
2025-12-22 00:03:55,620 - INFO - PUT http://localhost:9200/_bulk [status:200 duration:0.038s]
2025-12-22 00:03:58,597 - INFO - HTTP Request: PUT http://localhost:6333/collections/law_with_bge_round1/points?wait=true "HTTP/1.1 200 OK"
2025-12-22 00:03:58,632 - INFO - HTTP Request: PUT http://localhost:6333/collections/law_with_e5_emb_not_finetune/points?wait=true "HTTP/1.1 200 OK"
2025-12-22 00:03:58,694 - INFO - PUT http://localhost:9200/_bulk [status:200 duration:0.058s]
2025-12-22 00:04:01,525 - INFO - HTTP Request: PUT http://localhost:6333/collections/law_with_bge_round1/points?wait=true "HTTP/1.1 200 OK"
2025-12-22 00:04:01,568 - INFO - HTTP Request: PUT http://localhost:6333/collections/law_with_e5_emb_not_finetune/points?wait=true "HTTP/1.1 200 OK"
2025-12-22 00:04:01,630 - INFO - PUT http://localhost:9200/_bulk [status:200 duration:0.059s]
2025-12-22 00:04:04,552 - INFO - HTTP Request: PUT http://localhost:6333/collections/law_with_bge_round1/points?wait=true "HTTP/1.1 200 OK"
2025-12-22 00:04:04,597 - INFO - HTTP Request: PUT http://localhost:6333/collections/law_with_e5_emb_not_finetune/points?wait=true "HTTP/1.1 200 OK"
2025-12-22 00:04:04,627 - INFO - PUT http://localhost:9200/_bulk [status:200 duration:0.026s]
2025-12-22 00:04:07,469 - INFO - HTTP Request: PUT http://localhost:6333/collections/law_with_bge_round1/points?wait=true "HTTP/1.1 200 OK"
2025-12-22 00:04:07,500 - INFO - HTTP Request: PUT http://localhost:6333/collections/law_with_e5_emb_not_finetune/points?wait=true "HTTP/1.1 200 OK"
2025-12-22 00:04:07,561 - INFO - PUT http://localhost:9200/_bulk [status:200 duration:0.057s]
2025-12-22 00:04:10,469 - INFO - HTTP Request: PUT http://localhost:6333/collections/law_with_bge_round1/points?wait=true "HTTP/1.1 200 OK"
2025-12-22 00:04:10,507 - INFO - HTTP Request: PUT http://localhost:6333/collections/law_with_e5_emb_not_finetune/points?wait=true "HTTP/1.1 200 OK"
2025-12-22 00:04:10,568 - INFO - PUT http://localhost:9200/_bulk [status:200 duration:0.057s]
2025-12-22 00:04:13,504 - INFO - HTTP Request: PUT http://localhost:6333/collections/law_with_bge_round1/points?wait=true "HTTP/1.1 200 OK"
2025-12-22 00:04:13,612 - INFO - HTTP Request: PUT http://localhost:6333/collections/law_with_e5_emb_not_finetune/points?wait=true "HTTP/1.1 200 OK"
2025-12-22 00:04:13,672 - INFO - PUT http://localhost:9200/_bulk [status:200 duration:0.056s]
2025-12-22 00:04:16,560 - INFO - HTTP Request: PUT http://localhost:6333/collections/law_with_bge_round1/points?wait=true "HTTP/1.1 200 OK"
2025-12-22 00:04:16,611 - INFO - HTTP Request: PUT http://localhost:6333/collections/law_with_e5_emb_not_finetune/points?wait=true "HTTP/1.1 200 OK"
2025-12-22 00:04:16,671 - INFO - PUT http://localhost:9200/_bulk [status:200 duration:0.056s]
2025-12-22 00:04:19,528 - INFO - HTTP Request: PUT http://localhost:6333/collections/law_with_bge_round1/points?wait=true "HTTP/1.1 200 OK"
2025-12-22 00:04:19,583 - INFO - HTTP Request: PUT http://localhost:6333/collections/law_with_e5_emb_not_finetune/points?wait=true "HTTP/1.1 200 OK"
2025-12-22 00:04:19,658 - INFO - PUT http://localhost:9200/_bulk [status:200 duration:0.070s]
2025-12-22 00:04:22,501 - INFO - HTTP Request: PUT http://localhost:6333/collections/law_with_bge_round1/points?wait=true "HTTP/1.1 200 OK"
2025-12-22 00:04:22,561 - INFO - HTTP Request: PUT http://localhost:6333/collections/law_with_e5_emb_not_finetune/points?wait=true "HTTP/1.1 200 OK"
2025-12-22 00:04:22,618 - INFO - PUT http://localhost:9200/_bulk [status:200 duration:0.054s]
2025-12-22 00:04:25,548 - INFO - HTTP Request: PUT http://localhost:6333/collections/law_with_bge_round1/points?wait=true "HTTP/1.1 200 OK"
2025-12-22 00:04:25,580 - INFO - HTTP Request: PUT http://localhost:6333/collections/law_with_e5_emb_not_finetune/points?wait=true "HTTP/1.1 200 OK"
2025-12-22 00:04:25,639 - INFO - PUT http://localhost:9200/_bulk [status:200 duration:0.056s]
2025-12-22 00:04:28,528 - INFO - HTTP Request: PUT http://localhost:6333/collections/law_with_bge_round1/points?wait=true "HTTP/1.1 200 OK"
2025-12-22 00:04:28,571 - INFO - HTTP Request: PUT http://localhost:6333/collections/law_with_e5_emb_not_finetune/points?wait=true "HTTP/1.1 200 OK"
2025-12-22 00:04:28,634 - INFO - PUT http://localhost:9200/_bulk [status:200 duration:0.060s]
2025-12-22 00:04:31,567 - INFO - HTTP Request: PUT http://localhost:6333/collections/law_with_bge_round1/points?wait=true "HTTP/1.1 200 OK"
2025-12-22 00:04:31,600 - INFO - HTTP Request: PUT http://localhost:6333/collections/law_with_e5_emb_not_finetune/points?wait=true "HTTP/1.1 200 OK"
2025-12-22 00:04:31,620 - INFO - PUT http://localhost:9200/_bulk [status:200 duration:0.016s]
2025-12-22 00:04:34,553 - INFO - HTTP Request: PUT http://localhost:6333/collections/law_with_bge_round1/points?wait=true "HTTP/1.1 200 OK"
2025-12-22 00:04:34,590 - INFO - HTTP Request: PUT http://localhost:6333/collections/law_with_e5_emb_not_finetune/points?wait=true "HTTP/1.1 200 OK"
2025-12-22 00:04:34,653 - INFO - PUT http://localhost:9200/_bulk [status:200 duration:0.059s]
2025-12-22 00:04:37,542 - INFO - HTTP Request: PUT http://localhost:6333/collections/law_with_bge_round1/points?wait=true "HTTP/1.1 200 OK"
2025-12-22 00:04:37,586 - INFO - HTTP Request: PUT http://localhost:6333/collections/law_with_e5_emb_not_finetune/points?wait=true "HTTP/1.1 200 OK"
2025-12-22 00:04:37,644 - INFO - PUT http://localhost:9200/_bulk [status:200 duration:0.055s]
2025-12-22 00:04:40,517 - INFO - HTTP Request: PUT http://localhost:6333/collections/law_with_bge_round1/points?wait=true "HTTP/1.1 200 OK"
2025-12-22 00:04:40,545 - INFO - HTTP Request: PUT http://localhost:6333/collections/law_with_e5_emb_not_finetune/points?wait=true "HTTP/1.1 200 OK"
2025-12-22 00:04:40,563 - INFO - PUT http://localhost:9200/_bulk [status:200 duration:0.015s]
2025-12-22 00:04:43,476 - INFO - HTTP Request: PUT http://localhost:6333/collections/law_with_bge_round1/points?wait=true "HTTP/1.1 200 OK"
2025-12-22 00:04:43,507 - INFO - HTTP Request: PUT http://localhost:6333/collections/law_with_e5_emb_not_finetune/points?wait=true "HTTP/1.1 200 OK"
2025-12-22 00:04:43,565 - INFO - PUT http://localhost:9200/_bulk [status:200 duration:0.054s]
2025-12-22 00:04:46,385 - INFO - HTTP Request: PUT http://localhost:6333/collections/law_with_bge_round1/points?wait=true "HTTP/1.1 200 OK"
2025-12-22 00:04:46,415 - INFO - HTTP Request: PUT http://localhost:6333/collections/law_with_e5_emb_not_finetune/points?wait=true "HTTP/1.1 200 OK"
2025-12-22 00:04:46,473 - INFO - PUT http://localhost:9200/_bulk [status:200 duration:0.055s]
2025-12-22 00:04:49,311 - INFO - HTTP Request: PUT http://localhost:6333/collections/law_with_bge_round1/points?wait=true "HTTP/1.1 200 OK"
2025-12-22 00:04:49,359 - INFO - HTTP Request: PUT http://localhost:6333/collections/law_with_e5_emb_not_finetune/points?wait=true "HTTP/1.1 200 OK"
2025-12-22 00:04:49,376 - INFO - PUT http://localhost:9200/_bulk [status:200 duration:0.014s]
2025-12-22 00:04:52,288 - INFO - HTTP Request: PUT http://localhost:6333/collections/law_with_bge_round1/points?wait=true "HTTP/1.1 200 OK"
2025-12-22 00:04:52,328 - INFO - HTTP Request: PUT http://localhost:6333/collections/law_with_e5_emb_not_finetune/points?wait=true "HTTP/1.1 200 OK"
2025-12-22 00:04:53,953 - INFO - PUT http://localhost:9200/_bulk [status:200 duration:0.059s]
2025-12-22 00:04:56,913 - INFO - HTTP Request: PUT http://localhost:6333/collections/law_with_bge_round1/points?wait=true "HTTP/1.1 200 OK"
2025-12-22 00:04:56,957 - INFO - HTTP Request: PUT http://localhost:6333/collections/law_with_e5_emb_not_finetune/points?wait=true "HTTP/1.1 200 OK"
2025-12-22 00:04:57,023 - INFO - PUT http://localhost:9200/_bulk [status:200 duration:0.063s]
2025-12-22 00:04:59,952 - INFO - HTTP Request: PUT http://localhost:6333/collections/law_with_bge_round1/points?wait=true "HTTP/1.1 200 OK"
2025-12-22 00:04:59,991 - INFO - HTTP Request: PUT http://localhost:6333/collections/law_with_e5_emb_not_finetune/points?wait=true "HTTP/1.1 200 OK"
2025-12-22 00:05:00,032 - INFO - PUT http://localhost:9200/_bulk [status:200 duration:0.035s]
2025-12-22 00:05:02,917 - INFO - HTTP Request: PUT http://localhost:6333/collections/law_with_bge_round1/points?wait=true "HTTP/1.1 200 OK"
2025-12-22 00:05:02,973 - INFO - HTTP Request: PUT http://localhost:6333/collections/law_with_e5_emb_not_finetune/points?wait=true "HTTP/1.1 200 OK"
2025-12-22 00:05:03,040 - INFO - PUT http://localhost:9200/_bulk [status:200 duration:0.064s]
2025-12-22 00:05:05,953 - INFO - HTTP Request: PUT http://localhost:6333/collections/law_with_bge_round1/points?wait=true "HTTP/1.1 200 OK"
2025-12-22 00:05:05,989 - INFO - HTTP Request: PUT http://localhost:6333/collections/law_with_e5_emb_not_finetune/points?wait=true "HTTP/1.1 200 OK"
2025-12-22 00:05:06,065 - INFO - PUT http://localhost:9200/_bulk [status:200 duration:0.070s]
2025-12-22 00:05:08,977 - INFO - HTTP Request: PUT http://localhost:6333/collections/law_with_bge_round1/points?wait=true "HTTP/1.1 200 OK"
2025-12-22 00:05:09,006 - INFO - HTTP Request: PUT http://localhost:6333/collections/law_with_e5_emb_not_finetune/points?wait=true "HTTP/1.1 200 OK"
2025-12-22 00:05:09,066 - INFO - PUT http://localhost:9200/_bulk [status:200 duration:0.058s]
2025-12-22 00:05:11,902 - INFO - HTTP Request: PUT http://localhost:6333/collections/law_with_bge_round1/points?wait=true "HTTP/1.1 200 OK"
2025-12-22 00:05:11,931 - INFO - HTTP Request: PUT http://localhost:6333/collections/law_with_e5_emb_not_finetune/points?wait=true "HTTP/1.1 200 OK"
2025-12-22 00:05:11,991 - INFO - PUT http://localhost:9200/_bulk [status:200 duration:0.057s]
2025-12-22 00:05:14,902 - INFO - HTTP Request: PUT http://localhost:6333/collections/law_with_bge_round1/points?wait=true "HTTP/1.1 200 OK"
2025-12-22 00:05:14,931 - INFO - HTTP Request: PUT http://localhost:6333/collections/law_with_e5_emb_not_finetune/points?wait=true "HTTP/1.1 200 OK"
2025-12-22 00:05:14,989 - INFO - PUT http://localhost:9200/_bulk [status:200 duration:0.055s]
2025-12-22 00:05:17,839 - INFO - HTTP Request: PUT http://localhost:6333/collections/law_with_bge_round1/points?wait=true "HTTP/1.1 200 OK"
2025-12-22 00:05:17,912 - INFO - HTTP Request: PUT http://localhost:6333/collections/law_with_e5_emb_not_finetune/points?wait=true "HTTP/1.1 200 OK"
2025-12-22 00:05:17,969 - INFO - PUT http://localhost:9200/_bulk [status:200 duration:0.054s]
2025-12-22 00:05:20,844 - INFO - HTTP Request: PUT http://localhost:6333/collections/law_with_bge_round1/points?wait=true "HTTP/1.1 200 OK"
2025-12-22 00:05:20,874 - INFO - HTTP Request: PUT http://localhost:6333/collections/law_with_e5_emb_not_finetune/points?wait=true "HTTP/1.1 200 OK"
2025-12-22 00:05:20,933 - INFO - PUT http://localhost:9200/_bulk [status:200 duration:0.056s]
2025-12-22 00:05:23,831 - INFO - HTTP Request: PUT http://localhost:6333/collections/law_with_bge_round1/points?wait=true "HTTP/1.1 200 OK"
2025-12-22 00:05:23,861 - INFO - HTTP Request: PUT http://localhost:6333/collections/law_with_e5_emb_not_finetune/points?wait=true "HTTP/1.1 200 OK"
2025-12-22 00:05:23,920 - INFO - PUT http://localhost:9200/_bulk [status:200 duration:0.054s]
2025-12-22 00:05:26,786 - INFO - HTTP Request: PUT http://localhost:6333/collections/law_with_bge_round1/points?wait=true "HTTP/1.1 200 OK"
2025-12-22 00:05:26,817 - INFO - HTTP Request: PUT http://localhost:6333/collections/law_with_e5_emb_not_finetune/points?wait=true "HTTP/1.1 200 OK"
2025-12-22 00:05:26,874 - INFO - PUT http://localhost:9200/_bulk [status:200 duration:0.054s]
2025-12-22 00:05:29,736 - INFO - HTTP Request: PUT http://localhost:6333/collections/law_with_bge_round1/points?wait=true "HTTP/1.1 200 OK"
2025-12-22 00:05:29,792 - INFO - HTTP Request: PUT http://localhost:6333/collections/law_with_e5_emb_not_finetune/points?wait=true "HTTP/1.1 200 OK"
2025-12-22 00:05:29,848 - INFO - PUT http://localhost:9200/_bulk [status:200 duration:0.054s]
2025-12-22 00:05:32,807 - INFO - HTTP Request: PUT http://localhost:6333/collections/law_with_bge_round1/points?wait=true "HTTP/1.1 200 OK"
2025-12-22 00:05:32,841 - INFO - HTTP Request: PUT http://localhost:6333/collections/law_with_e5_emb_not_finetune/points?wait=true "HTTP/1.1 200 OK"
2025-12-22 00:05:32,901 - INFO - PUT http://localhost:9200/_bulk [status:200 duration:0.054s]
2025-12-22 00:05:35,762 - INFO - HTTP Request: PUT http://localhost:6333/collections/law_with_bge_round1/points?wait=true "HTTP/1.1 200 OK"
2025-12-22 00:05:35,792 - INFO - HTTP Request: PUT http://localhost:6333/collections/law_with_e5_emb_not_finetune/points?wait=true "HTTP/1.1 200 OK"
2025-12-22 00:05:35,807 - INFO - PUT http://localhost:9200/_bulk [status:200 duration:0.012s]
2025-12-22 00:05:38,702 - INFO - HTTP Request: PUT http://localhost:6333/collections/law_with_bge_round1/points?wait=true "HTTP/1.1 200 OK"
2025-12-22 00:05:38,766 - INFO - HTTP Request: PUT http://localhost:6333/collections/law_with_e5_emb_not_finetune/points?wait=true "HTTP/1.1 200 OK"
2025-12-22 00:05:38,784 - INFO - PUT http://localhost:9200/_bulk [status:200 duration:0.014s]
2025-12-22 00:05:41,732 - INFO - HTTP Request: PUT http://localhost:6333/collections/law_with_bge_round1/points?wait=true "HTTP/1.1 200 OK"
2025-12-22 00:05:41,762 - INFO - HTTP Request: PUT http://localhost:6333/collections/law_with_e5_emb_not_finetune/points?wait=true "HTTP/1.1 200 OK"
2025-12-22 00:05:41,822 - INFO - PUT http://localhost:9200/_bulk [status:200 duration:0.056s]
2025-12-22 00:05:44,710 - INFO - HTTP Request: PUT http://localhost:6333/collections/law_with_bge_round1/points?wait=true "HTTP/1.1 200 OK"
2025-12-22 00:05:44,743 - INFO - HTTP Request: PUT http://localhost:6333/collections/law_with_e5_emb_not_finetune/points?wait=true "HTTP/1.1 200 OK"
2025-12-22 00:05:44,807 - INFO - PUT http://localhost:9200/_bulk [status:200 duration:0.059s]
2025-12-22 00:05:47,787 - INFO - HTTP Request: PUT http://localhost:6333/collections/law_with_bge_round1/points?wait=true "HTTP/1.1 200 OK"
2025-12-22 00:05:47,818 - INFO - HTTP Request: PUT http://localhost:6333/collections/law_with_e5_emb_not_finetune/points?wait=true "HTTP/1.1 200 OK"
2025-12-22 00:05:47,875 - INFO - PUT http://localhost:9200/_bulk [status:200 duration:0.053s]
2025-12-22 00:05:50,825 - INFO - HTTP Request: PUT http://localhost:6333/collections/law_with_bge_round1/points?wait=true "HTTP/1.1 200 OK"
2025-12-22 00:05:50,855 - INFO - HTTP Request: PUT http://localhost:6333/collections/law_with_e5_emb_not_finetune/points?wait=true "HTTP/1.1 200 OK"
2025-12-22 00:05:50,912 - INFO - PUT http://localhost:9200/_bulk [status:200 duration:0.055s]
2025-12-22 00:05:53,898 - INFO - HTTP Request: PUT http://localhost:6333/collections/law_with_bge_round1/points?wait=true "HTTP/1.1 200 OK"
2025-12-22 00:05:53,928 - INFO - HTTP Request: PUT http://localhost:6333/collections/law_with_e5_emb_not_finetune/points?wait=true "HTTP/1.1 200 OK"
2025-12-22 00:05:53,988 - INFO - PUT http://localhost:9200/_bulk [status:200 duration:0.057s]
2025-12-22 00:05:56,314 - INFO - HTTP Request: PUT http://localhost:6333/collections/law_with_bge_round1/points?wait=true "HTTP/1.1 200 OK"
2025-12-22 00:05:56,344 - INFO - HTTP Request: PUT http://localhost:6333/collections/law_with_e5_emb_not_finetune/points?wait=true "HTTP/1.1 200 OK"
2025-12-22 00:05:56,404 - INFO - PUT http://localhost:9200/_bulk [status:200 duration:0.057s]
2025-12-22 00:05:59,209 - INFO - HTTP Request: PUT http://localhost:6333/collections/law_with_bge_round1/points?wait=true "HTTP/1.1 200 OK"
2025-12-22 00:05:59,244 - INFO - HTTP Request: PUT http://localhost:6333/collections/law_with_e5_emb_not_finetune/points?wait=true "HTTP/1.1 200 OK"
2025-12-22 00:05:59,306 - INFO - PUT http://localhost:9200/_bulk [status:200 duration:0.059s]
2025-12-22 00:06:02,113 - INFO - HTTP Request: PUT http://localhost:6333/collections/law_with_bge_round1/points?wait=true "HTTP/1.1 200 OK"
2025-12-22 00:06:02,181 - INFO - HTTP Request: PUT http://localhost:6333/collections/law_with_e5_emb_not_finetune/points?wait=true "HTTP/1.1 200 OK"
2025-12-22 00:06:02,200 - INFO - PUT http://localhost:9200/_bulk [status:200 duration:0.014s]
2025-12-22 00:06:05,010 - INFO - HTTP Request: PUT http://localhost:6333/collections/law_with_bge_round1/points?wait=true "HTTP/1.1 200 OK"
2025-12-22 00:06:05,038 - INFO - HTTP Request: PUT http://localhost:6333/collections/law_with_e5_emb_not_finetune/points?wait=true "HTTP/1.1 200 OK"
2025-12-22 00:06:05,093 - INFO - PUT http://localhost:9200/_bulk [status:200 duration:0.053s]
2025-12-22 00:06:07,962 - INFO - HTTP Request: PUT http://localhost:6333/collections/law_with_bge_round1/points?wait=true "HTTP/1.1 200 OK"
2025-12-22 00:06:08,058 - INFO - HTTP Request: PUT http://localhost:6333/collections/law_with_e5_emb_not_finetune/points?wait=true "HTTP/1.1 200 OK"
2025-12-22 00:06:08,123 - INFO - PUT http://localhost:9200/_bulk [status:200 duration:0.062s]
2025-12-22 00:06:11,022 - INFO - HTTP Request: PUT http://localhost:6333/collections/law_with_bge_round1/points?wait=true "HTTP/1.1 200 OK"
2025-12-22 00:06:11,052 - INFO - HTTP Request: PUT http://localhost:6333/collections/law_with_e5_emb_not_finetune/points?wait=true "HTTP/1.1 200 OK"
2025-12-22 00:06:11,110 - INFO - PUT http://localhost:9200/_bulk [status:200 duration:0.056s]
2025-12-22 00:06:14,030 - INFO - HTTP Request: PUT http://localhost:6333/collections/law_with_bge_round1/points?wait=true "HTTP/1.1 200 OK"
2025-12-22 00:06:14,113 - INFO - HTTP Request: PUT http://localhost:6333/collections/law_with_e5_emb_not_finetune/points?wait=true "HTTP/1.1 200 OK"
2025-12-22 00:06:14,187 - INFO - PUT http://localhost:9200/_bulk [status:200 duration:0.066s]
2025-12-22 00:06:17,100 - INFO - HTTP Request: PUT http://localhost:6333/collections/law_with_bge_round1/points?wait=true "HTTP/1.1 200 OK"
2025-12-22 00:06:17,129 - INFO - HTTP Request: PUT http://localhost:6333/collections/law_with_e5_emb_not_finetune/points?wait=true "HTTP/1.1 200 OK"
2025-12-22 00:06:17,185 - INFO - PUT http://localhost:9200/_bulk [status:200 duration:0.053s]
2025-12-22 00:06:20,086 - INFO - HTTP Request: PUT http://localhost:6333/collections/law_with_bge_round1/points?wait=true "HTTP/1.1 200 OK"
2025-12-22 00:06:20,132 - INFO - HTTP Request: PUT http://localhost:6333/collections/law_with_e5_emb_not_finetune/points?wait=true "HTTP/1.1 200 OK"
2025-12-22 00:06:20,193 - INFO - PUT http://localhost:9200/_bulk [status:200 duration:0.058s]
2025-12-22 00:06:23,100 - INFO - HTTP Request: PUT http://localhost:6333/collections/law_with_bge_round1/points?wait=true "HTTP/1.1 200 OK"
2025-12-22 00:06:23,135 - INFO - HTTP Request: PUT http://localhost:6333/collections/law_with_e5_emb_not_finetune/points?wait=true "HTTP/1.1 200 OK"
2025-12-22 00:06:23,189 - INFO - PUT http://localhost:9200/_bulk [status:200 duration:0.052s]
2025-12-22 00:06:26,171 - INFO - HTTP Request: PUT http://localhost:6333/collections/law_with_bge_round1/points?wait=true "HTTP/1.1 200 OK"
2025-12-22 00:06:26,217 - INFO - HTTP Request: PUT http://localhost:6333/collections/law_with_e5_emb_not_finetune/points?wait=true "HTTP/1.1 200 OK"
2025-12-22 00:06:26,237 - INFO - PUT http://localhost:9200/_bulk [status:200 duration:0.016s]
2025-12-22 00:06:29,202 - INFO - HTTP Request: PUT http://localhost:6333/collections/law_with_bge_round1/points?wait=true "HTTP/1.1 200 OK"
2025-12-22 00:06:29,233 - INFO - HTTP Request: PUT http://localhost:6333/collections/law_with_e5_emb_not_finetune/points?wait=true "HTTP/1.1 200 OK"
2025-12-22 00:06:29,252 - INFO - PUT http://localhost:9200/_bulk [status:200 duration:0.016s]
2025-12-22 00:06:32,148 - INFO - HTTP Request: PUT http://localhost:6333/collections/law_with_bge_round1/points?wait=true "HTTP/1.1 200 OK"
2025-12-22 00:06:32,184 - INFO - HTTP Request: PUT http://localhost:6333/collections/law_with_e5_emb_not_finetune/points?wait=true "HTTP/1.1 200 OK"
2025-12-22 00:06:32,242 - INFO - PUT http://localhost:9200/_bulk [status:200 duration:0.054s]
2025-12-22 00:06:35,010 - INFO - HTTP Request: PUT http://localhost:6333/collections/law_with_bge_round1/points?wait=true "HTTP/1.1 200 OK"
2025-12-22 00:06:35,060 - INFO - HTTP Request: PUT http://localhost:6333/collections/law_with_e5_emb_not_finetune/points?wait=true "HTTP/1.1 200 OK"
2025-12-22 00:06:35,116 - INFO - PUT http://localhost:9200/_bulk [status:200 duration:0.052s]
2025-12-22 00:06:37,980 - INFO - HTTP Request: PUT http://localhost:6333/collections/law_with_bge_round1/points?wait=true "HTTP/1.1 200 OK"
2025-12-22 00:06:38,069 - INFO - HTTP Request: PUT http://localhost:6333/collections/law_with_e5_emb_not_finetune/points?wait=true "HTTP/1.1 200 OK"
2025-12-22 00:06:38,128 - INFO - PUT http://localhost:9200/_bulk [status:200 duration:0.055s]
2025-12-22 00:06:41,165 - INFO - HTTP Request: PUT http://localhost:6333/collections/law_with_bge_round1/points?wait=true "HTTP/1.1 200 OK"
2025-12-22 00:06:41,222 - INFO - HTTP Request: PUT http://localhost:6333/collections/law_with_e5_emb_not_finetune/points?wait=true "HTTP/1.1 200 OK"
2025-12-22 00:06:41,292 - INFO - PUT http://localhost:9200/_bulk [status:200 duration:0.066s]
2025-12-22 00:06:44,270 - INFO - HTTP Request: PUT http://localhost:6333/collections/law_with_bge_round1/points?wait=true "HTTP/1.1 200 OK"
2025-12-22 00:06:44,317 - INFO - HTTP Request: PUT http://localhost:6333/collections/law_with_e5_emb_not_finetune/points?wait=true "HTTP/1.1 200 OK"
2025-12-22 00:06:44,340 - INFO - PUT http://localhost:9200/_bulk [status:200 duration:0.018s]
2025-12-22 00:06:47,288 - INFO - HTTP Request: PUT http://localhost:6333/collections/law_with_bge_round1/points?wait=true "HTTP/1.1 200 OK"
2025-12-22 00:06:47,317 - INFO - HTTP Request: PUT http://localhost:6333/collections/law_with_e5_emb_not_finetune/points?wait=true "HTTP/1.1 200 OK"
2025-12-22 00:06:47,331 - INFO - PUT http://localhost:9200/_bulk [status:200 duration:0.011s]
2025-12-22 00:06:50,179 - INFO - HTTP Request: PUT http://localhost:6333/collections/law_with_bge_round1/points?wait=true "HTTP/1.1 200 OK"
2025-12-22 00:06:50,231 - INFO - HTTP Request: PUT http://localhost:6333/collections/law_with_e5_emb_not_finetune/points?wait=true "HTTP/1.1 200 OK"
2025-12-22 00:06:50,293 - INFO - PUT http://localhost:9200/_bulk [status:200 duration:0.057s]
2025-12-22 00:06:53,120 - INFO - HTTP Request: PUT http://localhost:6333/collections/law_with_bge_round1/points?wait=true "HTTP/1.1 200 OK"
2025-12-22 00:06:53,154 - INFO - HTTP Request: PUT http://localhost:6333/collections/law_with_e5_emb_not_finetune/points?wait=true "HTTP/1.1 200 OK"
2025-12-22 00:06:53,214 - INFO - PUT http://localhost:9200/_bulk [status:200 duration:0.057s]
2025-12-22 00:06:56,112 - INFO - HTTP Request: PUT http://localhost:6333/collections/law_with_bge_round1/points?wait=true "HTTP/1.1 200 OK"
2025-12-22 00:06:56,147 - INFO - HTTP Request: PUT http://localhost:6333/collections/law_with_e5_emb_not_finetune/points?wait=true "HTTP/1.1 200 OK"
2025-12-22 00:06:56,165 - INFO - PUT http://localhost:9200/_bulk [status:200 duration:0.014s]
2025-12-22 00:06:59,007 - INFO - HTTP Request: PUT http://localhost:6333/collections/law_with_bge_round1/points?wait=true "HTTP/1.1 200 OK"
2025-12-22 00:06:59,042 - INFO - HTTP Request: PUT http://localhost:6333/collections/law_with_e5_emb_not_finetune/points?wait=true "HTTP/1.1 200 OK"
2025-12-22 00:06:59,101 - INFO - PUT http://localhost:9200/_bulk [status:200 duration:0.055s]
2025-12-22 00:07:02,029 - INFO - HTTP Request: PUT http://localhost:6333/collections/law_with_bge_round1/points?wait=true "HTTP/1.1 200 OK"
2025-12-22 00:07:02,066 - INFO - HTTP Request: PUT http://localhost:6333/collections/law_with_e5_emb_not_finetune/points?wait=true "HTTP/1.1 200 OK"
2025-12-22 00:07:02,124 - INFO - PUT http://localhost:9200/_bulk [status:200 duration:0.055s]
2025-12-22 00:07:05,008 - INFO - HTTP Request: PUT http://localhost:6333/collections/law_with_bge_round1/points?wait=true "HTTP/1.1 200 OK"
2025-12-22 00:07:05,039 - INFO - HTTP Request: PUT http://localhost:6333/collections/law_with_e5_emb_not_finetune/points?wait=true "HTTP/1.1 200 OK"
2025-12-22 00:07:05,100 - INFO - PUT http://localhost:9200/_bulk [status:200 duration:0.058s]
2025-12-22 00:07:07,954 - INFO - HTTP Request: PUT http://localhost:6333/collections/law_with_bge_round1/points?wait=true "HTTP/1.1 200 OK"
2025-12-22 00:07:07,987 - INFO - HTTP Request: PUT http://localhost:6333/collections/law_with_e5_emb_not_finetune/points?wait=true "HTTP/1.1 200 OK"
2025-12-22 00:07:08,052 - INFO - PUT http://localhost:9200/_bulk [status:200 duration:0.062s]
2025-12-22 00:07:10,880 - INFO - HTTP Request: PUT http://localhost:6333/collections/law_with_bge_round1/points?wait=true "HTTP/1.1 200 OK"
2025-12-22 00:07:10,911 - INFO - HTTP Request: PUT http://localhost:6333/collections/law_with_e5_emb_not_finetune/points?wait=true "HTTP/1.1 200 OK"
2025-12-22 00:07:10,934 - INFO - PUT http://localhost:9200/_bulk [status:200 duration:0.019s]
2025-12-22 00:07:13,877 - INFO - HTTP Request: PUT http://localhost:6333/collections/law_with_bge_round1/points?wait=true "HTTP/1.1 200 OK"
2025-12-22 00:07:13,909 - INFO - HTTP Request: PUT http://localhost:6333/collections/law_with_e5_emb_not_finetune/points?wait=true "HTTP/1.1 200 OK"
2025-12-22 00:07:13,970 - INFO - PUT http://localhost:9200/_bulk [status:200 duration:0.056s]
2025-12-22 00:07:16,775 - INFO - HTTP Request: PUT http://localhost:6333/collections/law_with_bge_round1/points?wait=true "HTTP/1.1 200 OK"
2025-12-22 00:07:16,810 - INFO - HTTP Request: PUT http://localhost:6333/collections/law_with_e5_emb_not_finetune/points?wait=true "HTTP/1.1 200 OK"
2025-12-22 00:07:16,868 - INFO - PUT http://localhost:9200/_bulk [status:200 duration:0.055s]
2025-12-22 00:07:19,797 - INFO - HTTP Request: PUT http://localhost:6333/collections/law_with_bge_round1/points?wait=true "HTTP/1.1 200 OK"
2025-12-22 00:07:19,839 - INFO - HTTP Request: PUT http://localhost:6333/collections/law_with_e5_emb_not_finetune/points?wait=true "HTTP/1.1 200 OK"
2025-12-22 00:07:19,894 - INFO - PUT http://localhost:9200/_bulk [status:200 duration:0.052s]
2025-12-22 00:07:22,502 - INFO - HTTP Request: PUT http://localhost:6333/collections/law_with_bge_round1/points?wait=true "HTTP/1.1 200 OK"
2025-12-22 00:07:22,542 - INFO - HTTP Request: PUT http://localhost:6333/collections/law_with_e5_emb_not_finetune/points?wait=true "HTTP/1.1 200 OK"
2025-12-22 00:07:22,600 - INFO - PUT http://localhost:9200/_bulk [status:200 duration:0.054s]
2025-12-22 00:07:25,444 - INFO - HTTP Request: PUT http://localhost:6333/collections/law_with_bge_round1/points?wait=true "HTTP/1.1 200 OK"
2025-12-22 00:07:25,487 - INFO - HTTP Request: PUT http://localhost:6333/collections/law_with_e5_emb_not_finetune/points?wait=true "HTTP/1.1 200 OK"
2025-12-22 00:07:25,542 - INFO - PUT http://localhost:9200/_bulk [status:200 duration:0.053s]
2025-12-22 00:07:28,422 - INFO - HTTP Request: PUT http://localhost:6333/collections/law_with_bge_round1/points?wait=true "HTTP/1.1 200 OK"
2025-12-22 00:07:28,495 - INFO - HTTP Request: PUT http://localhost:6333/collections/law_with_e5_emb_not_finetune/points?wait=true "HTTP/1.1 200 OK"
2025-12-22 00:07:28,551 - INFO - PUT http://localhost:9200/_bulk [status:200 duration:0.054s]
2025-12-22 00:07:31,440 - INFO - HTTP Request: PUT http://localhost:6333/collections/law_with_bge_round1/points?wait=true "HTTP/1.1 200 OK"
2025-12-22 00:07:31,483 - INFO - HTTP Request: PUT http://localhost:6333/collections/law_with_e5_emb_not_finetune/points?wait=true "HTTP/1.1 200 OK"
2025-12-22 00:07:31,502 - INFO - PUT http://localhost:9200/_bulk [status:200 duration:0.016s]
2025-12-22 00:07:34,395 - INFO - HTTP Request: PUT http://localhost:6333/collections/law_with_bge_round1/points?wait=true "HTTP/1.1 200 OK"
2025-12-22 00:07:34,440 - INFO - HTTP Request: PUT http://localhost:6333/collections/law_with_e5_emb_not_finetune/points?wait=true "HTTP/1.1 200 OK"
2025-12-22 00:07:34,498 - INFO - PUT http://localhost:9200/_bulk [status:200 duration:0.055s]
2025-12-22 00:07:37,252 - INFO - HTTP Request: PUT http://localhost:6333/collections/law_with_bge_round1/points?wait=true "HTTP/1.1 200 OK"
2025-12-22 00:07:37,303 - INFO - HTTP Request: PUT http://localhost:6333/collections/law_with_e5_emb_not_finetune/points?wait=true "HTTP/1.1 200 OK"
2025-12-22 00:07:37,362 - INFO - PUT http://localhost:9200/_bulk [status:200 duration:0.056s]
2025-12-22 00:07:40,336 - INFO - HTTP Request: PUT http://localhost:6333/collections/law_with_bge_round1/points?wait=true "HTTP/1.1 200 OK"
2025-12-22 00:07:40,376 - INFO - HTTP Request: PUT http://localhost:6333/collections/law_with_e5_emb_not_finetune/points?wait=true "HTTP/1.1 200 OK"
2025-12-22 00:07:40,439 - INFO - PUT http://localhost:9200/_bulk [status:200 duration:0.059s]
2025-12-22 00:07:43,337 - INFO - HTTP Request: PUT http://localhost:6333/collections/law_with_bge_round1/points?wait=true "HTTP/1.1 200 OK"
2025-12-22 00:07:43,396 - INFO - HTTP Request: PUT http://localhost:6333/collections/law_with_e5_emb_not_finetune/points?wait=true "HTTP/1.1 200 OK"
2025-12-22 00:07:43,454 - INFO - PUT http://localhost:9200/_bulk [status:200 duration:0.054s]
2025-12-22 00:07:45,550 - INFO - HTTP Request: PUT http://localhost:6333/collections/law_with_bge_round1/points?wait=true "HTTP/1.1 200 OK"
2025-12-22 00:07:45,584 - INFO - HTTP Request: PUT http://localhost:6333/collections/law_with_e5_emb_not_finetune/points?wait=true "HTTP/1.1 200 OK"
2025-12-22 00:07:45,642 - INFO - PUT http://localhost:9200/_bulk [status:200 duration:0.055s]
2025-12-22 00:07:48,532 - INFO - HTTP Request: PUT http://localhost:6333/collections/law_with_bge_round1/points?wait=true "HTTP/1.1 200 OK"
2025-12-22 00:07:48,569 - INFO - HTTP Request: PUT http://localhost:6333/collections/law_with_e5_emb_not_finetune/points?wait=true "HTTP/1.1 200 OK"
2025-12-22 00:07:48,661 - INFO - PUT http://localhost:9200/_bulk [status:200 duration:0.089s]
2025-12-22 00:07:51,600 - INFO - HTTP Request: PUT http://localhost:6333/collections/law_with_bge_round1/points?wait=true "HTTP/1.1 200 OK"
2025-12-22 00:07:51,657 - INFO - HTTP Request: PUT http://localhost:6333/collections/law_with_e5_emb_not_finetune/points?wait=true "HTTP/1.1 200 OK"
2025-12-22 00:07:51,721 - INFO - PUT http://localhost:9200/_bulk [status:200 duration:0.056s]
2025-12-22 00:07:54,607 - INFO - HTTP Request: PUT http://localhost:6333/collections/law_with_bge_round1/points?wait=true "HTTP/1.1 200 OK"
2025-12-22 00:07:54,652 - INFO - HTTP Request: PUT http://localhost:6333/collections/law_with_e5_emb_not_finetune/points?wait=true "HTTP/1.1 200 OK"
2025-12-22 00:07:54,675 - INFO - PUT http://localhost:9200/_bulk [status:200 duration:0.018s]
2025-12-22 00:07:57,590 - INFO - HTTP Request: PUT http://localhost:6333/collections/law_with_bge_round1/points?wait=true "HTTP/1.1 200 OK"
2025-12-22 00:07:57,624 - INFO - HTTP Request: PUT http://localhost:6333/collections/law_with_e5_emb_not_finetune/points?wait=true "HTTP/1.1 200 OK"
2025-12-22 00:07:57,680 - INFO - PUT http://localhost:9200/_bulk [status:200 duration:0.051s]
2025-12-22 00:08:00,513 - INFO - HTTP Request: PUT http://localhost:6333/collections/law_with_bge_round1/points?wait=true "HTTP/1.1 200 OK"
2025-12-22 00:08:00,546 - INFO - HTTP Request: PUT http://localhost:6333/collections/law_with_e5_emb_not_finetune/points?wait=true "HTTP/1.1 200 OK"
2025-12-22 00:08:00,603 - INFO - PUT http://localhost:9200/_bulk [status:200 duration:0.055s]
2025-12-22 00:08:03,457 - INFO - HTTP Request: PUT http://localhost:6333/collections/law_with_bge_round1/points?wait=true "HTTP/1.1 200 OK"
2025-12-22 00:08:03,503 - INFO - HTTP Request: PUT http://localhost:6333/collections/law_with_e5_emb_not_finetune/points?wait=true "HTTP/1.1 200 OK"
2025-12-22 00:08:03,559 - INFO - PUT http://localhost:9200/_bulk [status:200 duration:0.053s]
2025-12-22 00:08:06,432 - INFO - HTTP Request: PUT http://localhost:6333/collections/law_with_bge_round1/points?wait=true "HTTP/1.1 200 OK"
2025-12-22 00:08:06,473 - INFO - HTTP Request: PUT http://localhost:6333/collections/law_with_e5_emb_not_finetune/points?wait=true "HTTP/1.1 200 OK"
2025-12-22 00:08:06,536 - INFO - PUT http://localhost:9200/_bulk [status:200 duration:0.060s]
2025-12-22 00:08:09,415 - INFO - HTTP Request: PUT http://localhost:6333/collections/law_with_bge_round1/points?wait=true "HTTP/1.1 200 OK"
2025-12-22 00:08:09,462 - INFO - HTTP Request: PUT http://localhost:6333/collections/law_with_e5_emb_not_finetune/points?wait=true "HTTP/1.1 200 OK"
2025-12-22 00:08:09,520 - INFO - PUT http://localhost:9200/_bulk [status:200 duration:0.055s]
2025-12-22 00:08:12,400 - INFO - HTTP Request: PUT http://localhost:6333/collections/law_with_bge_round1/points?wait=true "HTTP/1.1 200 OK"
2025-12-22 00:08:12,429 - INFO - HTTP Request: PUT http://localhost:6333/collections/law_with_e5_emb_not_finetune/points?wait=true "HTTP/1.1 200 OK"
2025-12-22 00:08:12,498 - INFO - PUT http://localhost:9200/_bulk [status:200 duration:0.065s]
2025-12-22 00:08:15,352 - INFO - HTTP Request: PUT http://localhost:6333/collections/law_with_bge_round1/points?wait=true "HTTP/1.1 200 OK"
2025-12-22 00:08:15,383 - INFO - HTTP Request: PUT http://localhost:6333/collections/law_with_e5_emb_not_finetune/points?wait=true "HTTP/1.1 200 OK"
2025-12-22 00:08:15,441 - INFO - PUT http://localhost:9200/_bulk [status:200 duration:0.055s]
2025-12-22 00:08:18,345 - INFO - HTTP Request: PUT http://localhost:6333/collections/law_with_bge_round1/points?wait=true "HTTP/1.1 200 OK"
2025-12-22 00:08:18,393 - INFO - HTTP Request: PUT http://localhost:6333/collections/law_with_e5_emb_not_finetune/points?wait=true "HTTP/1.1 200 OK"
2025-12-22 00:08:18,412 - INFO - PUT http://localhost:9200/_bulk [status:200 duration:0.016s]
2025-12-22 00:08:21,395 - INFO - HTTP Request: PUT http://localhost:6333/collections/law_with_bge_round1/points?wait=true "HTTP/1.1 200 OK"
2025-12-22 00:08:21,424 - INFO - HTTP Request: PUT http://localhost:6333/collections/law_with_e5_emb_not_finetune/points?wait=true "HTTP/1.1 200 OK"
2025-12-22 00:08:21,483 - INFO - PUT http://localhost:9200/_bulk [status:200 duration:0.055s]
2025-12-22 00:08:24,299 - INFO - HTTP Request: PUT http://localhost:6333/collections/law_with_bge_round1/points?wait=true "HTTP/1.1 200 OK"
2025-12-22 00:08:24,330 - INFO - HTTP Request: PUT http://localhost:6333/collections/law_with_e5_emb_not_finetune/points?wait=true "HTTP/1.1 200 OK"
2025-12-22 00:08:24,394 - INFO - PUT http://localhost:9200/_bulk [status:200 duration:0.057s]
2025-12-22 00:08:27,315 - INFO - HTTP Request: PUT http://localhost:6333/collections/law_with_bge_round1/points?wait=true "HTTP/1.1 200 OK"
2025-12-22 00:08:27,366 - INFO - HTTP Request: PUT http://localhost:6333/collections/law_with_e5_emb_not_finetune/points?wait=true "HTTP/1.1 200 OK"
2025-12-22 00:08:27,423 - INFO - PUT http://localhost:9200/_bulk [status:200 duration:0.053s]
2025-12-22 00:08:30,482 - INFO - HTTP Request: PUT http://localhost:6333/collections/law_with_bge_round1/points?wait=true "HTTP/1.1 200 OK"
2025-12-22 00:08:30,516 - INFO - HTTP Request: PUT http://localhost:6333/collections/law_with_e5_emb_not_finetune/points?wait=true "HTTP/1.1 200 OK"
2025-12-22 00:08:30,533 - INFO - PUT http://localhost:9200/_bulk [status:200 duration:0.014s]
2025-12-22 00:08:33,409 - INFO - HTTP Request: PUT http://localhost:6333/collections/law_with_bge_round1/points?wait=true "HTTP/1.1 200 OK"
2025-12-22 00:08:33,445 - INFO - HTTP Request: PUT http://localhost:6333/collections/law_with_e5_emb_not_finetune/points?wait=true "HTTP/1.1 200 OK"
2025-12-22 00:08:33,510 - INFO - PUT http://localhost:9200/_bulk [status:200 duration:0.061s]
2025-12-22 00:08:36,462 - INFO - HTTP Request: PUT http://localhost:6333/collections/law_with_bge_round1/points?wait=true "HTTP/1.1 200 OK"
2025-12-22 00:08:36,492 - INFO - HTTP Request: PUT http://localhost:6333/collections/law_with_e5_emb_not_finetune/points?wait=true "HTTP/1.1 200 OK"
2025-12-22 00:08:36,549 - INFO - PUT http://localhost:9200/_bulk [status:200 duration:0.054s]
2025-12-22 00:08:39,532 - INFO - HTTP Request: PUT http://localhost:6333/collections/law_with_bge_round1/points?wait=true "HTTP/1.1 200 OK"
2025-12-22 00:08:39,579 - INFO - HTTP Request: PUT http://localhost:6333/collections/law_with_e5_emb_not_finetune/points?wait=true "HTTP/1.1 200 OK"
2025-12-22 00:08:39,642 - INFO - PUT http://localhost:9200/_bulk [status:200 duration:0.058s]
2025-12-22 00:08:42,584 - INFO - HTTP Request: PUT http://localhost:6333/collections/law_with_bge_round1/points?wait=true "HTTP/1.1 200 OK"
2025-12-22 00:08:42,617 - INFO - HTTP Request: PUT http://localhost:6333/collections/law_with_e5_emb_not_finetune/points?wait=true "HTTP/1.1 200 OK"
2025-12-22 00:08:42,675 - INFO - PUT http://localhost:9200/_bulk [status:200 duration:0.055s]
2025-12-22 00:08:45,627 - INFO - HTTP Request: PUT http://localhost:6333/collections/law_with_bge_round1/points?wait=true "HTTP/1.1 200 OK"
2025-12-22 00:08:45,657 - INFO - HTTP Request: PUT http://localhost:6333/collections/law_with_e5_emb_not_finetune/points?wait=true "HTTP/1.1 200 OK"
2025-12-22 00:08:45,717 - INFO - PUT http://localhost:9200/_bulk [status:200 duration:0.057s]
2025-12-22 00:08:48,714 - INFO - HTTP Request: PUT http://localhost:6333/collections/law_with_bge_round1/points?wait=true "HTTP/1.1 200 OK"
2025-12-22 00:08:48,747 - INFO - HTTP Request: PUT http://localhost:6333/collections/law_with_e5_emb_not_finetune/points?wait=true "HTTP/1.1 200 OK"
2025-12-22 00:08:48,801 - INFO - PUT http://localhost:9200/_bulk [status:200 duration:0.051s]
2025-12-22 00:08:51,609 - INFO - HTTP Request: PUT http://localhost:6333/collections/law_with_bge_round1/points?wait=true "HTTP/1.1 200 OK"
2025-12-22 00:08:51,646 - INFO - HTTP Request: PUT http://localhost:6333/collections/law_with_e5_emb_not_finetune/points?wait=true "HTTP/1.1 200 OK"
2025-12-22 00:08:51,766 - INFO - PUT http://localhost:9200/_bulk [status:200 duration:0.115s]
2025-12-22 00:08:54,683 - INFO - HTTP Request: PUT http://localhost:6333/collections/law_with_bge_round1/points?wait=true "HTTP/1.1 200 OK"
2025-12-22 00:08:54,716 - INFO - HTTP Request: PUT http://localhost:6333/collections/law_with_e5_emb_not_finetune/points?wait=true "HTTP/1.1 200 OK"
2025-12-22 00:08:54,733 - INFO - PUT http://localhost:9200/_bulk [status:200 duration:0.013s]
2025-12-22 00:08:57,663 - INFO - HTTP Request: PUT http://localhost:6333/collections/law_with_bge_round1/points?wait=true "HTTP/1.1 200 OK"
2025-12-22 00:08:57,697 - INFO - HTTP Request: PUT http://localhost:6333/collections/law_with_e5_emb_not_finetune/points?wait=true "HTTP/1.1 200 OK"
2025-12-22 00:08:57,823 - INFO - PUT http://localhost:9200/_bulk [status:200 duration:0.123s]
2025-12-22 00:09:00,666 - INFO - HTTP Request: PUT http://localhost:6333/collections/law_with_bge_round1/points?wait=true "HTTP/1.1 200 OK"
2025-12-22 00:09:00,693 - INFO - HTTP Request: PUT http://localhost:6333/collections/law_with_e5_emb_not_finetune/points?wait=true "HTTP/1.1 200 OK"
2025-12-22 00:09:00,706 - INFO - PUT http://localhost:9200/_bulk [status:200 duration:0.008s]
2025-12-22 00:09:03,631 - INFO - HTTP Request: PUT http://localhost:6333/collections/law_with_bge_round1/points?wait=true "HTTP/1.1 200 OK"
2025-12-22 00:09:03,671 - INFO - HTTP Request: PUT http://localhost:6333/collections/law_with_e5_emb_not_finetune/points?wait=true "HTTP/1.1 200 OK"
2025-12-22 00:09:03,682 - INFO - PUT http://localhost:9200/_bulk [status:200 duration:0.007s]
2025-12-22 00:09:06,560 - INFO - HTTP Request: PUT http://localhost:6333/collections/law_with_bge_round1/points?wait=true "HTTP/1.1 200 OK"
2025-12-22 00:09:06,599 - INFO - HTTP Request: PUT http://localhost:6333/collections/law_with_e5_emb_not_finetune/points?wait=true "HTTP/1.1 200 OK"
2025-12-22 00:09:06,647 - INFO - PUT http://localhost:9200/_bulk [status:200 duration:0.046s]
2025-12-22 00:09:09,574 - INFO - HTTP Request: PUT http://localhost:6333/collections/law_with_bge_round1/points?wait=true "HTTP/1.1 200 OK"
2025-12-22 00:09:09,594 - INFO - HTTP Request: PUT http://localhost:6333/collections/law_with_e5_emb_not_finetune/points?wait=true "HTTP/1.1 200 OK"
2025-12-22 00:09:09,667 - INFO - PUT http://localhost:9200/_bulk [status:200 duration:0.066s]
2025-12-22 00:09:12,560 - INFO - HTTP Request: PUT http://localhost:6333/collections/law_with_bge_round1/points?wait=true "HTTP/1.1 200 OK"
2025-12-22 00:09:12,592 - INFO - HTTP Request: PUT http://localhost:6333/collections/law_with_e5_emb_not_finetune/points?wait=true "HTTP/1.1 200 OK"
2025-12-22 00:09:12,653 - INFO - PUT http://localhost:9200/_bulk [status:200 duration:0.058s]
2025-12-22 00:09:15,539 - INFO - HTTP Request: PUT http://localhost:6333/collections/law_with_bge_round1/points?wait=true "HTTP/1.1 200 OK"
2025-12-22 00:09:15,597 - INFO - HTTP Request: PUT http://localhost:6333/collections/law_with_e5_emb_not_finetune/points?wait=true "HTTP/1.1 200 OK"
2025-12-22 00:09:15,656 - INFO - PUT http://localhost:9200/_bulk [status:200 duration:0.057s]
2025-12-22 00:09:18,579 - INFO - HTTP Request: PUT http://localhost:6333/collections/law_with_bge_round1/points?wait=true "HTTP/1.1 200 OK"
2025-12-22 00:09:18,609 - INFO - HTTP Request: PUT http://localhost:6333/collections/law_with_e5_emb_not_finetune/points?wait=true "HTTP/1.1 200 OK"
2025-12-22 00:09:18,624 - INFO - PUT http://localhost:9200/_bulk [status:200 duration:0.011s]
2025-12-22 00:09:21,439 - INFO - HTTP Request: PUT http://localhost:6333/collections/law_with_bge_round1/points?wait=true "HTTP/1.1 200 OK"
2025-12-22 00:09:21,470 - INFO - HTTP Request: PUT http://localhost:6333/collections/law_with_e5_emb_not_finetune/points?wait=true "HTTP/1.1 200 OK"
2025-12-22 00:09:21,529 - INFO - PUT http://localhost:9200/_bulk [status:200 duration:0.056s]
2025-12-22 00:09:24,405 - INFO - HTTP Request: PUT http://localhost:6333/collections/law_with_bge_round1/points?wait=true "HTTP/1.1 200 OK"
2025-12-22 00:09:24,452 - INFO - HTTP Request: PUT http://localhost:6333/collections/law_with_e5_emb_not_finetune/points?wait=true "HTTP/1.1 200 OK"
2025-12-22 00:09:24,508 - INFO - PUT http://localhost:9200/_bulk [status:200 duration:0.053s]
2025-12-22 00:09:27,494 - INFO - HTTP Request: PUT http://localhost:6333/collections/law_with_bge_round1/points?wait=true "HTTP/1.1 200 OK"
2025-12-22 00:09:27,521 - INFO - HTTP Request: PUT http://localhost:6333/collections/law_with_e5_emb_not_finetune/points?wait=true "HTTP/1.1 200 OK"
2025-12-22 00:09:27,581 - INFO - PUT http://localhost:9200/_bulk [status:200 duration:0.057s]
2025-12-22 00:09:30,465 - INFO - HTTP Request: PUT http://localhost:6333/collections/law_with_bge_round1/points?wait=true "HTTP/1.1 200 OK"
2025-12-22 00:09:30,494 - INFO - HTTP Request: PUT http://localhost:6333/collections/law_with_e5_emb_not_finetune/points?wait=true "HTTP/1.1 200 OK"
2025-12-22 00:09:30,552 - INFO - PUT http://localhost:9200/_bulk [status:200 duration:0.054s]
2025-12-22 00:09:33,497 - INFO - HTTP Request: PUT http://localhost:6333/collections/law_with_bge_round1/points?wait=true "HTTP/1.1 200 OK"
2025-12-22 00:09:33,527 - INFO - HTTP Request: PUT http://localhost:6333/collections/law_with_e5_emb_not_finetune/points?wait=true "HTTP/1.1 200 OK"
2025-12-22 00:09:33,584 - INFO - PUT http://localhost:9200/_bulk [status:200 duration:0.054s]
2025-12-22 00:09:36,464 - INFO - HTTP Request: PUT http://localhost:6333/collections/law_with_bge_round1/points?wait=true "HTTP/1.1 200 OK"
2025-12-22 00:09:36,493 - INFO - HTTP Request: PUT http://localhost:6333/collections/law_with_e5_emb_not_finetune/points?wait=true "HTTP/1.1 200 OK"
2025-12-22 00:09:36,560 - INFO - PUT http://localhost:9200/_bulk [status:200 duration:0.063s]
2025-12-22 00:09:39,617 - INFO - HTTP Request: PUT http://localhost:6333/collections/law_with_bge_round1/points?wait=true "HTTP/1.1 200 OK"
2025-12-22 00:09:39,648 - INFO - HTTP Request: PUT http://localhost:6333/collections/law_with_e5_emb_not_finetune/points?wait=true "HTTP/1.1 200 OK"
2025-12-22 00:09:39,666 - INFO - PUT http://localhost:9200/_bulk [status:200 duration:0.015s]
2025-12-22 00:09:42,548 - INFO - HTTP Request: PUT http://localhost:6333/collections/law_with_bge_round1/points?wait=true "HTTP/1.1 200 OK"
2025-12-22 00:09:42,577 - INFO - HTTP Request: PUT http://localhost:6333/collections/law_with_e5_emb_not_finetune/points?wait=true "HTTP/1.1 200 OK"
2025-12-22 00:09:42,635 - INFO - PUT http://localhost:9200/_bulk [status:200 duration:0.055s]
2025-12-22 00:09:45,586 - INFO - HTTP Request: PUT http://localhost:6333/collections/law_with_bge_round1/points?wait=true "HTTP/1.1 200 OK"
2025-12-22 00:09:45,615 - INFO - HTTP Request: PUT http://localhost:6333/collections/law_with_e5_emb_not_finetune/points?wait=true "HTTP/1.1 200 OK"
2025-12-22 00:09:45,672 - INFO - PUT http://localhost:9200/_bulk [status:200 duration:0.054s]
2025-12-22 00:09:48,529 - INFO - HTTP Request: PUT http://localhost:6333/collections/law_with_bge_round1/points?wait=true "HTTP/1.1 200 OK"
2025-12-22 00:09:48,563 - INFO - HTTP Request: PUT http://localhost:6333/collections/law_with_e5_emb_not_finetune/points?wait=true "HTTP/1.1 200 OK"
2025-12-22 00:09:48,579 - INFO - PUT http://localhost:9200/_bulk [status:200 duration:0.013s]
2025-12-22 00:09:51,458 - INFO - HTTP Request: PUT http://localhost:6333/collections/law_with_bge_round1/points?wait=true "HTTP/1.1 200 OK"
2025-12-22 00:09:51,495 - INFO - HTTP Request: PUT http://localhost:6333/collections/law_with_e5_emb_not_finetune/points?wait=true "HTTP/1.1 200 OK"
2025-12-22 00:09:51,562 - INFO - PUT http://localhost:9200/_bulk [status:200 duration:0.061s]
2025-12-22 00:09:54,460 - INFO - HTTP Request: PUT http://localhost:6333/collections/law_with_bge_round1/points?wait=true "HTTP/1.1 200 OK"
2025-12-22 00:09:54,508 - INFO - HTTP Request: PUT http://localhost:6333/collections/law_with_e5_emb_not_finetune/points?wait=true "HTTP/1.1 200 OK"
2025-12-22 00:09:54,574 - INFO - PUT http://localhost:9200/_bulk [status:200 duration:0.060s]
2025-12-22 00:09:57,573 - INFO - HTTP Request: PUT http://localhost:6333/collections/law_with_bge_round1/points?wait=true "HTTP/1.1 200 OK"
2025-12-22 00:09:57,608 - INFO - HTTP Request: PUT http://localhost:6333/collections/law_with_e5_emb_not_finetune/points?wait=true "HTTP/1.1 200 OK"
2025-12-22 00:09:57,633 - INFO - PUT http://localhost:9200/_bulk [status:200 duration:0.021s]
2025-12-22 00:10:00,460 - INFO - HTTP Request: PUT http://localhost:6333/collections/law_with_bge_round1/points?wait=true "HTTP/1.1 200 OK"
2025-12-22 00:10:00,505 - INFO - HTTP Request: PUT http://localhost:6333/collections/law_with_e5_emb_not_finetune/points?wait=true "HTTP/1.1 200 OK"
2025-12-22 00:10:00,566 - INFO - PUT http://localhost:9200/_bulk [status:200 duration:0.057s]
2025-12-22 00:10:03,457 - INFO - HTTP Request: PUT http://localhost:6333/collections/law_with_bge_round1/points?wait=true "HTTP/1.1 200 OK"
2025-12-22 00:10:03,486 - INFO - HTTP Request: PUT http://localhost:6333/collections/law_with_e5_emb_not_finetune/points?wait=true "HTTP/1.1 200 OK"
2025-12-22 00:10:03,546 - INFO - PUT http://localhost:9200/_bulk [status:200 duration:0.056s]
2025-12-22 00:10:06,513 - INFO - HTTP Request: PUT http://localhost:6333/collections/law_with_bge_round1/points?wait=true "HTTP/1.1 200 OK"
2025-12-22 00:10:06,555 - INFO - HTTP Request: PUT http://localhost:6333/collections/law_with_e5_emb_not_finetune/points?wait=true "HTTP/1.1 200 OK"
2025-12-22 00:10:06,583 - INFO - PUT http://localhost:9200/_bulk [status:200 duration:0.023s]
2025-12-22 00:10:09,458 - INFO - HTTP Request: PUT http://localhost:6333/collections/law_with_bge_round1/points?wait=true "HTTP/1.1 200 OK"
2025-12-22 00:10:09,531 - INFO - HTTP Request: PUT http://localhost:6333/collections/law_with_e5_emb_not_finetune/points?wait=true "HTTP/1.1 200 OK"
2025-12-22 00:10:09,593 - INFO - PUT http://localhost:9200/_bulk [status:200 duration:0.058s]
2025-12-22 00:10:12,362 - INFO - HTTP Request: PUT http://localhost:6333/collections/law_with_bge_round1/points?wait=true "HTTP/1.1 200 OK"
2025-12-22 00:10:12,434 - INFO - HTTP Request: PUT http://localhost:6333/collections/law_with_e5_emb_not_finetune/points?wait=true "HTTP/1.1 200 OK"
2025-12-22 00:10:12,488 - INFO - PUT http://localhost:9200/_bulk [status:200 duration:0.051s]
2025-12-22 00:10:15,260 - INFO - HTTP Request: PUT http://localhost:6333/collections/law_with_bge_round1/points?wait=true "HTTP/1.1 200 OK"
2025-12-22 00:10:15,287 - INFO - HTTP Request: PUT http://localhost:6333/collections/law_with_e5_emb_not_finetune/points?wait=true "HTTP/1.1 200 OK"
2025-12-22 00:10:15,349 - INFO - PUT http://localhost:9200/_bulk [status:200 duration:0.058s]
2025-12-22 00:10:18,093 - INFO - HTTP Request: PUT http://localhost:6333/collections/law_with_bge_round1/points?wait=true "HTTP/1.1 200 OK"
2025-12-22 00:10:18,145 - INFO - HTTP Request: PUT http://localhost:6333/collections/law_with_e5_emb_not_finetune/points?wait=true "HTTP/1.1 200 OK"
2025-12-22 00:10:18,206 - INFO - PUT http://localhost:9200/_bulk [status:200 duration:0.057s]
2025-12-22 00:10:21,037 - INFO - HTTP Request: PUT http://localhost:6333/collections/law_with_bge_round1/points?wait=true "HTTP/1.1 200 OK"
2025-12-22 00:10:21,071 - INFO - HTTP Request: PUT http://localhost:6333/collections/law_with_e5_emb_not_finetune/points?wait=true "HTTP/1.1 200 OK"
2025-12-22 00:10:21,136 - INFO - PUT http://localhost:9200/_bulk [status:200 duration:0.062s]
2025-12-22 00:10:24,073 - INFO - HTTP Request: PUT http://localhost:6333/collections/law_with_bge_round1/points?wait=true "HTTP/1.1 200 OK"
2025-12-22 00:10:24,104 - INFO - HTTP Request: PUT http://localhost:6333/collections/law_with_e5_emb_not_finetune/points?wait=true "HTTP/1.1 200 OK"
2025-12-22 00:10:24,165 - INFO - PUT http://localhost:9200/_bulk [status:200 duration:0.058s]
2025-12-22 00:10:26,690 - INFO - HTTP Request: PUT http://localhost:6333/collections/law_with_bge_round1/points?wait=true "HTTP/1.1 200 OK"
2025-12-22 00:10:26,726 - INFO - HTTP Request: PUT http://localhost:6333/collections/law_with_e5_emb_not_finetune/points?wait=true "HTTP/1.1 200 OK"
2025-12-22 00:10:26,785 - INFO - PUT http://localhost:9200/_bulk [status:200 duration:0.056s]
2025-12-22 00:10:29,637 - INFO - HTTP Request: PUT http://localhost:6333/collections/law_with_bge_round1/points?wait=true "HTTP/1.1 200 OK"
2025-12-22 00:10:29,694 - INFO - HTTP Request: PUT http://localhost:6333/collections/law_with_e5_emb_not_finetune/points?wait=true "HTTP/1.1 200 OK"
2025-12-22 00:10:29,754 - INFO - PUT http://localhost:9200/_bulk [status:200 duration:0.056s]
2025-12-22 00:10:32,625 - INFO - HTTP Request: PUT http://localhost:6333/collections/law_with_bge_round1/points?wait=true "HTTP/1.1 200 OK"
2025-12-22 00:10:32,713 - INFO - HTTP Request: PUT http://localhost:6333/collections/law_with_e5_emb_not_finetune/points?wait=true "HTTP/1.1 200 OK"
2025-12-22 00:10:32,774 - INFO - PUT http://localhost:9200/_bulk [status:200 duration:0.056s]
2025-12-22 00:10:35,654 - INFO - HTTP Request: PUT http://localhost:6333/collections/law_with_bge_round1/points?wait=true "HTTP/1.1 200 OK"
2025-12-22 00:10:35,684 - INFO - HTTP Request: PUT http://localhost:6333/collections/law_with_e5_emb_not_finetune/points?wait=true "HTTP/1.1 200 OK"
2025-12-22 00:10:35,744 - INFO - PUT http://localhost:9200/_bulk [status:200 duration:0.056s]
2025-12-22 00:10:38,660 - INFO - HTTP Request: PUT http://localhost:6333/collections/law_with_bge_round1/points?wait=true "HTTP/1.1 200 OK"
2025-12-22 00:10:38,704 - INFO - HTTP Request: PUT http://localhost:6333/collections/law_with_e5_emb_not_finetune/points?wait=true "HTTP/1.1 200 OK"
2025-12-22 00:10:38,768 - INFO - PUT http://localhost:9200/_bulk [status:200 duration:0.061s]
2025-12-22 00:10:41,720 - INFO - HTTP Request: PUT http://localhost:6333/collections/law_with_bge_round1/points?wait=true "HTTP/1.1 200 OK"
2025-12-22 00:10:41,762 - INFO - HTTP Request: PUT http://localhost:6333/collections/law_with_e5_emb_not_finetune/points?wait=true "HTTP/1.1 200 OK"
2025-12-22 00:10:41,824 - INFO - PUT http://localhost:9200/_bulk [status:200 duration:0.058s]
2025-12-22 00:10:44,733 - INFO - HTTP Request: PUT http://localhost:6333/collections/law_with_bge_round1/points?wait=true "HTTP/1.1 200 OK"
2025-12-22 00:10:44,778 - INFO - HTTP Request: PUT http://localhost:6333/collections/law_with_e5_emb_not_finetune/points?wait=true "HTTP/1.1 200 OK"
2025-12-22 00:10:44,843 - INFO - PUT http://localhost:9200/_bulk [status:200 duration:0.060s]
2025-12-22 00:10:47,666 - INFO - HTTP Request: PUT http://localhost:6333/collections/law_with_bge_round1/points?wait=true "HTTP/1.1 200 OK"
2025-12-22 00:10:47,697 - INFO - HTTP Request: PUT http://localhost:6333/collections/law_with_e5_emb_not_finetune/points?wait=true "HTTP/1.1 200 OK"
2025-12-22 00:10:47,757 - INFO - PUT http://localhost:9200/_bulk [status:200 duration:0.056s]
2025-12-22 00:10:50,572 - INFO - HTTP Request: PUT http://localhost:6333/collections/law_with_bge_round1/points?wait=true "HTTP/1.1 200 OK"
2025-12-22 00:10:50,601 - INFO - HTTP Request: PUT http://localhost:6333/collections/law_with_e5_emb_not_finetune/points?wait=true "HTTP/1.1 200 OK"
2025-12-22 00:10:50,666 - INFO - PUT http://localhost:9200/_bulk [status:200 duration:0.061s]
2025-12-22 00:10:53,653 - INFO - HTTP Request: PUT http://localhost:6333/collections/law_with_bge_round1/points?wait=true "HTTP/1.1 200 OK"
2025-12-22 00:10:53,741 - INFO - HTTP Request: PUT http://localhost:6333/collections/law_with_e5_emb_not_finetune/points?wait=true "HTTP/1.1 200 OK"
2025-12-22 00:10:53,800 - INFO - PUT http://localhost:9200/_bulk [status:200 duration:0.056s]
2025-12-22 00:10:56,638 - INFO - HTTP Request: PUT http://localhost:6333/collections/law_with_bge_round1/points?wait=true "HTTP/1.1 200 OK"
2025-12-22 00:10:56,671 - INFO - HTTP Request: PUT http://localhost:6333/collections/law_with_e5_emb_not_finetune/points?wait=true "HTTP/1.1 200 OK"
2025-12-22 00:10:56,735 - INFO - PUT http://localhost:9200/_bulk [status:200 duration:0.060s]
2025-12-22 00:10:58,699 - INFO - HTTP Request: PUT http://localhost:6333/collections/law_with_bge_round1/points?wait=true "HTTP/1.1 200 OK"
2025-12-22 00:10:58,750 - INFO - HTTP Request: PUT http://localhost:6333/collections/law_with_e5_emb_not_finetune/points?wait=true "HTTP/1.1 200 OK"
2025-12-22 00:10:58,816 - INFO - PUT http://localhost:9200/_bulk [status:200 duration:0.058s]
2025-12-22 00:11:01,710 - INFO - HTTP Request: PUT http://localhost:6333/collections/law_with_bge_round1/points?wait=true "HTTP/1.1 200 OK"
2025-12-22 00:11:01,745 - INFO - HTTP Request: PUT http://localhost:6333/collections/law_with_e5_emb_not_finetune/points?wait=true "HTTP/1.1 200 OK"
2025-12-22 00:11:01,824 - INFO - PUT http://localhost:9200/_bulk [status:200 duration:0.075s]
2025-12-22 00:11:04,806 - INFO - HTTP Request: PUT http://localhost:6333/collections/law_with_bge_round1/points?wait=true "HTTP/1.1 200 OK"
2025-12-22 00:11:04,835 - INFO - HTTP Request: PUT http://localhost:6333/collections/law_with_e5_emb_not_finetune/points?wait=true "HTTP/1.1 200 OK"
2025-12-22 00:11:04,897 - INFO - PUT http://localhost:9200/_bulk [status:200 duration:0.059s]
2025-12-22 00:11:07,827 - INFO - HTTP Request: PUT http://localhost:6333/collections/law_with_bge_round1/points?wait=true "HTTP/1.1 200 OK"
2025-12-22 00:11:07,876 - INFO - HTTP Request: PUT http://localhost:6333/collections/law_with_e5_emb_not_finetune/points?wait=true "HTTP/1.1 200 OK"
2025-12-22 00:11:07,899 - INFO - PUT http://localhost:9200/_bulk [status:200 duration:0.018s]
2025-12-22 00:11:10,935 - INFO - HTTP Request: PUT http://localhost:6333/collections/law_with_bge_round1/points?wait=true "HTTP/1.1 200 OK"
2025-12-22 00:11:10,985 - INFO - HTTP Request: PUT http://localhost:6333/collections/law_with_e5_emb_not_finetune/points?wait=true "HTTP/1.1 200 OK"
2025-12-22 00:11:11,047 - INFO - PUT http://localhost:9200/_bulk [status:200 duration:0.058s]
2025-12-22 00:11:13,110 - INFO - HTTP Request: PUT http://localhost:6333/collections/law_with_bge_round1/points?wait=true "HTTP/1.1 200 OK"
2025-12-22 00:11:13,162 - INFO - HTTP Request: PUT http://localhost:6333/collections/law_with_e5_emb_not_finetune/points?wait=true "HTTP/1.1 200 OK"
2025-12-22 00:11:13,230 - INFO - PUT http://localhost:9200/_bulk [status:200 duration:0.065s]
2025-12-22 00:11:16,209 - INFO - HTTP Request: PUT http://localhost:6333/collections/law_with_bge_round1/points?wait=true "HTTP/1.1 200 OK"
2025-12-22 00:11:16,282 - INFO - HTTP Request: PUT http://localhost:6333/collections/law_with_e5_emb_not_finetune/points?wait=true "HTTP/1.1 200 OK"
2025-12-22 00:11:16,314 - INFO - PUT http://localhost:9200/_bulk [status:200 duration:0.028s]
2025-12-22 00:11:19,163 - INFO - HTTP Request: PUT http://localhost:6333/collections/law_with_bge_round1/points?wait=true "HTTP/1.1 200 OK"
2025-12-22 00:11:19,206 - INFO - HTTP Request: PUT http://localhost:6333/collections/law_with_e5_emb_not_finetune/points?wait=true "HTTP/1.1 200 OK"
2025-12-22 00:11:19,266 - INFO - PUT http://localhost:9200/_bulk [status:200 duration:0.057s]
2025-12-22 00:11:22,142 - INFO - HTTP Request: PUT http://localhost:6333/collections/law_with_bge_round1/points?wait=true "HTTP/1.1 200 OK"
2025-12-22 00:11:22,188 - INFO - HTTP Request: PUT http://localhost:6333/collections/law_with_e5_emb_not_finetune/points?wait=true "HTTP/1.1 200 OK"
2025-12-22 00:11:22,245 - INFO - PUT http://localhost:9200/_bulk [status:200 duration:0.054s]
2025-12-22 00:11:25,086 - INFO - HTTP Request: PUT http://localhost:6333/collections/law_with_bge_round1/points?wait=true "HTTP/1.1 200 OK"
2025-12-22 00:11:25,118 - INFO - HTTP Request: PUT http://localhost:6333/collections/law_with_e5_emb_not_finetune/points?wait=true "HTTP/1.1 200 OK"
2025-12-22 00:11:25,137 - INFO - PUT http://localhost:9200/_bulk [status:200 duration:0.016s]
2025-12-22 00:11:28,022 - INFO - HTTP Request: PUT http://localhost:6333/collections/law_with_bge_round1/points?wait=true "HTTP/1.1 200 OK"
2025-12-22 00:11:28,120 - INFO - HTTP Request: PUT http://localhost:6333/collections/law_with_e5_emb_not_finetune/points?wait=true "HTTP/1.1 200 OK"
2025-12-22 00:11:28,197 - INFO - PUT http://localhost:9200/_bulk [status:200 duration:0.072s]
2025-12-22 00:11:31,058 - INFO - HTTP Request: PUT http://localhost:6333/collections/law_with_bge_round1/points?wait=true "HTTP/1.1 200 OK"
2025-12-22 00:11:31,089 - INFO - HTTP Request: PUT http://localhost:6333/collections/law_with_e5_emb_not_finetune/points?wait=true "HTTP/1.1 200 OK"
2025-12-22 00:11:31,149 - INFO - PUT http://localhost:9200/_bulk [status:200 duration:0.057s]
2025-12-22 00:11:34,060 - INFO - HTTP Request: PUT http://localhost:6333/collections/law_with_bge_round1/points?wait=true "HTTP/1.1 200 OK"
2025-12-22 00:11:34,105 - INFO - HTTP Request: PUT http://localhost:6333/collections/law_with_e5_emb_not_finetune/points?wait=true "HTTP/1.1 200 OK"
2025-12-22 00:11:34,164 - INFO - PUT http://localhost:9200/_bulk [status:200 duration:0.055s]
2025-12-22 00:11:37,059 - INFO - HTTP Request: PUT http://localhost:6333/collections/law_with_bge_round1/points?wait=true "HTTP/1.1 200 OK"
2025-12-22 00:11:37,097 - INFO - HTTP Request: PUT http://localhost:6333/collections/law_with_e5_emb_not_finetune/points?wait=true "HTTP/1.1 200 OK"
2025-12-22 00:11:37,156 - INFO - PUT http://localhost:9200/_bulk [status:200 duration:0.056s]
2025-12-22 00:11:40,043 - INFO - HTTP Request: PUT http://localhost:6333/collections/law_with_bge_round1/points?wait=true "HTTP/1.1 200 OK"
2025-12-22 00:11:40,103 - INFO - HTTP Request: PUT http://localhost:6333/collections/law_with_e5_emb_not_finetune/points?wait=true "HTTP/1.1 200 OK"
2025-12-22 00:11:40,161 - INFO - PUT http://localhost:9200/_bulk [status:200 duration:0.055s]
2025-12-22 00:11:43,013 - INFO - HTTP Request: PUT http://localhost:6333/collections/law_with_bge_round1/points?wait=true "HTTP/1.1 200 OK"
2025-12-22 00:11:43,057 - INFO - HTTP Request: PUT http://localhost:6333/collections/law_with_e5_emb_not_finetune/points?wait=true "HTTP/1.1 200 OK"
2025-12-22 00:11:43,120 - INFO - PUT http://localhost:9200/_bulk [status:200 duration:0.060s]
2025-12-22 00:11:45,901 - INFO - HTTP Request: PUT http://localhost:6333/collections/law_with_bge_round1/points?wait=true "HTTP/1.1 200 OK"
2025-12-22 00:11:45,926 - INFO - HTTP Request: PUT http://localhost:6333/collections/law_with_e5_emb_not_finetune/points?wait=true "HTTP/1.1 200 OK"
2025-12-22 00:11:45,984 - INFO - PUT http://localhost:9200/_bulk [status:200 duration:0.056s]
2025-12-22 00:11:48,743 - INFO - HTTP Request: PUT http://localhost:6333/collections/law_with_bge_round1/points?wait=true "HTTP/1.1 200 OK"
2025-12-22 00:11:48,770 - INFO - HTTP Request: PUT http://localhost:6333/collections/law_with_e5_emb_not_finetune/points?wait=true "HTTP/1.1 200 OK"
2025-12-22 00:11:48,788 - INFO - PUT http://localhost:9200/_bulk [status:200 duration:0.017s]
2025-12-22 00:11:51,628 - INFO - HTTP Request: PUT http://localhost:6333/collections/law_with_bge_round1/points?wait=true "HTTP/1.1 200 OK"
2025-12-22 00:11:51,657 - INFO - HTTP Request: PUT http://localhost:6333/collections/law_with_e5_emb_not_finetune/points?wait=true "HTTP/1.1 200 OK"
2025-12-22 00:11:51,687 - INFO - PUT http://localhost:9200/_bulk [status:200 duration:0.026s]
2025-12-22 00:11:54,592 - INFO - HTTP Request: PUT http://localhost:6333/collections/law_with_bge_round1/points?wait=true "HTTP/1.1 200 OK"
2025-12-22 00:11:54,624 - INFO - HTTP Request: PUT http://localhost:6333/collections/law_with_e5_emb_not_finetune/points?wait=true "HTTP/1.1 200 OK"
2025-12-22 00:11:54,640 - INFO - PUT http://localhost:9200/_bulk [status:200 duration:0.014s]
2025-12-22 00:11:57,460 - INFO - HTTP Request: PUT http://localhost:6333/collections/law_with_bge_round1/points?wait=true "HTTP/1.1 200 OK"
2025-12-22 00:11:57,483 - INFO - HTTP Request: PUT http://localhost:6333/collections/law_with_e5_emb_not_finetune/points?wait=true "HTTP/1.1 200 OK"
2025-12-22 00:11:57,541 - INFO - PUT http://localhost:9200/_bulk [status:200 duration:0.055s]
2025-12-22 00:12:00,427 - INFO - HTTP Request: PUT http://localhost:6333/collections/law_with_bge_round1/points?wait=true "HTTP/1.1 200 OK"
2025-12-22 00:12:00,450 - INFO - HTTP Request: PUT http://localhost:6333/collections/law_with_e5_emb_not_finetune/points?wait=true "HTTP/1.1 200 OK"
2025-12-22 00:12:00,522 - INFO - PUT http://localhost:9200/_bulk [status:200 duration:0.069s]
2025-12-22 00:12:03,398 - INFO - HTTP Request: PUT http://localhost:6333/collections/law_with_bge_round1/points?wait=true "HTTP/1.1 200 OK"
2025-12-22 00:12:03,443 - INFO - HTTP Request: PUT http://localhost:6333/collections/law_with_e5_emb_not_finetune/points?wait=true "HTTP/1.1 200 OK"
2025-12-22 00:12:03,499 - INFO - PUT http://localhost:9200/_bulk [status:200 duration:0.054s]
2025-12-22 00:12:06,384 - INFO - HTTP Request: PUT http://localhost:6333/collections/law_with_bge_round1/points?wait=true "HTTP/1.1 200 OK"
2025-12-22 00:12:06,440 - INFO - HTTP Request: PUT http://localhost:6333/collections/law_with_e5_emb_not_finetune/points?wait=true "HTTP/1.1 200 OK"
2025-12-22 00:12:06,455 - INFO - PUT http://localhost:9200/_bulk [status:200 duration:0.012s]
2025-12-22 00:12:09,262 - INFO - HTTP Request: PUT http://localhost:6333/collections/law_with_bge_round1/points?wait=true "HTTP/1.1 200 OK"
2025-12-22 00:12:09,323 - INFO - HTTP Request: PUT http://localhost:6333/collections/law_with_e5_emb_not_finetune/points?wait=true "HTTP/1.1 200 OK"
2025-12-22 00:12:09,383 - INFO - PUT http://localhost:9200/_bulk [status:200 duration:0.056s]
2025-12-22 00:12:12,269 - INFO - HTTP Request: PUT http://localhost:6333/collections/law_with_bge_round1/points?wait=true "HTTP/1.1 200 OK"
2025-12-22 00:12:12,293 - INFO - HTTP Request: PUT http://localhost:6333/collections/law_with_e5_emb_not_finetune/points?wait=true "HTTP/1.1 200 OK"
2025-12-22 00:12:12,351 - INFO - PUT http://localhost:9200/_bulk [status:200 duration:0.055s]
2025-12-22 00:12:15,183 - INFO - HTTP Request: PUT http://localhost:6333/collections/law_with_bge_round1/points?wait=true "HTTP/1.1 200 OK"
2025-12-22 00:12:15,218 - INFO - HTTP Request: PUT http://localhost:6333/collections/law_with_e5_emb_not_finetune/points?wait=true "HTTP/1.1 200 OK"
2025-12-22 00:12:15,275 - INFO - PUT http://localhost:9200/_bulk [status:200 duration:0.054s]
2025-12-22 00:12:17,608 - INFO - HTTP Request: PUT http://localhost:6333/collections/law_with_bge_round1/points?wait=true "HTTP/1.1 200 OK"
2025-12-22 00:12:17,632 - INFO - HTTP Request: PUT http://localhost:6333/collections/law_with_e5_emb_not_finetune/points?wait=true "HTTP/1.1 200 OK"
2025-12-22 00:12:17,691 - INFO - PUT http://localhost:9200/_bulk [status:200 duration:0.057s]
2025-12-22 00:12:19,646 - INFO - HTTP Request: PUT http://localhost:6333/collections/law_with_bge_round1/points?wait=true "HTTP/1.1 200 OK"
2025-12-22 00:12:19,672 - INFO - HTTP Request: PUT http://localhost:6333/collections/law_with_e5_emb_not_finetune/points?wait=true "HTTP/1.1 200 OK"
2025-12-22 00:12:19,732 - INFO - PUT http://localhost:9200/_bulk [status:200 duration:0.058s]
2025-12-22 00:12:22,524 - INFO - HTTP Request: PUT http://localhost:6333/collections/law_with_bge_round1/points?wait=true "HTTP/1.1 200 OK"
2025-12-22 00:12:22,577 - INFO - HTTP Request: PUT http://localhost:6333/collections/law_with_e5_emb_not_finetune/points?wait=true "HTTP/1.1 200 OK"
2025-12-22 00:12:22,639 - INFO - PUT http://localhost:9200/_bulk [status:200 duration:0.057s]
2025-12-22 00:12:25,484 - INFO - HTTP Request: PUT http://localhost:6333/collections/law_with_bge_round1/points?wait=true "HTTP/1.1 200 OK"
2025-12-22 00:12:25,526 - INFO - HTTP Request: PUT http://localhost:6333/collections/law_with_e5_emb_not_finetune/points?wait=true "HTTP/1.1 200 OK"
2025-12-22 00:12:25,588 - INFO - PUT http://localhost:9200/_bulk [status:200 duration:0.058s]
2025-12-22 00:12:28,414 - INFO - HTTP Request: PUT http://localhost:6333/collections/law_with_bge_round1/points?wait=true "HTTP/1.1 200 OK"
2025-12-22 00:12:28,440 - INFO - HTTP Request: PUT http://localhost:6333/collections/law_with_e5_emb_not_finetune/points?wait=true "HTTP/1.1 200 OK"
2025-12-22 00:12:28,496 - INFO - PUT http://localhost:9200/_bulk [status:200 duration:0.052s]
2025-12-22 00:12:31,249 - INFO - HTTP Request: PUT http://localhost:6333/collections/law_with_bge_round1/points?wait=true "HTTP/1.1 200 OK"
2025-12-22 00:12:31,275 - INFO - HTTP Request: PUT http://localhost:6333/collections/law_with_e5_emb_not_finetune/points?wait=true "HTTP/1.1 200 OK"
2025-12-22 00:12:31,291 - INFO - PUT http://localhost:9200/_bulk [status:200 duration:0.013s]
2025-12-22 00:12:34,129 - INFO - HTTP Request: PUT http://localhost:6333/collections/law_with_bge_round1/points?wait=true "HTTP/1.1 200 OK"
2025-12-22 00:12:34,155 - INFO - HTTP Request: PUT http://localhost:6333/collections/law_with_e5_emb_not_finetune/points?wait=true "HTTP/1.1 200 OK"
2025-12-22 00:12:34,225 - INFO - PUT http://localhost:9200/_bulk [status:200 duration:0.067s]
2025-12-22 00:12:37,136 - INFO - HTTP Request: PUT http://localhost:6333/collections/law_with_bge_round1/points?wait=true "HTTP/1.1 200 OK"
2025-12-22 00:12:37,160 - INFO - HTTP Request: PUT http://localhost:6333/collections/law_with_e5_emb_not_finetune/points?wait=true "HTTP/1.1 200 OK"
2025-12-22 00:12:37,216 - INFO - PUT http://localhost:9200/_bulk [status:200 duration:0.052s]
2025-12-22 00:12:39,985 - INFO - HTTP Request: PUT http://localhost:6333/collections/law_with_bge_round1/points?wait=true "HTTP/1.1 200 OK"
2025-12-22 00:12:40,010 - INFO - HTTP Request: PUT http://localhost:6333/collections/law_with_e5_emb_not_finetune/points?wait=true "HTTP/1.1 200 OK"
2025-12-22 00:12:40,072 - INFO - PUT http://localhost:9200/_bulk [status:200 duration:0.059s]
2025-12-22 00:12:42,943 - INFO - HTTP Request: PUT http://localhost:6333/collections/law_with_bge_round1/points?wait=true "HTTP/1.1 200 OK"
2025-12-22 00:12:42,969 - INFO - HTTP Request: PUT http://localhost:6333/collections/law_with_e5_emb_not_finetune/points?wait=true "HTTP/1.1 200 OK"
2025-12-22 00:12:43,026 - INFO - PUT http://localhost:9200/_bulk [status:200 duration:0.054s]
2025-12-22 00:12:45,874 - INFO - HTTP Request: PUT http://localhost:6333/collections/law_with_bge_round1/points?wait=true "HTTP/1.1 200 OK"
2025-12-22 00:12:45,919 - INFO - HTTP Request: PUT http://localhost:6333/collections/law_with_e5_emb_not_finetune/points?wait=true "HTTP/1.1 200 OK"
2025-12-22 00:12:45,974 - INFO - PUT http://localhost:9200/_bulk [status:200 duration:0.052s]
2025-12-22 00:12:48,835 - INFO - HTTP Request: PUT http://localhost:6333/collections/law_with_bge_round1/points?wait=true "HTTP/1.1 200 OK"
2025-12-22 00:12:48,897 - INFO - HTTP Request: PUT http://localhost:6333/collections/law_with_e5_emb_not_finetune/points?wait=true "HTTP/1.1 200 OK"
2025-12-22 00:12:49,099 - INFO - PUT http://localhost:9200/_bulk [status:200 duration:0.199s]
2025-12-22 00:12:52,040 - INFO - HTTP Request: PUT http://localhost:6333/collections/law_with_bge_round1/points?wait=true "HTTP/1.1 200 OK"
2025-12-22 00:12:52,065 - INFO - HTTP Request: PUT http://localhost:6333/collections/law_with_e5_emb_not_finetune/points?wait=true "HTTP/1.1 200 OK"
2025-12-22 00:12:52,077 - INFO - PUT http://localhost:9200/_bulk [status:200 duration:0.007s]
2025-12-22 00:12:54,901 - INFO - HTTP Request: PUT http://localhost:6333/collections/law_with_bge_round1/points?wait=true "HTTP/1.1 200 OK"
2025-12-22 00:12:54,927 - INFO - HTTP Request: PUT http://localhost:6333/collections/law_with_e5_emb_not_finetune/points?wait=true "HTTP/1.1 200 OK"
2025-12-22 00:12:54,978 - INFO - PUT http://localhost:9200/_bulk [status:200 duration:0.049s]
2025-12-22 00:12:57,903 - INFO - HTTP Request: PUT http://localhost:6333/collections/law_with_bge_round1/points?wait=true "HTTP/1.1 200 OK"
2025-12-22 00:12:57,947 - INFO - HTTP Request: PUT http://localhost:6333/collections/law_with_e5_emb_not_finetune/points?wait=true "HTTP/1.1 200 OK"
2025-12-22 00:12:58,002 - INFO - PUT http://localhost:9200/_bulk [status:200 duration:0.053s]
2025-12-22 00:13:00,887 - INFO - HTTP Request: PUT http://localhost:6333/collections/law_with_bge_round1/points?wait=true "HTTP/1.1 200 OK"
2025-12-22 00:13:00,912 - INFO - HTTP Request: PUT http://localhost:6333/collections/law_with_e5_emb_not_finetune/points?wait=true "HTTP/1.1 200 OK"
2025-12-22 00:13:00,968 - INFO - PUT http://localhost:9200/_bulk [status:200 duration:0.053s]
2025-12-22 00:13:03,860 - INFO - HTTP Request: PUT http://localhost:6333/collections/law_with_bge_round1/points?wait=true "HTTP/1.1 200 OK"
2025-12-22 00:13:03,897 - INFO - HTTP Request: PUT http://localhost:6333/collections/law_with_e5_emb_not_finetune/points?wait=true "HTTP/1.1 200 OK"
2025-12-22 00:13:03,952 - INFO - PUT http://localhost:9200/_bulk [status:200 duration:0.052s]
2025-12-22 00:13:06,922 - INFO - HTTP Request: PUT http://localhost:6333/collections/law_with_bge_round1/points?wait=true "HTTP/1.1 200 OK"
2025-12-22 00:13:06,954 - INFO - HTTP Request: PUT http://localhost:6333/collections/law_with_e5_emb_not_finetune/points?wait=true "HTTP/1.1 200 OK"
2025-12-22 00:13:06,971 - INFO - PUT http://localhost:9200/_bulk [status:200 duration:0.012s]
2025-12-22 00:13:09,867 - INFO - HTTP Request: PUT http://localhost:6333/collections/law_with_bge_round1/points?wait=true "HTTP/1.1 200 OK"
2025-12-22 00:13:09,902 - INFO - HTTP Request: PUT http://localhost:6333/collections/law_with_e5_emb_not_finetune/points?wait=true "HTTP/1.1 200 OK"
2025-12-22 00:13:09,959 - INFO - PUT http://localhost:9200/_bulk [status:200 duration:0.054s]
2025-12-22 00:13:12,953 - INFO - HTTP Request: PUT http://localhost:6333/collections/law_with_bge_round1/points?wait=true "HTTP/1.1 200 OK"
2025-12-22 00:13:12,984 - INFO - HTTP Request: PUT http://localhost:6333/collections/law_with_e5_emb_not_finetune/points?wait=true "HTTP/1.1 200 OK"
2025-12-22 00:13:12,998 - INFO - PUT http://localhost:9200/_bulk [status:200 duration:0.010s]
2025-12-22 00:13:15,964 - INFO - HTTP Request: PUT http://localhost:6333/collections/law_with_bge_round1/points?wait=true "HTTP/1.1 200 OK"
2025-12-22 00:13:16,000 - INFO - HTTP Request: PUT http://localhost:6333/collections/law_with_e5_emb_not_finetune/points?wait=true "HTTP/1.1 200 OK"
2025-12-22 00:13:16,012 - INFO - PUT http://localhost:9200/_bulk [status:200 duration:0.009s]
2025-12-22 00:13:18,988 - INFO - HTTP Request: PUT http://localhost:6333/collections/law_with_bge_round1/points?wait=true "HTTP/1.1 200 OK"
2025-12-22 00:13:19,019 - INFO - HTTP Request: PUT http://localhost:6333/collections/law_with_e5_emb_not_finetune/points?wait=true "HTTP/1.1 200 OK"
2025-12-22 00:13:19,082 - INFO - PUT http://localhost:9200/_bulk [status:200 duration:0.059s]
2025-12-22 00:13:21,083 - INFO - HTTP Request: PUT http://localhost:6333/collections/law_with_bge_round1/points?wait=true "HTTP/1.1 200 OK"
2025-12-22 00:13:21,194 - INFO - HTTP Request: PUT http://localhost:6333/collections/law_with_e5_emb_not_finetune/points?wait=true "HTTP/1.1 200 OK"
2025-12-22 00:13:21,252 - INFO - PUT http://localhost:9200/_bulk [status:200 duration:0.054s]
2025-12-22 00:13:24,227 - INFO - HTTP Request: PUT http://localhost:6333/collections/law_with_bge_round1/points?wait=true "HTTP/1.1 200 OK"
2025-12-22 00:13:24,259 - INFO - HTTP Request: PUT http://localhost:6333/collections/law_with_e5_emb_not_finetune/points?wait=true "HTTP/1.1 200 OK"
2025-12-22 00:13:24,316 - INFO - PUT http://localhost:9200/_bulk [status:200 duration:0.055s]
2025-12-22 00:13:27,200 - INFO - HTTP Request: PUT http://localhost:6333/collections/law_with_bge_round1/points?wait=true "HTTP/1.1 200 OK"
2025-12-22 00:13:27,224 - INFO - HTTP Request: PUT http://localhost:6333/collections/law_with_e5_emb_not_finetune/points?wait=true "HTTP/1.1 200 OK"
2025-12-22 00:13:27,286 - INFO - PUT http://localhost:9200/_bulk [status:200 duration:0.058s]
2025-12-22 00:13:30,158 - INFO - HTTP Request: PUT http://localhost:6333/collections/law_with_bge_round1/points?wait=true "HTTP/1.1 200 OK"
2025-12-22 00:13:30,184 - INFO - HTTP Request: PUT http://localhost:6333/collections/law_with_e5_emb_not_finetune/points?wait=true "HTTP/1.1 200 OK"
2025-12-22 00:13:30,239 - INFO - PUT http://localhost:9200/_bulk [status:200 duration:0.053s]
2025-12-22 00:13:33,087 - INFO - HTTP Request: PUT http://localhost:6333/collections/law_with_bge_round1/points?wait=true "HTTP/1.1 200 OK"
2025-12-22 00:13:33,137 - INFO - HTTP Request: PUT http://localhost:6333/collections/law_with_e5_emb_not_finetune/points?wait=true "HTTP/1.1 200 OK"
2025-12-22 00:13:33,191 - INFO - PUT http://localhost:9200/_bulk [status:200 duration:0.052s]
2025-12-22 00:13:36,007 - INFO - HTTP Request: PUT http://localhost:6333/collections/law_with_bge_round1/points?wait=true "HTTP/1.1 200 OK"
2025-12-22 00:13:36,066 - INFO - HTTP Request: PUT http://localhost:6333/collections/law_with_e5_emb_not_finetune/points?wait=true "HTTP/1.1 200 OK"
2025-12-22 00:13:36,124 - INFO - PUT http://localhost:9200/_bulk [status:200 duration:0.055s]
2025-12-22 00:13:39,017 - INFO - HTTP Request: PUT http://localhost:6333/collections/law_with_bge_round1/points?wait=true "HTTP/1.1 200 OK"
2025-12-22 00:13:39,074 - INFO - HTTP Request: PUT http://localhost:6333/collections/law_with_e5_emb_not_finetune/points?wait=true "HTTP/1.1 200 OK"
2025-12-22 00:13:39,133 - INFO - PUT http://localhost:9200/_bulk [status:200 duration:0.056s]
2025-12-22 00:13:40,878 - INFO - HTTP Request: PUT http://localhost:6333/collections/law_with_bge_round1/points?wait=true "HTTP/1.1 200 OK"
2025-12-22 00:13:40,905 - INFO - HTTP Request: PUT http://localhost:6333/collections/law_with_e5_emb_not_finetune/points?wait=true "HTTP/1.1 200 OK"
2025-12-22 00:13:40,959 - INFO - PUT http://localhost:9200/_bulk [status:200 duration:0.052s]
2025-12-22 00:13:43,795 - INFO - HTTP Request: PUT http://localhost:6333/collections/law_with_bge_round1/points?wait=true "HTTP/1.1 200 OK"
2025-12-22 00:13:43,819 - INFO - HTTP Request: PUT http://localhost:6333/collections/law_with_e5_emb_not_finetune/points?wait=true "HTTP/1.1 200 OK"
2025-12-22 00:13:43,877 - INFO - PUT http://localhost:9200/_bulk [status:200 duration:0.053s]
2025-12-22 00:13:46,697 - INFO - HTTP Request: PUT http://localhost:6333/collections/law_with_bge_round1/points?wait=true "HTTP/1.1 200 OK"
2025-12-22 00:13:46,722 - INFO - HTTP Request: PUT http://localhost:6333/collections/law_with_e5_emb_not_finetune/points?wait=true "HTTP/1.1 200 OK"
2025-12-22 00:13:46,737 - INFO - PUT http://localhost:9200/_bulk [status:200 duration:0.012s]
2025-12-22 00:13:49,727 - INFO - HTTP Request: PUT http://localhost:6333/collections/law_with_bge_round1/points?wait=true "HTTP/1.1 200 OK"
2025-12-22 00:13:49,755 - INFO - HTTP Request: PUT http://localhost:6333/collections/law_with_e5_emb_not_finetune/points?wait=true "HTTP/1.1 200 OK"
2025-12-22 00:13:49,769 - INFO - PUT http://localhost:9200/_bulk [status:200 duration:0.011s]
2025-12-22 00:13:52,657 - INFO - HTTP Request: PUT http://localhost:6333/collections/law_with_bge_round1/points?wait=true "HTTP/1.1 200 OK"
2025-12-22 00:13:52,701 - INFO - HTTP Request: PUT http://localhost:6333/collections/law_with_e5_emb_not_finetune/points?wait=true "HTTP/1.1 200 OK"
2025-12-22 00:13:52,715 - INFO - PUT http://localhost:9200/_bulk [status:200 duration:0.011s]
2025-12-22 00:13:55,539 - INFO - HTTP Request: PUT http://localhost:6333/collections/law_with_bge_round1/points?wait=true "HTTP/1.1 200 OK"
2025-12-22 00:13:55,565 - INFO - HTTP Request: PUT http://localhost:6333/collections/law_with_e5_emb_not_finetune/points?wait=true "HTTP/1.1 200 OK"
2025-12-22 00:13:55,577 - INFO - PUT http://localhost:9200/_bulk [status:200 duration:0.009s]
2025-12-22 00:13:58,377 - INFO - HTTP Request: PUT http://localhost:6333/collections/law_with_bge_round1/points?wait=true "HTTP/1.1 200 OK"
2025-12-22 00:13:58,435 - INFO - HTTP Request: PUT http://localhost:6333/collections/law_with_e5_emb_not_finetune/points?wait=true "HTTP/1.1 200 OK"
2025-12-22 00:13:58,500 - INFO - PUT http://localhost:9200/_bulk [status:200 duration:0.059s]
2025-12-22 00:14:01,400 - INFO - HTTP Request: PUT http://localhost:6333/collections/law_with_bge_round1/points?wait=true "HTTP/1.1 200 OK"
2025-12-22 00:14:01,428 - INFO - HTTP Request: PUT http://localhost:6333/collections/law_with_e5_emb_not_finetune/points?wait=true "HTTP/1.1 200 OK"
2025-12-22 00:14:01,441 - INFO - PUT http://localhost:9200/_bulk [status:200 duration:0.011s]
2025-12-22 00:14:04,394 - INFO - HTTP Request: PUT http://localhost:6333/collections/law_with_bge_round1/points?wait=true "HTTP/1.1 200 OK"
2025-12-22 00:14:04,421 - INFO - HTTP Request: PUT http://localhost:6333/collections/law_with_e5_emb_not_finetune/points?wait=true "HTTP/1.1 200 OK"
2025-12-22 00:14:04,483 - INFO - PUT http://localhost:9200/_bulk [status:200 duration:0.059s]
2025-12-22 00:14:07,414 - INFO - HTTP Request: PUT http://localhost:6333/collections/law_with_bge_round1/points?wait=true "HTTP/1.1 200 OK"
2025-12-22 00:14:07,443 - INFO - HTTP Request: PUT http://localhost:6333/collections/law_with_e5_emb_not_finetune/points?wait=true "HTTP/1.1 200 OK"
2025-12-22 00:14:07,499 - INFO - PUT http://localhost:9200/_bulk [status:200 duration:0.053s]
2025-12-22 00:14:10,388 - INFO - HTTP Request: PUT http://localhost:6333/collections/law_with_bge_round1/points?wait=true "HTTP/1.1 200 OK"
2025-12-22 00:14:10,459 - INFO - HTTP Request: PUT http://localhost:6333/collections/law_with_e5_emb_not_finetune/points?wait=true "HTTP/1.1 200 OK"
2025-12-22 00:14:10,473 - INFO - PUT http://localhost:9200/_bulk [status:200 duration:0.011s]
2025-12-22 00:14:13,326 - INFO - HTTP Request: PUT http://localhost:6333/collections/law_with_bge_round1/points?wait=true "HTTP/1.1 200 OK"
2025-12-22 00:14:13,352 - INFO - HTTP Request: PUT http://localhost:6333/collections/law_with_e5_emb_not_finetune/points?wait=true "HTTP/1.1 200 OK"
2025-12-22 00:14:13,407 - INFO - PUT http://localhost:9200/_bulk [status:200 duration:0.053s]
2025-12-22 00:14:16,289 - INFO - HTTP Request: PUT http://localhost:6333/collections/law_with_bge_round1/points?wait=true "HTTP/1.1 200 OK"
2025-12-22 00:14:16,315 - INFO - HTTP Request: PUT http://localhost:6333/collections/law_with_e5_emb_not_finetune/points?wait=true "HTTP/1.1 200 OK"
2025-12-22 00:14:16,370 - INFO - PUT http://localhost:9200/_bulk [status:200 duration:0.053s]
2025-12-22 00:14:19,283 - INFO - HTTP Request: PUT http://localhost:6333/collections/law_with_bge_round1/points?wait=true "HTTP/1.1 200 OK"
2025-12-22 00:14:19,337 - INFO - HTTP Request: PUT http://localhost:6333/collections/law_with_e5_emb_not_finetune/points?wait=true "HTTP/1.1 200 OK"
2025-12-22 00:14:19,397 - INFO - PUT http://localhost:9200/_bulk [status:200 duration:0.055s]
2025-12-22 00:14:22,275 - INFO - HTTP Request: PUT http://localhost:6333/collections/law_with_bge_round1/points?wait=true "HTTP/1.1 200 OK"
2025-12-22 00:14:22,346 - INFO - HTTP Request: PUT http://localhost:6333/collections/law_with_e5_emb_not_finetune/points?wait=true "HTTP/1.1 200 OK"
2025-12-22 00:14:22,404 - INFO - PUT http://localhost:9200/_bulk [status:200 duration:0.055s]
2025-12-22 00:14:25,307 - INFO - HTTP Request: PUT http://localhost:6333/collections/law_with_bge_round1/points?wait=true "HTTP/1.1 200 OK"
2025-12-22 00:14:25,372 - INFO - HTTP Request: PUT http://localhost:6333/collections/law_with_e5_emb_not_finetune/points?wait=true "HTTP/1.1 200 OK"
2025-12-22 00:14:25,433 - INFO - PUT http://localhost:9200/_bulk [status:200 duration:0.058s]
2025-12-22 00:14:28,271 - INFO - HTTP Request: PUT http://localhost:6333/collections/law_with_bge_round1/points?wait=true "HTTP/1.1 200 OK"
2025-12-22 00:14:28,296 - INFO - HTTP Request: PUT http://localhost:6333/collections/law_with_e5_emb_not_finetune/points?wait=true "HTTP/1.1 200 OK"
2025-12-22 00:14:28,362 - INFO - PUT http://localhost:9200/_bulk [status:200 duration:0.063s]
2025-12-22 00:14:31,253 - INFO - HTTP Request: PUT http://localhost:6333/collections/law_with_bge_round1/points?wait=true "HTTP/1.1 200 OK"
2025-12-22 00:14:31,295 - INFO - HTTP Request: PUT http://localhost:6333/collections/law_with_e5_emb_not_finetune/points?wait=true "HTTP/1.1 200 OK"
2025-12-22 00:14:31,315 - INFO - PUT http://localhost:9200/_bulk [status:200 duration:0.017s]
2025-12-22 00:14:34,206 - INFO - HTTP Request: PUT http://localhost:6333/collections/law_with_bge_round1/points?wait=true "HTTP/1.1 200 OK"
2025-12-22 00:14:34,260 - INFO - HTTP Request: PUT http://localhost:6333/collections/law_with_e5_emb_not_finetune/points?wait=true "HTTP/1.1 200 OK"
2025-12-22 00:14:34,272 - INFO - PUT http://localhost:9200/_bulk [status:200 duration:0.009s]
2025-12-22 00:14:37,203 - INFO - HTTP Request: PUT http://localhost:6333/collections/law_with_bge_round1/points?wait=true "HTTP/1.1 200 OK"
2025-12-22 00:14:37,247 - INFO - HTTP Request: PUT http://localhost:6333/collections/law_with_e5_emb_not_finetune/points?wait=true "HTTP/1.1 200 OK"
2025-12-22 00:14:37,260 - INFO - PUT http://localhost:9200/_bulk [status:200 duration:0.011s]
2025-12-22 00:14:40,219 - INFO - HTTP Request: PUT http://localhost:6333/collections/law_with_bge_round1/points?wait=true "HTTP/1.1 200 OK"
2025-12-22 00:14:40,247 - INFO - HTTP Request: PUT http://localhost:6333/collections/law_with_e5_emb_not_finetune/points?wait=true "HTTP/1.1 200 OK"
2025-12-22 00:14:40,313 - INFO - PUT http://localhost:9200/_bulk [status:200 duration:0.062s]
2025-12-22 00:14:43,138 - INFO - HTTP Request: PUT http://localhost:6333/collections/law_with_bge_round1/points?wait=true "HTTP/1.1 200 OK"
2025-12-22 00:14:43,181 - INFO - HTTP Request: PUT http://localhost:6333/collections/law_with_e5_emb_not_finetune/points?wait=true "HTTP/1.1 200 OK"
2025-12-22 00:14:43,239 - INFO - PUT http://localhost:9200/_bulk [status:200 duration:0.056s]
2025-12-22 00:14:46,098 - INFO - HTTP Request: PUT http://localhost:6333/collections/law_with_bge_round1/points?wait=true "HTTP/1.1 200 OK"
2025-12-22 00:14:46,141 - INFO - HTTP Request: PUT http://localhost:6333/collections/law_with_e5_emb_not_finetune/points?wait=true "HTTP/1.1 200 OK"
2025-12-22 00:14:46,198 - INFO - PUT http://localhost:9200/_bulk [status:200 duration:0.054s]
2025-12-22 00:14:49,121 - INFO - HTTP Request: PUT http://localhost:6333/collections/law_with_bge_round1/points?wait=true "HTTP/1.1 200 OK"
2025-12-22 00:14:49,146 - INFO - HTTP Request: PUT http://localhost:6333/collections/law_with_e5_emb_not_finetune/points?wait=true "HTTP/1.1 200 OK"
2025-12-22 00:14:49,205 - INFO - PUT http://localhost:9200/_bulk [status:200 duration:0.056s]
2025-12-22 00:14:52,232 - INFO - HTTP Request: PUT http://localhost:6333/collections/law_with_bge_round1/points?wait=true "HTTP/1.1 200 OK"
2025-12-22 00:14:52,262 - INFO - HTTP Request: PUT http://localhost:6333/collections/law_with_e5_emb_not_finetune/points?wait=true "HTTP/1.1 200 OK"
2025-12-22 00:14:52,318 - INFO - PUT http://localhost:9200/_bulk [status:200 duration:0.052s]
2025-12-22 00:14:55,277 - INFO - HTTP Request: PUT http://localhost:6333/collections/law_with_bge_round1/points?wait=true "HTTP/1.1 200 OK"
2025-12-22 00:14:55,301 - INFO - HTTP Request: PUT http://localhost:6333/collections/law_with_e5_emb_not_finetune/points?wait=true "HTTP/1.1 200 OK"
2025-12-22 00:14:55,361 - INFO - PUT http://localhost:9200/_bulk [status:200 duration:0.057s]
2025-12-22 00:14:58,242 - INFO - HTTP Request: PUT http://localhost:6333/collections/law_with_bge_round1/points?wait=true "HTTP/1.1 200 OK"
2025-12-22 00:14:58,289 - INFO - HTTP Request: PUT http://localhost:6333/collections/law_with_e5_emb_not_finetune/points?wait=true "HTTP/1.1 200 OK"
2025-12-22 00:14:58,344 - INFO - PUT http://localhost:9200/_bulk [status:200 duration:0.052s]
2025-12-22 00:15:01,298 - INFO - HTTP Request: PUT http://localhost:6333/collections/law_with_bge_round1/points?wait=true "HTTP/1.1 200 OK"
2025-12-22 00:15:01,340 - INFO - HTTP Request: PUT http://localhost:6333/collections/law_with_e5_emb_not_finetune/points?wait=true "HTTP/1.1 200 OK"
2025-12-22 00:15:01,395 - INFO - PUT http://localhost:9200/_bulk [status:200 duration:0.051s]
2025-12-22 00:15:04,253 - INFO - HTTP Request: PUT http://localhost:6333/collections/law_with_bge_round1/points?wait=true "HTTP/1.1 200 OK"
2025-12-22 00:15:04,280 - INFO - HTTP Request: PUT http://localhost:6333/collections/law_with_e5_emb_not_finetune/points?wait=true "HTTP/1.1 200 OK"
2025-12-22 00:15:04,294 - INFO - PUT http://localhost:9200/_bulk [status:200 duration:0.011s]
2025-12-22 00:15:07,215 - INFO - HTTP Request: PUT http://localhost:6333/collections/law_with_bge_round1/points?wait=true "HTTP/1.1 200 OK"
2025-12-22 00:15:07,240 - INFO - HTTP Request: PUT http://localhost:6333/collections/law_with_e5_emb_not_finetune/points?wait=true "HTTP/1.1 200 OK"
2025-12-22 00:15:07,299 - INFO - PUT http://localhost:9200/_bulk [status:200 duration:0.056s]
2025-12-22 00:15:10,161 - INFO - HTTP Request: PUT http://localhost:6333/collections/law_with_bge_round1/points?wait=true "HTTP/1.1 200 OK"
2025-12-22 00:15:10,189 - INFO - HTTP Request: PUT http://localhost:6333/collections/law_with_e5_emb_not_finetune/points?wait=true "HTTP/1.1 200 OK"
2025-12-22 00:15:10,204 - INFO - PUT http://localhost:9200/_bulk [status:200 duration:0.012s]
2025-12-22 00:15:13,014 - INFO - HTTP Request: PUT http://localhost:6333/collections/law_with_bge_round1/points?wait=true "HTTP/1.1 200 OK"
2025-12-22 00:15:13,040 - INFO - HTTP Request: PUT http://localhost:6333/collections/law_with_e5_emb_not_finetune/points?wait=true "HTTP/1.1 200 OK"
2025-12-22 00:15:13,096 - INFO - PUT http://localhost:9200/_bulk [status:200 duration:0.054s]
2025-12-22 00:15:15,953 - INFO - HTTP Request: PUT http://localhost:6333/collections/law_with_bge_round1/points?wait=true "HTTP/1.1 200 OK"
2025-12-22 00:15:15,980 - INFO - HTTP Request: PUT http://localhost:6333/collections/law_with_e5_emb_not_finetune/points?wait=true "HTTP/1.1 200 OK"
2025-12-22 00:15:16,039 - INFO - PUT http://localhost:9200/_bulk [status:200 duration:0.056s]
2025-12-22 00:15:18,903 - INFO - HTTP Request: PUT http://localhost:6333/collections/law_with_bge_round1/points?wait=true "HTTP/1.1 200 OK"
2025-12-22 00:15:18,926 - INFO - HTTP Request: PUT http://localhost:6333/collections/law_with_e5_emb_not_finetune/points?wait=true "HTTP/1.1 200 OK"
2025-12-22 00:15:18,940 - INFO - PUT http://localhost:9200/_bulk [status:200 duration:0.011s]
2025-12-22 00:15:21,746 - INFO - HTTP Request: PUT http://localhost:6333/collections/law_with_bge_round1/points?wait=true "HTTP/1.1 200 OK"
2025-12-22 00:15:21,790 - INFO - HTTP Request: PUT http://localhost:6333/collections/law_with_e5_emb_not_finetune/points?wait=true "HTTP/1.1 200 OK"
2025-12-22 00:15:21,806 - INFO - PUT http://localhost:9200/_bulk [status:200 duration:0.013s]
2025-12-22 00:15:24,642 - INFO - HTTP Request: PUT http://localhost:6333/collections/law_with_bge_round1/points?wait=true "HTTP/1.1 200 OK"
2025-12-22 00:15:24,667 - INFO - HTTP Request: PUT http://localhost:6333/collections/law_with_e5_emb_not_finetune/points?wait=true "HTTP/1.1 200 OK"
2025-12-22 00:15:24,681 - INFO - PUT http://localhost:9200/_bulk [status:200 duration:0.012s]
2025-12-22 00:15:27,564 - INFO - HTTP Request: PUT http://localhost:6333/collections/law_with_bge_round1/points?wait=true "HTTP/1.1 200 OK"
2025-12-22 00:15:27,602 - INFO - HTTP Request: PUT http://localhost:6333/collections/law_with_e5_emb_not_finetune/points?wait=true "HTTP/1.1 200 OK"
2025-12-22 00:15:27,658 - INFO - PUT http://localhost:9200/_bulk [status:200 duration:0.052s]
2025-12-22 00:15:30,561 - INFO - HTTP Request: PUT http://localhost:6333/collections/law_with_bge_round1/points?wait=true "HTTP/1.1 200 OK"
2025-12-22 00:15:30,586 - INFO - HTTP Request: PUT http://localhost:6333/collections/law_with_e5_emb_not_finetune/points?wait=true "HTTP/1.1 200 OK"
2025-12-22 00:15:30,644 - INFO - PUT http://localhost:9200/_bulk [status:200 duration:0.055s]
2025-12-22 00:15:33,514 - INFO - HTTP Request: PUT http://localhost:6333/collections/law_with_bge_round1/points?wait=true "HTTP/1.1 200 OK"
2025-12-22 00:15:33,540 - INFO - HTTP Request: PUT http://localhost:6333/collections/law_with_e5_emb_not_finetune/points?wait=true "HTTP/1.1 200 OK"
2025-12-22 00:15:33,592 - INFO - PUT http://localhost:9200/_bulk [status:200 duration:0.050s]
2025-12-22 00:15:36,600 - INFO - HTTP Request: PUT http://localhost:6333/collections/law_with_bge_round1/points?wait=true "HTTP/1.1 200 OK"
2025-12-22 00:15:36,625 - INFO - HTTP Request: PUT http://localhost:6333/collections/law_with_e5_emb_not_finetune/points?wait=true "HTTP/1.1 200 OK"
2025-12-22 00:15:36,639 - INFO - PUT http://localhost:9200/_bulk [status:200 duration:0.011s]
2025-12-22 00:15:39,497 - INFO - HTTP Request: PUT http://localhost:6333/collections/law_with_bge_round1/points?wait=true "HTTP/1.1 200 OK"
2025-12-22 00:15:39,522 - INFO - HTTP Request: PUT http://localhost:6333/collections/law_with_e5_emb_not_finetune/points?wait=true "HTTP/1.1 200 OK"
2025-12-22 00:15:39,579 - INFO - PUT http://localhost:9200/_bulk [status:200 duration:0.054s]
2025-12-22 00:15:42,409 - INFO - HTTP Request: PUT http://localhost:6333/collections/law_with_bge_round1/points?wait=true "HTTP/1.1 200 OK"
2025-12-22 00:15:42,434 - INFO - HTTP Request: PUT http://localhost:6333/collections/law_with_e5_emb_not_finetune/points?wait=true "HTTP/1.1 200 OK"
2025-12-22 00:15:42,491 - INFO - PUT http://localhost:9200/_bulk [status:200 duration:0.054s]
2025-12-22 00:15:45,316 - INFO - HTTP Request: PUT http://localhost:6333/collections/law_with_bge_round1/points?wait=true "HTTP/1.1 200 OK"
2025-12-22 00:15:45,344 - INFO - HTTP Request: PUT http://localhost:6333/collections/law_with_e5_emb_not_finetune/points?wait=true "HTTP/1.1 200 OK"
2025-12-22 00:15:45,399 - INFO - PUT http://localhost:9200/_bulk [status:200 duration:0.052s]
2025-12-22 00:15:48,388 - INFO - HTTP Request: PUT http://localhost:6333/collections/law_with_bge_round1/points?wait=true "HTTP/1.1 200 OK"
2025-12-22 00:15:48,413 - INFO - HTTP Request: PUT http://localhost:6333/collections/law_with_e5_emb_not_finetune/points?wait=true "HTTP/1.1 200 OK"
2025-12-22 00:15:48,470 - INFO - PUT http://localhost:9200/_bulk [status:200 duration:0.055s]
2025-12-22 00:15:51,373 - INFO - HTTP Request: PUT http://localhost:6333/collections/law_with_bge_round1/points?wait=true "HTTP/1.1 200 OK"
2025-12-22 00:15:51,398 - INFO - HTTP Request: PUT http://localhost:6333/collections/law_with_e5_emb_not_finetune/points?wait=true "HTTP/1.1 200 OK"
2025-12-22 00:15:51,456 - INFO - PUT http://localhost:9200/_bulk [status:200 duration:0.055s]
2025-12-22 00:15:54,357 - INFO - HTTP Request: PUT http://localhost:6333/collections/law_with_bge_round1/points?wait=true "HTTP/1.1 200 OK"
2025-12-22 00:15:54,433 - INFO - HTTP Request: PUT http://localhost:6333/collections/law_with_e5_emb_not_finetune/points?wait=true "HTTP/1.1 200 OK"
2025-12-22 00:15:54,493 - INFO - PUT http://localhost:9200/_bulk [status:200 duration:0.057s]
2025-12-22 00:15:57,299 - INFO - HTTP Request: PUT http://localhost:6333/collections/law_with_bge_round1/points?wait=true "HTTP/1.1 200 OK"
2025-12-22 00:15:57,364 - INFO - HTTP Request: PUT http://localhost:6333/collections/law_with_e5_emb_not_finetune/points?wait=true "HTTP/1.1 200 OK"
2025-12-22 00:15:57,420 - INFO - PUT http://localhost:9200/_bulk [status:200 duration:0.053s]
2025-12-22 00:16:00,426 - INFO - HTTP Request: PUT http://localhost:6333/collections/law_with_bge_round1/points?wait=true "HTTP/1.1 200 OK"
2025-12-22 00:16:00,463 - INFO - HTTP Request: PUT http://localhost:6333/collections/law_with_e5_emb_not_finetune/points?wait=true "HTTP/1.1 200 OK"
2025-12-22 00:16:00,524 - INFO - PUT http://localhost:9200/_bulk [status:200 duration:0.057s]
2025-12-22 00:16:03,343 - INFO - HTTP Request: PUT http://localhost:6333/collections/law_with_bge_round1/points?wait=true "HTTP/1.1 200 OK"
2025-12-22 00:16:03,371 - INFO - HTTP Request: PUT http://localhost:6333/collections/law_with_e5_emb_not_finetune/points?wait=true "HTTP/1.1 200 OK"
2025-12-22 00:16:03,427 - INFO - PUT http://localhost:9200/_bulk [status:200 duration:0.053s]
2025-12-22 00:16:06,266 - INFO - HTTP Request: PUT http://localhost:6333/collections/law_with_bge_round1/points?wait=true "HTTP/1.1 200 OK"
2025-12-22 00:16:06,310 - INFO - HTTP Request: PUT http://localhost:6333/collections/law_with_e5_emb_not_finetune/points?wait=true "HTTP/1.1 200 OK"
2025-12-22 00:16:06,369 - INFO - PUT http://localhost:9200/_bulk [status:200 duration:0.057s]
2025-12-22 00:16:09,246 - INFO - HTTP Request: PUT http://localhost:6333/collections/law_with_bge_round1/points?wait=true "HTTP/1.1 200 OK"
2025-12-22 00:16:09,273 - INFO - HTTP Request: PUT http://localhost:6333/collections/law_with_e5_emb_not_finetune/points?wait=true "HTTP/1.1 200 OK"
2025-12-22 00:16:09,330 - INFO - PUT http://localhost:9200/_bulk [status:200 duration:0.055s]
2025-12-22 00:16:12,270 - INFO - HTTP Request: PUT http://localhost:6333/collections/law_with_bge_round1/points?wait=true "HTTP/1.1 200 OK"
2025-12-22 00:16:12,320 - INFO - HTTP Request: PUT http://localhost:6333/collections/law_with_e5_emb_not_finetune/points?wait=true "HTTP/1.1 200 OK"
2025-12-22 00:16:12,337 - INFO - PUT http://localhost:9200/_bulk [status:200 duration:0.013s]
2025-12-22 00:16:15,243 - INFO - HTTP Request: PUT http://localhost:6333/collections/law_with_bge_round1/points?wait=true "HTTP/1.1 200 OK"
2025-12-22 00:16:15,293 - INFO - HTTP Request: PUT http://localhost:6333/collections/law_with_e5_emb_not_finetune/points?wait=true "HTTP/1.1 200 OK"
2025-12-22 00:16:15,349 - INFO - PUT http://localhost:9200/_bulk [status:200 duration:0.052s]
2025-12-22 00:16:18,235 - INFO - HTTP Request: PUT http://localhost:6333/collections/law_with_bge_round1/points?wait=true "HTTP/1.1 200 OK"
2025-12-22 00:16:18,288 - INFO - HTTP Request: PUT http://localhost:6333/collections/law_with_e5_emb_not_finetune/points?wait=true "HTTP/1.1 200 OK"
2025-12-22 00:16:18,349 - INFO - PUT http://localhost:9200/_bulk [status:200 duration:0.058s]
2025-12-22 00:16:21,151 - INFO - HTTP Request: PUT http://localhost:6333/collections/law_with_bge_round1/points?wait=true "HTTP/1.1 200 OK"
2025-12-22 00:16:21,177 - INFO - HTTP Request: PUT http://localhost:6333/collections/law_with_e5_emb_not_finetune/points?wait=true "HTTP/1.1 200 OK"
2025-12-22 00:16:21,195 - INFO - PUT http://localhost:9200/_bulk [status:200 duration:0.015s]
2025-12-22 00:16:24,120 - INFO - HTTP Request: PUT http://localhost:6333/collections/law_with_bge_round1/points?wait=true "HTTP/1.1 200 OK"
2025-12-22 00:16:24,158 - INFO - HTTP Request: PUT http://localhost:6333/collections/law_with_e5_emb_not_finetune/points?wait=true "HTTP/1.1 200 OK"
2025-12-22 00:16:24,177 - INFO - PUT http://localhost:9200/_bulk [status:200 duration:0.016s]
2025-12-22 00:16:27,084 - INFO - HTTP Request: PUT http://localhost:6333/collections/law_with_bge_round1/points?wait=true "HTTP/1.1 200 OK"
2025-12-22 00:16:27,155 - INFO - HTTP Request: PUT http://localhost:6333/collections/law_with_e5_emb_not_finetune/points?wait=true "HTTP/1.1 200 OK"
2025-12-22 00:16:27,174 - INFO - PUT http://localhost:9200/_bulk [status:200 duration:0.013s]
2025-12-22 00:16:30,116 - INFO - HTTP Request: PUT http://localhost:6333/collections/law_with_bge_round1/points?wait=true "HTTP/1.1 200 OK"
2025-12-22 00:16:30,142 - INFO - HTTP Request: PUT http://localhost:6333/collections/law_with_e5_emb_not_finetune/points?wait=true "HTTP/1.1 200 OK"
2025-12-22 00:16:30,157 - INFO - PUT http://localhost:9200/_bulk [status:200 duration:0.013s]
2025-12-22 00:16:32,941 - INFO - HTTP Request: PUT http://localhost:6333/collections/law_with_bge_round1/points?wait=true "HTTP/1.1 200 OK"
2025-12-22 00:16:32,969 - INFO - HTTP Request: PUT http://localhost:6333/collections/law_with_e5_emb_not_finetune/points?wait=true "HTTP/1.1 200 OK"
2025-12-22 00:16:33,024 - INFO - PUT http://localhost:9200/_bulk [status:200 duration:0.053s]
2025-12-22 00:16:35,913 - INFO - HTTP Request: PUT http://localhost:6333/collections/law_with_bge_round1/points?wait=true "HTTP/1.1 200 OK"
2025-12-22 00:16:35,956 - INFO - HTTP Request: PUT http://localhost:6333/collections/law_with_e5_emb_not_finetune/points?wait=true "HTTP/1.1 200 OK"
2025-12-22 00:16:36,012 - INFO - PUT http://localhost:9200/_bulk [status:200 duration:0.052s]
2025-12-22 00:16:38,936 - INFO - HTTP Request: PUT http://localhost:6333/collections/law_with_bge_round1/points?wait=true "HTTP/1.1 200 OK"
2025-12-22 00:16:38,961 - INFO - HTTP Request: PUT http://localhost:6333/collections/law_with_e5_emb_not_finetune/points?wait=true "HTTP/1.1 200 OK"
2025-12-22 00:16:39,016 - INFO - PUT http://localhost:9200/_bulk [status:200 duration:0.052s]
2025-12-22 00:16:41,866 - INFO - HTTP Request: PUT http://localhost:6333/collections/law_with_bge_round1/points?wait=true "HTTP/1.1 200 OK"
2025-12-22 00:16:41,890 - INFO - HTTP Request: PUT http://localhost:6333/collections/law_with_e5_emb_not_finetune/points?wait=true "HTTP/1.1 200 OK"
2025-12-22 00:16:41,950 - INFO - PUT http://localhost:9200/_bulk [status:200 duration:0.057s]
2025-12-22 00:16:44,822 - INFO - HTTP Request: PUT http://localhost:6333/collections/law_with_bge_round1/points?wait=true "HTTP/1.1 200 OK"
2025-12-22 00:16:44,846 - INFO - HTTP Request: PUT http://localhost:6333/collections/law_with_e5_emb_not_finetune/points?wait=true "HTTP/1.1 200 OK"
2025-12-22 00:16:44,904 - INFO - PUT http://localhost:9200/_bulk [status:200 duration:0.055s]
2025-12-22 00:16:47,694 - INFO - HTTP Request: PUT http://localhost:6333/collections/law_with_bge_round1/points?wait=true "HTTP/1.1 200 OK"
2025-12-22 00:16:47,720 - INFO - HTTP Request: PUT http://localhost:6333/collections/law_with_e5_emb_not_finetune/points?wait=true "HTTP/1.1 200 OK"
2025-12-22 00:16:47,772 - INFO - PUT http://localhost:9200/_bulk [status:200 duration:0.050s]
2025-12-22 00:16:50,779 - INFO - HTTP Request: PUT http://localhost:6333/collections/law_with_bge_round1/points?wait=true "HTTP/1.1 200 OK"
2025-12-22 00:16:50,833 - INFO - HTTP Request: PUT http://localhost:6333/collections/law_with_e5_emb_not_finetune/points?wait=true "HTTP/1.1 200 OK"
2025-12-22 00:16:50,882 - INFO - PUT http://localhost:9200/_bulk [status:200 duration:0.046s]
2025-12-22 00:16:53,729 - INFO - HTTP Request: PUT http://localhost:6333/collections/law_with_bge_round1/points?wait=true "HTTP/1.1 200 OK"
2025-12-22 00:16:53,756 - INFO - HTTP Request: PUT http://localhost:6333/collections/law_with_e5_emb_not_finetune/points?wait=true "HTTP/1.1 200 OK"
2025-12-22 00:16:53,810 - INFO - PUT http://localhost:9200/_bulk [status:200 duration:0.051s]
2025-12-22 00:16:56,718 - INFO - HTTP Request: PUT http://localhost:6333/collections/law_with_bge_round1/points?wait=true "HTTP/1.1 200 OK"
2025-12-22 00:16:56,788 - INFO - HTTP Request: PUT http://localhost:6333/collections/law_with_e5_emb_not_finetune/points?wait=true "HTTP/1.1 200 OK"
2025-12-22 00:16:56,800 - INFO - PUT http://localhost:9200/_bulk [status:200 duration:0.009s]
2025-12-22 00:16:59,684 - INFO - HTTP Request: PUT http://localhost:6333/collections/law_with_bge_round1/points?wait=true "HTTP/1.1 200 OK"
2025-12-22 00:16:59,710 - INFO - HTTP Request: PUT http://localhost:6333/collections/law_with_e5_emb_not_finetune/points?wait=true "HTTP/1.1 200 OK"
2025-12-22 00:16:59,767 - INFO - PUT http://localhost:9200/_bulk [status:200 duration:0.054s]
2025-12-22 00:17:02,619 - INFO - HTTP Request: PUT http://localhost:6333/collections/law_with_bge_round1/points?wait=true "HTTP/1.1 200 OK"
2025-12-22 00:17:02,650 - INFO - HTTP Request: PUT http://localhost:6333/collections/law_with_e5_emb_not_finetune/points?wait=true "HTTP/1.1 200 OK"
2025-12-22 00:17:02,703 - INFO - PUT http://localhost:9200/_bulk [status:200 duration:0.048s]
2025-12-22 00:17:05,546 - INFO - HTTP Request: PUT http://localhost:6333/collections/law_with_bge_round1/points?wait=true "HTTP/1.1 200 OK"
2025-12-22 00:17:05,572 - INFO - HTTP Request: PUT http://localhost:6333/collections/law_with_e5_emb_not_finetune/points?wait=true "HTTP/1.1 200 OK"
2025-12-22 00:17:05,626 - INFO - PUT http://localhost:9200/_bulk [status:200 duration:0.050s]
2025-12-22 00:17:08,495 - INFO - HTTP Request: PUT http://localhost:6333/collections/law_with_bge_round1/points?wait=true "HTTP/1.1 200 OK"
2025-12-22 00:17:08,546 - INFO - HTTP Request: PUT http://localhost:6333/collections/law_with_e5_emb_not_finetune/points?wait=true "HTTP/1.1 200 OK"
2025-12-22 00:17:08,601 - INFO - PUT http://localhost:9200/_bulk [status:200 duration:0.051s]
2025-12-22 00:17:11,470 - INFO - HTTP Request: PUT http://localhost:6333/collections/law_with_bge_round1/points?wait=true "HTTP/1.1 200 OK"
2025-12-22 00:17:11,531 - INFO - HTTP Request: PUT http://localhost:6333/collections/law_with_e5_emb_not_finetune/points?wait=true "HTTP/1.1 200 OK"
2025-12-22 00:17:11,585 - INFO - PUT http://localhost:9200/_bulk [status:200 duration:0.051s]
2025-12-22 00:17:14,381 - INFO - HTTP Request: PUT http://localhost:6333/collections/law_with_bge_round1/points?wait=true "HTTP/1.1 200 OK"
2025-12-22 00:17:14,409 - INFO - HTTP Request: PUT http://localhost:6333/collections/law_with_e5_emb_not_finetune/points?wait=true "HTTP/1.1 200 OK"
2025-12-22 00:17:14,421 - INFO - PUT http://localhost:9200/_bulk [status:200 duration:0.008s]
2025-12-22 00:17:17,358 - INFO - HTTP Request: PUT http://localhost:6333/collections/law_with_bge_round1/points?wait=true "HTTP/1.1 200 OK"
2025-12-22 00:17:17,429 - INFO - HTTP Request: PUT http://localhost:6333/collections/law_with_e5_emb_not_finetune/points?wait=true "HTTP/1.1 200 OK"
2025-12-22 00:17:17,441 - INFO - PUT http://localhost:9200/_bulk [status:200 duration:0.008s]
2025-12-22 00:17:19,791 - INFO - HTTP Request: PUT http://localhost:6333/collections/law_with_bge_round1/points?wait=true "HTTP/1.1 200 OK"
2025-12-22 00:17:19,817 - INFO - HTTP Request: PUT http://localhost:6333/collections/law_with_e5_emb_not_finetune/points?wait=true "HTTP/1.1 200 OK"
2025-12-22 00:17:19,872 - INFO - PUT http://localhost:9200/_bulk [status:200 duration:0.052s]
2025-12-22 00:17:22,722 - INFO - HTTP Request: PUT http://localhost:6333/collections/law_with_bge_round1/points?wait=true "HTTP/1.1 200 OK"
2025-12-22 00:17:22,817 - INFO - HTTP Request: PUT http://localhost:6333/collections/law_with_e5_emb_not_finetune/points?wait=true "HTTP/1.1 200 OK"
2025-12-22 00:17:22,874 - INFO - PUT http://localhost:9200/_bulk [status:200 duration:0.052s]
2025-12-22 00:17:25,744 - INFO - HTTP Request: PUT http://localhost:6333/collections/law_with_bge_round1/points?wait=true "HTTP/1.1 200 OK"
2025-12-22 00:17:25,771 - INFO - HTTP Request: PUT http://localhost:6333/collections/law_with_e5_emb_not_finetune/points?wait=true "HTTP/1.1 200 OK"
2025-12-22 00:17:25,787 - INFO - PUT http://localhost:9200/_bulk [status:200 duration:0.013s]
2025-12-22 00:17:28,666 - INFO - HTTP Request: PUT http://localhost:6333/collections/law_with_bge_round1/points?wait=true "HTTP/1.1 200 OK"
2025-12-22 00:17:28,707 - INFO - HTTP Request: PUT http://localhost:6333/collections/law_with_e5_emb_not_finetune/points?wait=true "HTTP/1.1 200 OK"
2025-12-22 00:17:28,720 - INFO - PUT http://localhost:9200/_bulk [status:200 duration:0.009s]
2025-12-22 00:17:31,580 - INFO - HTTP Request: PUT http://localhost:6333/collections/law_with_bge_round1/points?wait=true "HTTP/1.1 200 OK"
2025-12-22 00:17:31,612 - INFO - HTTP Request: PUT http://localhost:6333/collections/law_with_e5_emb_not_finetune/points?wait=true "HTTP/1.1 200 OK"
2025-12-22 00:17:31,673 - INFO - PUT http://localhost:9200/_bulk [status:200 duration:0.058s]
2025-12-22 00:17:34,571 - INFO - HTTP Request: PUT http://localhost:6333/collections/law_with_bge_round1/points?wait=true "HTTP/1.1 200 OK"
2025-12-22 00:17:34,603 - INFO - HTTP Request: PUT http://localhost:6333/collections/law_with_e5_emb_not_finetune/points?wait=true "HTTP/1.1 200 OK"
2025-12-22 00:17:34,656 - INFO - PUT http://localhost:9200/_bulk [status:200 duration:0.050s]
2025-12-22 00:17:37,536 - INFO - HTTP Request: PUT http://localhost:6333/collections/law_with_bge_round1/points?wait=true "HTTP/1.1 200 OK"
2025-12-22 00:17:37,566 - INFO - HTTP Request: PUT http://localhost:6333/collections/law_with_e5_emb_not_finetune/points?wait=true "HTTP/1.1 200 OK"
2025-12-22 00:17:37,621 - INFO - PUT http://localhost:9200/_bulk [status:200 duration:0.053s]
2025-12-22 00:17:40,579 - INFO - HTTP Request: PUT http://localhost:6333/collections/law_with_bge_round1/points?wait=true "HTTP/1.1 200 OK"
2025-12-22 00:17:40,607 - INFO - HTTP Request: PUT http://localhost:6333/collections/law_with_e5_emb_not_finetune/points?wait=true "HTTP/1.1 200 OK"
2025-12-22 00:17:40,666 - INFO - PUT http://localhost:9200/_bulk [status:200 duration:0.056s]
2025-12-22 00:17:43,572 - INFO - HTTP Request: PUT http://localhost:6333/collections/law_with_bge_round1/points?wait=true "HTTP/1.1 200 OK"
2025-12-22 00:17:43,631 - INFO - HTTP Request: PUT http://localhost:6333/collections/law_with_e5_emb_not_finetune/points?wait=true "HTTP/1.1 200 OK"
2025-12-22 00:17:43,685 - INFO - PUT http://localhost:9200/_bulk [status:200 duration:0.051s]
2025-12-22 00:17:46,536 - INFO - HTTP Request: PUT http://localhost:6333/collections/law_with_bge_round1/points?wait=true "HTTP/1.1 200 OK"
2025-12-22 00:17:46,580 - INFO - HTTP Request: PUT http://localhost:6333/collections/law_with_e5_emb_not_finetune/points?wait=true "HTTP/1.1 200 OK"
2025-12-22 00:17:46,633 - INFO - PUT http://localhost:9200/_bulk [status:200 duration:0.050s]
2025-12-22 00:17:49,461 - INFO - HTTP Request: PUT http://localhost:6333/collections/law_with_bge_round1/points?wait=true "HTTP/1.1 200 OK"
2025-12-22 00:17:49,524 - INFO - HTTP Request: PUT http://localhost:6333/collections/law_with_e5_emb_not_finetune/points?wait=true "HTTP/1.1 200 OK"
2025-12-22 00:17:49,579 - INFO - PUT http://localhost:9200/_bulk [status:200 duration:0.052s]
2025-12-22 00:17:52,423 - INFO - HTTP Request: PUT http://localhost:6333/collections/law_with_bge_round1/points?wait=true "HTTP/1.1 200 OK"
2025-12-22 00:17:52,454 - INFO - HTTP Request: PUT http://localhost:6333/collections/law_with_e5_emb_not_finetune/points?wait=true "HTTP/1.1 200 OK"
2025-12-22 00:17:52,518 - INFO - PUT http://localhost:9200/_bulk [status:200 duration:0.061s]
2025-12-22 00:17:55,327 - INFO - HTTP Request: PUT http://localhost:6333/collections/law_with_bge_round1/points?wait=true "HTTP/1.1 200 OK"
2025-12-22 00:17:55,354 - INFO - HTTP Request: PUT http://localhost:6333/collections/law_with_e5_emb_not_finetune/points?wait=true "HTTP/1.1 200 OK"
2025-12-22 00:17:55,403 - INFO - PUT http://localhost:9200/_bulk [status:200 duration:0.047s]
2025-12-22 00:17:58,156 - INFO - HTTP Request: PUT http://localhost:6333/collections/law_with_bge_round1/points?wait=true "HTTP/1.1 200 OK"
2025-12-22 00:17:58,182 - INFO - HTTP Request: PUT http://localhost:6333/collections/law_with_e5_emb_not_finetune/points?wait=true "HTTP/1.1 200 OK"
2025-12-22 00:17:58,237 - INFO - PUT http://localhost:9200/_bulk [status:200 duration:0.052s]
2025-12-22 00:18:01,201 - INFO - HTTP Request: PUT http://localhost:6333/collections/law_with_bge_round1/points?wait=true "HTTP/1.1 200 OK"
2025-12-22 00:18:01,233 - INFO - HTTP Request: PUT http://localhost:6333/collections/law_with_e5_emb_not_finetune/points?wait=true "HTTP/1.1 200 OK"
2025-12-22 00:18:01,286 - INFO - PUT http://localhost:9200/_bulk [status:200 duration:0.050s]
2025-12-22 00:18:04,196 - INFO - HTTP Request: PUT http://localhost:6333/collections/law_with_bge_round1/points?wait=true "HTTP/1.1 200 OK"
2025-12-22 00:18:04,226 - INFO - HTTP Request: PUT http://localhost:6333/collections/law_with_e5_emb_not_finetune/points?wait=true "HTTP/1.1 200 OK"
2025-12-22 00:18:04,239 - INFO - PUT http://localhost:9200/_bulk [status:200 duration:0.010s]
2025-12-22 00:18:07,168 - INFO - HTTP Request: PUT http://localhost:6333/collections/law_with_bge_round1/points?wait=true "HTTP/1.1 200 OK"
2025-12-22 00:18:07,194 - INFO - HTTP Request: PUT http://localhost:6333/collections/law_with_e5_emb_not_finetune/points?wait=true "HTTP/1.1 200 OK"
2025-12-22 00:18:07,209 - INFO - PUT http://localhost:9200/_bulk [status:200 duration:0.011s]
2025-12-22 00:18:10,040 - INFO - HTTP Request: PUT http://localhost:6333/collections/law_with_bge_round1/points?wait=true "HTTP/1.1 200 OK"
2025-12-22 00:18:10,066 - INFO - HTTP Request: PUT http://localhost:6333/collections/law_with_e5_emb_not_finetune/points?wait=true "HTTP/1.1 200 OK"
2025-12-22 00:18:10,078 - INFO - PUT http://localhost:9200/_bulk [status:200 duration:0.008s]
2025-12-22 00:18:12,921 - INFO - HTTP Request: PUT http://localhost:6333/collections/law_with_bge_round1/points?wait=true "HTTP/1.1 200 OK"
2025-12-22 00:18:12,948 - INFO - HTTP Request: PUT http://localhost:6333/collections/law_with_e5_emb_not_finetune/points?wait=true "HTTP/1.1 200 OK"
2025-12-22 00:18:12,961 - INFO - PUT http://localhost:9200/_bulk [status:200 duration:0.009s]
2025-12-22 00:18:15,812 - INFO - HTTP Request: PUT http://localhost:6333/collections/law_with_bge_round1/points?wait=true "HTTP/1.1 200 OK"
2025-12-22 00:18:15,837 - INFO - HTTP Request: PUT http://localhost:6333/collections/law_with_e5_emb_not_finetune/points?wait=true "HTTP/1.1 200 OK"
2025-12-22 00:18:15,848 - INFO - PUT http://localhost:9200/_bulk [status:200 duration:0.009s]
2025-12-22 00:18:18,704 - INFO - HTTP Request: PUT http://localhost:6333/collections/law_with_bge_round1/points?wait=true "HTTP/1.1 200 OK"
2025-12-22 00:18:18,736 - INFO - HTTP Request: PUT http://localhost:6333/collections/law_with_e5_emb_not_finetune/points?wait=true "HTTP/1.1 200 OK"
2025-12-22 00:18:18,788 - INFO - PUT http://localhost:9200/_bulk [status:200 duration:0.049s]
2025-12-22 00:18:21,618 - INFO - HTTP Request: PUT http://localhost:6333/collections/law_with_bge_round1/points?wait=true "HTTP/1.1 200 OK"
2025-12-22 00:18:21,648 - INFO - HTTP Request: PUT http://localhost:6333/collections/law_with_e5_emb_not_finetune/points?wait=true "HTTP/1.1 200 OK"
2025-12-22 00:18:21,709 - INFO - PUT http://localhost:9200/_bulk [status:200 duration:0.057s]
2025-12-22 00:18:24,628 - INFO - HTTP Request: PUT http://localhost:6333/collections/law_with_bge_round1/points?wait=true "HTTP/1.1 200 OK"
2025-12-22 00:18:24,679 - INFO - HTTP Request: PUT http://localhost:6333/collections/law_with_e5_emb_not_finetune/points?wait=true "HTTP/1.1 200 OK"
2025-12-22 00:18:24,736 - INFO - PUT http://localhost:9200/_bulk [status:200 duration:0.055s]
2025-12-22 00:18:27,569 - INFO - HTTP Request: PUT http://localhost:6333/collections/law_with_bge_round1/points?wait=true "HTTP/1.1 200 OK"
2025-12-22 00:18:27,614 - INFO - HTTP Request: PUT http://localhost:6333/collections/law_with_e5_emb_not_finetune/points?wait=true "HTTP/1.1 200 OK"
2025-12-22 00:18:27,676 - INFO - PUT http://localhost:9200/_bulk [status:200 duration:0.058s]
2025-12-22 00:18:30,495 - INFO - HTTP Request: PUT http://localhost:6333/collections/law_with_bge_round1/points?wait=true "HTTP/1.1 200 OK"
2025-12-22 00:18:30,523 - INFO - HTTP Request: PUT http://localhost:6333/collections/law_with_e5_emb_not_finetune/points?wait=true "HTTP/1.1 200 OK"
2025-12-22 00:18:30,578 - INFO - PUT http://localhost:9200/_bulk [status:200 duration:0.051s]
2025-12-22 00:18:33,463 - INFO - HTTP Request: PUT http://localhost:6333/collections/law_with_bge_round1/points?wait=true "HTTP/1.1 200 OK"
2025-12-22 00:18:33,489 - INFO - HTTP Request: PUT http://localhost:6333/collections/law_with_e5_emb_not_finetune/points?wait=true "HTTP/1.1 200 OK"
2025-12-22 00:18:33,546 - INFO - PUT http://localhost:9200/_bulk [status:200 duration:0.053s]
2025-12-22 00:18:36,368 - INFO - HTTP Request: PUT http://localhost:6333/collections/law_with_bge_round1/points?wait=true "HTTP/1.1 200 OK"
2025-12-22 00:18:36,393 - INFO - HTTP Request: PUT http://localhost:6333/collections/law_with_e5_emb_not_finetune/points?wait=true "HTTP/1.1 200 OK"
2025-12-22 00:18:36,446 - INFO - PUT http://localhost:9200/_bulk [status:200 duration:0.048s]
2025-12-22 00:18:39,303 - INFO - HTTP Request: PUT http://localhost:6333/collections/law_with_bge_round1/points?wait=true "HTTP/1.1 200 OK"
2025-12-22 00:18:39,328 - INFO - HTTP Request: PUT http://localhost:6333/collections/law_with_e5_emb_not_finetune/points?wait=true "HTTP/1.1 200 OK"
2025-12-22 00:18:39,382 - INFO - PUT http://localhost:9200/_bulk [status:200 duration:0.052s]
2025-12-22 00:18:42,366 - INFO - HTTP Request: PUT http://localhost:6333/collections/law_with_bge_round1/points?wait=true "HTTP/1.1 200 OK"
2025-12-22 00:18:42,389 - INFO - HTTP Request: PUT http://localhost:6333/collections/law_with_e5_emb_not_finetune/points?wait=true "HTTP/1.1 200 OK"
2025-12-22 00:18:42,445 - INFO - PUT http://localhost:9200/_bulk [status:200 duration:0.053s]
2025-12-22 00:18:45,324 - INFO - HTTP Request: PUT http://localhost:6333/collections/law_with_bge_round1/points?wait=true "HTTP/1.1 200 OK"
2025-12-22 00:18:45,383 - INFO - HTTP Request: PUT http://localhost:6333/collections/law_with_e5_emb_not_finetune/points?wait=true "HTTP/1.1 200 OK"
2025-12-22 00:18:45,438 - INFO - PUT http://localhost:9200/_bulk [status:200 duration:0.052s]
2025-12-22 00:18:47,501 - INFO - HTTP Request: PUT http://localhost:6333/collections/law_with_bge_round1/points?wait=true "HTTP/1.1 200 OK"
2025-12-22 00:18:47,526 - INFO - HTTP Request: PUT http://localhost:6333/collections/law_with_e5_emb_not_finetune/points?wait=true "HTTP/1.1 200 OK"
2025-12-22 00:18:47,578 - INFO - PUT http://localhost:9200/_bulk [status:200 duration:0.049s]
2025-12-22 00:18:50,458 - INFO - HTTP Request: PUT http://localhost:6333/collections/law_with_bge_round1/points?wait=true "HTTP/1.1 200 OK"
2025-12-22 00:18:50,496 - INFO - HTTP Request: PUT http://localhost:6333/collections/law_with_e5_emb_not_finetune/points?wait=true "HTTP/1.1 200 OK"
2025-12-22 00:18:50,555 - INFO - PUT http://localhost:9200/_bulk [status:200 duration:0.054s]
2025-12-22 00:18:53,350 - INFO - HTTP Request: PUT http://localhost:6333/collections/law_with_bge_round1/points?wait=true "HTTP/1.1 200 OK"
2025-12-22 00:18:53,379 - INFO - HTTP Request: PUT http://localhost:6333/collections/law_with_e5_emb_not_finetune/points?wait=true "HTTP/1.1 200 OK"
2025-12-22 00:18:53,433 - INFO - PUT http://localhost:9200/_bulk [status:200 duration:0.052s]
2025-12-22 00:18:56,242 - INFO - HTTP Request: PUT http://localhost:6333/collections/law_with_bge_round1/points?wait=true "HTTP/1.1 200 OK"
2025-12-22 00:18:56,267 - INFO - HTTP Request: PUT http://localhost:6333/collections/law_with_e5_emb_not_finetune/points?wait=true "HTTP/1.1 200 OK"
2025-12-22 00:18:56,320 - INFO - PUT http://localhost:9200/_bulk [status:200 duration:0.051s]
2025-12-22 00:18:59,150 - INFO - HTTP Request: PUT http://localhost:6333/collections/law_with_bge_round1/points?wait=true "HTTP/1.1 200 OK"
2025-12-22 00:18:59,208 - INFO - HTTP Request: PUT http://localhost:6333/collections/law_with_e5_emb_not_finetune/points?wait=true "HTTP/1.1 200 OK"
2025-12-22 00:18:59,265 - INFO - PUT http://localhost:9200/_bulk [status:200 duration:0.053s]
2025-12-22 00:19:02,234 - INFO - HTTP Request: PUT http://localhost:6333/collections/law_with_bge_round1/points?wait=true "HTTP/1.1 200 OK"
2025-12-22 00:19:02,282 - INFO - HTTP Request: PUT http://localhost:6333/collections/law_with_e5_emb_not_finetune/points?wait=true "HTTP/1.1 200 OK"
2025-12-22 00:19:02,337 - INFO - PUT http://localhost:9200/_bulk [status:200 duration:0.052s]
2025-12-22 00:19:05,142 - INFO - HTTP Request: PUT http://localhost:6333/collections/law_with_bge_round1/points?wait=true "HTTP/1.1 200 OK"
2025-12-22 00:19:05,201 - INFO - HTTP Request: PUT http://localhost:6333/collections/law_with_e5_emb_not_finetune/points?wait=true "HTTP/1.1 200 OK"
2025-12-22 00:19:05,252 - INFO - PUT http://localhost:9200/_bulk [status:200 duration:0.048s]
2025-12-22 00:19:08,102 - INFO - HTTP Request: PUT http://localhost:6333/collections/law_with_bge_round1/points?wait=true "HTTP/1.1 200 OK"
2025-12-22 00:19:08,127 - INFO - HTTP Request: PUT http://localhost:6333/collections/law_with_e5_emb_not_finetune/points?wait=true "HTTP/1.1 200 OK"
2025-12-22 00:19:08,182 - INFO - PUT http://localhost:9200/_bulk [status:200 duration:0.052s]
2025-12-22 00:19:11,046 - INFO - HTTP Request: PUT http://localhost:6333/collections/law_with_bge_round1/points?wait=true "HTTP/1.1 200 OK"
2025-12-22 00:19:11,111 - INFO - HTTP Request: PUT http://localhost:6333/collections/law_with_e5_emb_not_finetune/points?wait=true "HTTP/1.1 200 OK"
2025-12-22 00:19:11,122 - INFO - PUT http://localhost:9200/_bulk [status:200 duration:0.009s]
2025-12-22 00:19:14,067 - INFO - HTTP Request: PUT http://localhost:6333/collections/law_with_bge_round1/points?wait=true "HTTP/1.1 200 OK"
2025-12-22 00:19:14,141 - INFO - HTTP Request: PUT http://localhost:6333/collections/law_with_e5_emb_not_finetune/points?wait=true "HTTP/1.1 200 OK"
2025-12-22 00:19:14,196 - INFO - PUT http://localhost:9200/_bulk [status:200 duration:0.052s]
2025-12-22 00:19:17,177 - INFO - HTTP Request: PUT http://localhost:6333/collections/law_with_bge_round1/points?wait=true "HTTP/1.1 200 OK"
2025-12-22 00:19:17,202 - INFO - HTTP Request: PUT http://localhost:6333/collections/law_with_e5_emb_not_finetune/points?wait=true "HTTP/1.1 200 OK"
2025-12-22 00:19:17,215 - INFO - PUT http://localhost:9200/_bulk [status:200 duration:0.008s]
2025-12-22 00:19:20,089 - INFO - HTTP Request: PUT http://localhost:6333/collections/law_with_bge_round1/points?wait=true "HTTP/1.1 200 OK"
2025-12-22 00:19:20,136 - INFO - HTTP Request: PUT http://localhost:6333/collections/law_with_e5_emb_not_finetune/points?wait=true "HTTP/1.1 200 OK"
2025-12-22 00:19:20,189 - INFO - PUT http://localhost:9200/_bulk [status:200 duration:0.051s]
2025-12-22 00:19:23,146 - INFO - HTTP Request: PUT http://localhost:6333/collections/law_with_bge_round1/points?wait=true "HTTP/1.1 200 OK"
2025-12-22 00:19:23,183 - INFO - HTTP Request: PUT http://localhost:6333/collections/law_with_e5_emb_not_finetune/points?wait=true "HTTP/1.1 200 OK"
2025-12-22 00:19:23,238 - INFO - PUT http://localhost:9200/_bulk [status:200 duration:0.053s]
2025-12-22 00:19:26,094 - INFO - HTTP Request: PUT http://localhost:6333/collections/law_with_bge_round1/points?wait=true "HTTP/1.1 200 OK"
2025-12-22 00:19:26,131 - INFO - HTTP Request: PUT http://localhost:6333/collections/law_with_e5_emb_not_finetune/points?wait=true "HTTP/1.1 200 OK"
2025-12-22 00:19:26,142 - INFO - PUT http://localhost:9200/_bulk [status:200 duration:0.008s]
2025-12-22 00:19:29,140 - INFO - HTTP Request: PUT http://localhost:6333/collections/law_with_bge_round1/points?wait=true "HTTP/1.1 200 OK"
2025-12-22 00:19:29,167 - INFO - HTTP Request: PUT http://localhost:6333/collections/law_with_e5_emb_not_finetune/points?wait=true "HTTP/1.1 200 OK"
2025-12-22 00:19:29,177 - INFO - PUT http://localhost:9200/_bulk [status:200 duration:0.008s]
2025-12-22 00:19:31,980 - INFO - HTTP Request: PUT http://localhost:6333/collections/law_with_bge_round1/points?wait=true "HTTP/1.1 200 OK"
2025-12-22 00:19:32,005 - INFO - HTTP Request: PUT http://localhost:6333/collections/law_with_e5_emb_not_finetune/points?wait=true "HTTP/1.1 200 OK"
2025-12-22 00:19:32,058 - INFO - PUT http://localhost:9200/_bulk [status:200 duration:0.050s]
2025-12-22 00:19:34,914 - INFO - HTTP Request: PUT http://localhost:6333/collections/law_with_bge_round1/points?wait=true "HTTP/1.1 200 OK"
2025-12-22 00:19:34,938 - INFO - HTTP Request: PUT http://localhost:6333/collections/law_with_e5_emb_not_finetune/points?wait=true "HTTP/1.1 200 OK"
2025-12-22 00:19:34,994 - INFO - PUT http://localhost:9200/_bulk [status:200 duration:0.053s]
2025-12-22 00:19:37,895 - INFO - HTTP Request: PUT http://localhost:6333/collections/law_with_bge_round1/points?wait=true "HTTP/1.1 200 OK"
2025-12-22 00:19:37,981 - INFO - HTTP Request: PUT http://localhost:6333/collections/law_with_e5_emb_not_finetune/points?wait=true "HTTP/1.1 200 OK"
2025-12-22 00:19:38,034 - INFO - PUT http://localhost:9200/_bulk [status:200 duration:0.051s]
2025-12-22 00:19:40,991 - INFO - HTTP Request: PUT http://localhost:6333/collections/law_with_bge_round1/points?wait=true "HTTP/1.1 200 OK"
2025-12-22 00:19:41,016 - INFO - HTTP Request: PUT http://localhost:6333/collections/law_with_e5_emb_not_finetune/points?wait=true "HTTP/1.1 200 OK"
2025-12-22 00:19:41,026 - INFO - PUT http://localhost:9200/_bulk [status:200 duration:0.008s]
2025-12-22 00:19:43,882 - INFO - HTTP Request: PUT http://localhost:6333/collections/law_with_bge_round1/points?wait=true "HTTP/1.1 200 OK"
2025-12-22 00:19:43,905 - INFO - HTTP Request: PUT http://localhost:6333/collections/law_with_e5_emb_not_finetune/points?wait=true "HTTP/1.1 200 OK"
2025-12-22 00:19:43,961 - INFO - PUT http://localhost:9200/_bulk [status:200 duration:0.052s]
2025-12-22 00:19:46,815 - INFO - HTTP Request: PUT http://localhost:6333/collections/law_with_bge_round1/points?wait=true "HTTP/1.1 200 OK"
2025-12-22 00:19:46,867 - INFO - HTTP Request: PUT http://localhost:6333/collections/law_with_e5_emb_not_finetune/points?wait=true "HTTP/1.1 200 OK"
2025-12-22 00:19:46,882 - INFO - PUT http://localhost:9200/_bulk [status:200 duration:0.011s]
2025-12-22 00:19:49,733 - INFO - HTTP Request: PUT http://localhost:6333/collections/law_with_bge_round1/points?wait=true "HTTP/1.1 200 OK"
2025-12-22 00:19:49,783 - INFO - HTTP Request: PUT http://localhost:6333/collections/law_with_e5_emb_not_finetune/points?wait=true "HTTP/1.1 200 OK"
2025-12-22 00:19:49,835 - INFO - PUT http://localhost:9200/_bulk [status:200 duration:0.049s]
2025-12-22 00:19:52,777 - INFO - HTTP Request: PUT http://localhost:6333/collections/law_with_bge_round1/points?wait=true "HTTP/1.1 200 OK"
2025-12-22 00:19:52,802 - INFO - HTTP Request: PUT http://localhost:6333/collections/law_with_e5_emb_not_finetune/points?wait=true "HTTP/1.1 200 OK"
2025-12-22 00:19:52,860 - INFO - PUT http://localhost:9200/_bulk [status:200 duration:0.054s]
2025-12-22 00:19:55,716 - INFO - HTTP Request: PUT http://localhost:6333/collections/law_with_bge_round1/points?wait=true "HTTP/1.1 200 OK"
2025-12-22 00:19:55,762 - INFO - HTTP Request: PUT http://localhost:6333/collections/law_with_e5_emb_not_finetune/points?wait=true "HTTP/1.1 200 OK"
2025-12-22 00:19:55,814 - INFO - PUT http://localhost:9200/_bulk [status:200 duration:0.050s]
2025-12-22 00:19:58,643 - INFO - HTTP Request: PUT http://localhost:6333/collections/law_with_bge_round1/points?wait=true "HTTP/1.1 200 OK"
2025-12-22 00:19:58,707 - INFO - HTTP Request: PUT http://localhost:6333/collections/law_with_e5_emb_not_finetune/points?wait=true "HTTP/1.1 200 OK"
2025-12-22 00:19:58,758 - INFO - PUT http://localhost:9200/_bulk [status:200 duration:0.049s]
2025-12-22 00:20:01,595 - INFO - HTTP Request: PUT http://localhost:6333/collections/law_with_bge_round1/points?wait=true "HTTP/1.1 200 OK"
2025-12-22 00:20:01,620 - INFO - HTTP Request: PUT http://localhost:6333/collections/law_with_e5_emb_not_finetune/points?wait=true "HTTP/1.1 200 OK"
2025-12-22 00:20:01,676 - INFO - PUT http://localhost:9200/_bulk [status:200 duration:0.052s]
2025-12-22 00:20:04,547 - INFO - HTTP Request: PUT http://localhost:6333/collections/law_with_bge_round1/points?wait=true "HTTP/1.1 200 OK"
2025-12-22 00:20:04,571 - INFO - HTTP Request: PUT http://localhost:6333/collections/law_with_e5_emb_not_finetune/points?wait=true "HTTP/1.1 200 OK"
2025-12-22 00:20:04,623 - INFO - PUT http://localhost:9200/_bulk [status:200 duration:0.049s]
2025-12-22 00:20:07,458 - INFO - HTTP Request: PUT http://localhost:6333/collections/law_with_bge_round1/points?wait=true "HTTP/1.1 200 OK"
2025-12-22 00:20:07,482 - INFO - HTTP Request: PUT http://localhost:6333/collections/law_with_e5_emb_not_finetune/points?wait=true "HTTP/1.1 200 OK"
2025-12-22 00:20:07,535 - INFO - PUT http://localhost:9200/_bulk [status:200 duration:0.050s]
2025-12-22 00:20:10,378 - INFO - HTTP Request: PUT http://localhost:6333/collections/law_with_bge_round1/points?wait=true "HTTP/1.1 200 OK"
2025-12-22 00:20:10,406 - INFO - HTTP Request: PUT http://localhost:6333/collections/law_with_e5_emb_not_finetune/points?wait=true "HTTP/1.1 200 OK"
2025-12-22 00:20:10,460 - INFO - PUT http://localhost:9200/_bulk [status:200 duration:0.052s]
2025-12-22 00:20:13,318 - INFO - HTTP Request: PUT http://localhost:6333/collections/law_with_bge_round1/points?wait=true "HTTP/1.1 200 OK"
2025-12-22 00:20:13,345 - INFO - HTTP Request: PUT http://localhost:6333/collections/law_with_e5_emb_not_finetune/points?wait=true "HTTP/1.1 200 OK"
2025-12-22 00:20:13,358 - INFO - PUT http://localhost:9200/_bulk [status:200 duration:0.010s]
2025-12-22 00:20:16,366 - INFO - HTTP Request: PUT http://localhost:6333/collections/law_with_bge_round1/points?wait=true "HTTP/1.1 200 OK"
2025-12-22 00:20:16,415 - INFO - HTTP Request: PUT http://localhost:6333/collections/law_with_e5_emb_not_finetune/points?wait=true "HTTP/1.1 200 OK"
2025-12-22 00:20:16,428 - INFO - PUT http://localhost:9200/_bulk [status:200 duration:0.010s]
2025-12-22 00:20:19,246 - INFO - HTTP Request: PUT http://localhost:6333/collections/law_with_bge_round1/points?wait=true "HTTP/1.1 200 OK"
2025-12-22 00:20:19,273 - INFO - HTTP Request: PUT http://localhost:6333/collections/law_with_e5_emb_not_finetune/points?wait=true "HTTP/1.1 200 OK"
2025-12-22 00:20:19,285 - INFO - PUT http://localhost:9200/_bulk [status:200 duration:0.008s]
2025-12-22 00:20:22,163 - INFO - HTTP Request: PUT http://localhost:6333/collections/law_with_bge_round1/points?wait=true "HTTP/1.1 200 OK"
2025-12-22 00:20:22,189 - INFO - HTTP Request: PUT http://localhost:6333/collections/law_with_e5_emb_not_finetune/points?wait=true "HTTP/1.1 200 OK"
2025-12-22 00:20:22,203 - INFO - PUT http://localhost:9200/_bulk [status:200 duration:0.011s]
2025-12-22 00:20:25,097 - INFO - HTTP Request: PUT http://localhost:6333/collections/law_with_bge_round1/points?wait=true "HTTP/1.1 200 OK"
2025-12-22 00:20:25,123 - INFO - HTTP Request: PUT http://localhost:6333/collections/law_with_e5_emb_not_finetune/points?wait=true "HTTP/1.1 200 OK"
2025-12-22 00:20:25,135 - INFO - PUT http://localhost:9200/_bulk [status:200 duration:0.009s]
2025-12-22 00:20:27,937 - INFO - HTTP Request: PUT http://localhost:6333/collections/law_with_bge_round1/points?wait=true "HTTP/1.1 200 OK"
2025-12-22 00:20:27,962 - INFO - HTTP Request: PUT http://localhost:6333/collections/law_with_e5_emb_not_finetune/points?wait=true "HTTP/1.1 200 OK"
2025-12-22 00:20:28,016 - INFO - PUT http://localhost:9200/_bulk [status:200 duration:0.051s]
2025-12-22 00:20:30,899 - INFO - HTTP Request: PUT http://localhost:6333/collections/law_with_bge_round1/points?wait=true "HTTP/1.1 200 OK"
2025-12-22 00:20:30,950 - INFO - HTTP Request: PUT http://localhost:6333/collections/law_with_e5_emb_not_finetune/points?wait=true "HTTP/1.1 200 OK"
2025-12-22 00:20:31,013 - INFO - PUT http://localhost:9200/_bulk [status:200 duration:0.060s]
2025-12-22 00:20:33,862 - INFO - HTTP Request: PUT http://localhost:6333/collections/law_with_bge_round1/points?wait=true "HTTP/1.1 200 OK"
2025-12-22 00:20:33,910 - INFO - HTTP Request: PUT http://localhost:6333/collections/law_with_e5_emb_not_finetune/points?wait=true "HTTP/1.1 200 OK"
2025-12-22 00:20:33,925 - INFO - PUT http://localhost:9200/_bulk [status:200 duration:0.012s]
2025-12-22 00:20:37,001 - INFO - HTTP Request: PUT http://localhost:6333/collections/law_with_bge_round1/points?wait=true "HTTP/1.1 200 OK"
2025-12-22 00:20:37,051 - INFO - HTTP Request: PUT http://localhost:6333/collections/law_with_e5_emb_not_finetune/points?wait=true "HTTP/1.1 200 OK"
2025-12-22 00:20:37,067 - INFO - PUT http://localhost:9200/_bulk [status:200 duration:0.010s]
2025-12-22 00:20:39,868 - INFO - HTTP Request: PUT http://localhost:6333/collections/law_with_bge_round1/points?wait=true "HTTP/1.1 200 OK"
2025-12-22 00:20:39,891 - INFO - HTTP Request: PUT http://localhost:6333/collections/law_with_e5_emb_not_finetune/points?wait=true "HTTP/1.1 200 OK"
2025-12-22 00:20:39,946 - INFO - PUT http://localhost:9200/_bulk [status:200 duration:0.052s]
2025-12-22 00:20:41,835 - INFO - HTTP Request: PUT http://localhost:6333/collections/law_with_bge_round1/points?wait=true "HTTP/1.1 200 OK"
2025-12-22 00:20:41,859 - INFO - HTTP Request: PUT http://localhost:6333/collections/law_with_e5_emb_not_finetune/points?wait=true "HTTP/1.1 200 OK"
2025-12-22 00:20:41,914 - INFO - PUT http://localhost:9200/_bulk [status:200 duration:0.052s]
2025-12-22 00:20:44,728 - INFO - HTTP Request: PUT http://localhost:6333/collections/law_with_bge_round1/points?wait=true "HTTP/1.1 200 OK"
2025-12-22 00:20:44,775 - INFO - HTTP Request: PUT http://localhost:6333/collections/law_with_e5_emb_not_finetune/points?wait=true "HTTP/1.1 200 OK"
2025-12-22 00:20:44,835 - INFO - PUT http://localhost:9200/_bulk [status:200 duration:0.058s]
2025-12-22 00:20:47,859 - INFO - HTTP Request: PUT http://localhost:6333/collections/law_with_bge_round1/points?wait=true "HTTP/1.1 200 OK"
2025-12-22 00:20:47,884 - INFO - HTTP Request: PUT http://localhost:6333/collections/law_with_e5_emb_not_finetune/points?wait=true "HTTP/1.1 200 OK"
2025-12-22 00:20:47,938 - INFO - PUT http://localhost:9200/_bulk [status:200 duration:0.051s]
2025-12-22 00:20:50,886 - INFO - HTTP Request: PUT http://localhost:6333/collections/law_with_bge_round1/points?wait=true "HTTP/1.1 200 OK"
2025-12-22 00:20:50,912 - INFO - HTTP Request: PUT http://localhost:6333/collections/law_with_e5_emb_not_finetune/points?wait=true "HTTP/1.1 200 OK"
2025-12-22 00:20:50,926 - INFO - PUT http://localhost:9200/_bulk [status:200 duration:0.010s]
2025-12-22 00:20:53,788 - INFO - HTTP Request: PUT http://localhost:6333/collections/law_with_bge_round1/points?wait=true "HTTP/1.1 200 OK"
2025-12-22 00:20:53,851 - INFO - HTTP Request: PUT http://localhost:6333/collections/law_with_e5_emb_not_finetune/points?wait=true "HTTP/1.1 200 OK"
2025-12-22 00:20:53,907 - INFO - PUT http://localhost:9200/_bulk [status:200 duration:0.053s]
2025-12-22 00:20:56,786 - INFO - HTTP Request: PUT http://localhost:6333/collections/law_with_bge_round1/points?wait=true "HTTP/1.1 200 OK"
2025-12-22 00:20:56,815 - INFO - HTTP Request: PUT http://localhost:6333/collections/law_with_e5_emb_not_finetune/points?wait=true "HTTP/1.1 200 OK"
2025-12-22 00:20:56,873 - INFO - PUT http://localhost:9200/_bulk [status:200 duration:0.056s]
2025-12-22 00:20:59,780 - INFO - HTTP Request: PUT http://localhost:6333/collections/law_with_bge_round1/points?wait=true "HTTP/1.1 200 OK"
2025-12-22 00:20:59,809 - INFO - HTTP Request: PUT http://localhost:6333/collections/law_with_e5_emb_not_finetune/points?wait=true "HTTP/1.1 200 OK"
2025-12-22 00:20:59,823 - INFO - PUT http://localhost:9200/_bulk [status:200 duration:0.011s]
2025-12-22 00:21:02,657 - INFO - HTTP Request: PUT http://localhost:6333/collections/law_with_bge_round1/points?wait=true "HTTP/1.1 200 OK"
2025-12-22 00:21:02,683 - INFO - HTTP Request: PUT http://localhost:6333/collections/law_with_e5_emb_not_finetune/points?wait=true "HTTP/1.1 200 OK"
2025-12-22 00:21:02,738 - INFO - PUT http://localhost:9200/_bulk [status:200 duration:0.052s]
2025-12-22 00:21:05,603 - INFO - HTTP Request: PUT http://localhost:6333/collections/law_with_bge_round1/points?wait=true "HTTP/1.1 200 OK"
2025-12-22 00:21:05,655 - INFO - HTTP Request: PUT http://localhost:6333/collections/law_with_e5_emb_not_finetune/points?wait=true "HTTP/1.1 200 OK"
2025-12-22 00:21:05,707 - INFO - PUT http://localhost:9200/_bulk [status:200 duration:0.049s]
2025-12-22 00:21:08,551 - INFO - HTTP Request: PUT http://localhost:6333/collections/law_with_bge_round1/points?wait=true "HTTP/1.1 200 OK"
2025-12-22 00:21:08,586 - INFO - HTTP Request: PUT http://localhost:6333/collections/law_with_e5_emb_not_finetune/points?wait=true "HTTP/1.1 200 OK"
2025-12-22 00:21:08,599 - INFO - PUT http://localhost:9200/_bulk [status:200 duration:0.010s]
2025-12-22 00:21:11,446 - INFO - HTTP Request: PUT http://localhost:6333/collections/law_with_bge_round1/points?wait=true "HTTP/1.1 200 OK"
2025-12-22 00:21:11,475 - INFO - HTTP Request: PUT http://localhost:6333/collections/law_with_e5_emb_not_finetune/points?wait=true "HTTP/1.1 200 OK"
2025-12-22 00:21:11,531 - INFO - PUT http://localhost:9200/_bulk [status:200 duration:0.053s]
2025-12-22 00:21:14,444 - INFO - HTTP Request: PUT http://localhost:6333/collections/law_with_bge_round1/points?wait=true "HTTP/1.1 200 OK"
2025-12-22 00:21:14,469 - INFO - HTTP Request: PUT http://localhost:6333/collections/law_with_e5_emb_not_finetune/points?wait=true "HTTP/1.1 200 OK"
2025-12-22 00:21:14,526 - INFO - PUT http://localhost:9200/_bulk [status:200 duration:0.054s]
2025-12-22 00:21:17,418 - INFO - HTTP Request: PUT http://localhost:6333/collections/law_with_bge_round1/points?wait=true "HTTP/1.1 200 OK"
2025-12-22 00:21:17,458 - INFO - HTTP Request: PUT http://localhost:6333/collections/law_with_e5_emb_not_finetune/points?wait=true "HTTP/1.1 200 OK"
2025-12-22 00:21:17,513 - INFO - PUT http://localhost:9200/_bulk [status:200 duration:0.052s]
2025-12-22 00:21:20,318 - INFO - HTTP Request: PUT http://localhost:6333/collections/law_with_bge_round1/points?wait=true "HTTP/1.1 200 OK"
2025-12-22 00:21:20,361 - INFO - HTTP Request: PUT http://localhost:6333/collections/law_with_e5_emb_not_finetune/points?wait=true "HTTP/1.1 200 OK"
2025-12-22 00:21:20,410 - INFO - PUT http://localhost:9200/_bulk [status:200 duration:0.047s]
2025-12-22 00:21:23,314 - INFO - HTTP Request: PUT http://localhost:6333/collections/law_with_bge_round1/points?wait=true "HTTP/1.1 200 OK"
2025-12-22 00:21:23,338 - INFO - HTTP Request: PUT http://localhost:6333/collections/law_with_e5_emb_not_finetune/points?wait=true "HTTP/1.1 200 OK"
2025-12-22 00:21:23,391 - INFO - PUT http://localhost:9200/_bulk [status:200 duration:0.050s]
2025-12-22 00:21:26,219 - INFO - HTTP Request: PUT http://localhost:6333/collections/law_with_bge_round1/points?wait=true "HTTP/1.1 200 OK"
2025-12-22 00:21:26,259 - INFO - HTTP Request: PUT http://localhost:6333/collections/law_with_e5_emb_not_finetune/points?wait=true "HTTP/1.1 200 OK"
2025-12-22 00:21:26,270 - INFO - PUT http://localhost:9200/_bulk [status:200 duration:0.008s]
2025-12-22 00:21:29,076 - INFO - HTTP Request: PUT http://localhost:6333/collections/law_with_bge_round1/points?wait=true "HTTP/1.1 200 OK"
2025-12-22 00:21:29,101 - INFO - HTTP Request: PUT http://localhost:6333/collections/law_with_e5_emb_not_finetune/points?wait=true "HTTP/1.1 200 OK"
2025-12-22 00:21:29,155 - INFO - PUT http://localhost:9200/_bulk [status:200 duration:0.052s]
2025-12-22 00:21:31,696 - INFO - HTTP Request: PUT http://localhost:6333/collections/law_with_bge_round1/points?wait=true "HTTP/1.1 200 OK"
2025-12-22 00:21:31,766 - INFO - HTTP Request: PUT http://localhost:6333/collections/law_with_e5_emb_not_finetune/points?wait=true "HTTP/1.1 200 OK"
2025-12-22 00:21:31,829 - INFO - PUT http://localhost:9200/_bulk [status:200 duration:0.060s]
2025-12-22 00:21:34,734 - INFO - HTTP Request: PUT http://localhost:6333/collections/law_with_bge_round1/points?wait=true "HTTP/1.1 200 OK"
2025-12-22 00:21:34,763 - INFO - HTTP Request: PUT http://localhost:6333/collections/law_with_e5_emb_not_finetune/points?wait=true "HTTP/1.1 200 OK"
2025-12-22 00:21:34,814 - INFO - PUT http://localhost:9200/_bulk [status:200 duration:0.049s]
2025-12-22 00:21:37,662 - INFO - HTTP Request: PUT http://localhost:6333/collections/law_with_bge_round1/points?wait=true "HTTP/1.1 200 OK"
2025-12-22 00:21:37,687 - INFO - HTTP Request: PUT http://localhost:6333/collections/law_with_e5_emb_not_finetune/points?wait=true "HTTP/1.1 200 OK"
2025-12-22 00:21:37,742 - INFO - PUT http://localhost:9200/_bulk [status:200 duration:0.053s]
2025-12-22 00:21:40,607 - INFO - HTTP Request: PUT http://localhost:6333/collections/law_with_bge_round1/points?wait=true "HTTP/1.1 200 OK"
2025-12-22 00:21:40,633 - INFO - HTTP Request: PUT http://localhost:6333/collections/law_with_e5_emb_not_finetune/points?wait=true "HTTP/1.1 200 OK"
2025-12-22 00:21:40,691 - INFO - PUT http://localhost:9200/_bulk [status:200 duration:0.055s]
2025-12-22 00:21:43,573 - INFO - HTTP Request: PUT http://localhost:6333/collections/law_with_bge_round1/points?wait=true "HTTP/1.1 200 OK"
2025-12-22 00:21:43,596 - INFO - HTTP Request: PUT http://localhost:6333/collections/law_with_e5_emb_not_finetune/points?wait=true "HTTP/1.1 200 OK"
2025-12-22 00:21:43,653 - INFO - PUT http://localhost:9200/_bulk [status:200 duration:0.054s]
2025-12-22 00:21:46,632 - INFO - HTTP Request: PUT http://localhost:6333/collections/law_with_bge_round1/points?wait=true "HTTP/1.1 200 OK"
2025-12-22 00:21:46,656 - INFO - HTTP Request: PUT http://localhost:6333/collections/law_with_e5_emb_not_finetune/points?wait=true "HTTP/1.1 200 OK"
2025-12-22 00:21:46,714 - INFO - PUT http://localhost:9200/_bulk [status:200 duration:0.055s]
2025-12-22 00:21:49,542 - INFO - HTTP Request: PUT http://localhost:6333/collections/law_with_bge_round1/points?wait=true "HTTP/1.1 200 OK"
2025-12-22 00:21:49,577 - INFO - HTTP Request: PUT http://localhost:6333/collections/law_with_e5_emb_not_finetune/points?wait=true "HTTP/1.1 200 OK"
2025-12-22 00:21:49,629 - INFO - PUT http://localhost:9200/_bulk [status:200 duration:0.050s]
2025-12-22 00:21:52,405 - INFO - HTTP Request: PUT http://localhost:6333/collections/law_with_bge_round1/points?wait=true "HTTP/1.1 200 OK"
2025-12-22 00:21:52,437 - INFO - HTTP Request: PUT http://localhost:6333/collections/law_with_e5_emb_not_finetune/points?wait=true "HTTP/1.1 200 OK"
2025-12-22 00:21:52,449 - INFO - PUT http://localhost:9200/_bulk [status:200 duration:0.009s]
2025-12-22 00:21:55,348 - INFO - HTTP Request: PUT http://localhost:6333/collections/law_with_bge_round1/points?wait=true "HTTP/1.1 200 OK"
2025-12-22 00:21:55,376 - INFO - HTTP Request: PUT http://localhost:6333/collections/law_with_e5_emb_not_finetune/points?wait=true "HTTP/1.1 200 OK"
2025-12-22 00:21:55,431 - INFO - PUT http://localhost:9200/_bulk [status:200 duration:0.052s]
2025-12-22 00:21:58,264 - INFO - HTTP Request: PUT http://localhost:6333/collections/law_with_bge_round1/points?wait=true "HTTP/1.1 200 OK"
2025-12-22 00:21:58,320 - INFO - HTTP Request: PUT http://localhost:6333/collections/law_with_e5_emb_not_finetune/points?wait=true "HTTP/1.1 200 OK"
2025-12-22 00:21:58,375 - INFO - PUT http://localhost:9200/_bulk [status:200 duration:0.051s]
2025-12-22 00:22:01,291 - INFO - HTTP Request: PUT http://localhost:6333/collections/law_with_bge_round1/points?wait=true "HTTP/1.1 200 OK"
2025-12-22 00:22:01,339 - INFO - HTTP Request: PUT http://localhost:6333/collections/law_with_e5_emb_not_finetune/points?wait=true "HTTP/1.1 200 OK"
2025-12-22 00:22:01,353 - INFO - PUT http://localhost:9200/_bulk [status:200 duration:0.011s]
2025-12-22 00:22:04,087 - INFO - HTTP Request: PUT http://localhost:6333/collections/law_with_bge_round1/points?wait=true "HTTP/1.1 200 OK"
2025-12-22 00:22:04,116 - INFO - HTTP Request: PUT http://localhost:6333/collections/law_with_e5_emb_not_finetune/points?wait=true "HTTP/1.1 200 OK"
2025-12-22 00:22:04,127 - INFO - PUT http://localhost:9200/_bulk [status:200 duration:0.008s]
2025-12-22 00:22:07,019 - INFO - HTTP Request: PUT http://localhost:6333/collections/law_with_bge_round1/points?wait=true "HTTP/1.1 200 OK"
2025-12-22 00:22:07,051 - INFO - HTTP Request: PUT http://localhost:6333/collections/law_with_e5_emb_not_finetune/points?wait=true "HTTP/1.1 200 OK"
2025-12-22 00:22:07,069 - INFO - PUT http://localhost:9200/_bulk [status:200 duration:0.013s]
2025-12-22 00:22:09,939 - INFO - HTTP Request: PUT http://localhost:6333/collections/law_with_bge_round1/points?wait=true "HTTP/1.1 200 OK"
2025-12-22 00:22:09,987 - INFO - HTTP Request: PUT http://localhost:6333/collections/law_with_e5_emb_not_finetune/points?wait=true "HTTP/1.1 200 OK"
2025-12-22 00:22:10,001 - INFO - PUT http://localhost:9200/_bulk [status:200 duration:0.011s]
2025-12-22 00:22:12,861 - INFO - HTTP Request: PUT http://localhost:6333/collections/law_with_bge_round1/points?wait=true "HTTP/1.1 200 OK"
2025-12-22 00:22:12,894 - INFO - HTTP Request: PUT http://localhost:6333/collections/law_with_e5_emb_not_finetune/points?wait=true "HTTP/1.1 200 OK"
2025-12-22 00:22:12,949 - INFO - PUT http://localhost:9200/_bulk [status:200 duration:0.053s]
2025-12-22 00:22:15,749 - INFO - HTTP Request: PUT http://localhost:6333/collections/law_with_bge_round1/points?wait=true "HTTP/1.1 200 OK"
2025-12-22 00:22:15,774 - INFO - HTTP Request: PUT http://localhost:6333/collections/law_with_e5_emb_not_finetune/points?wait=true "HTTP/1.1 200 OK"
2025-12-22 00:22:15,827 - INFO - PUT http://localhost:9200/_bulk [status:200 duration:0.050s]
2025-12-22 00:22:18,617 - INFO - HTTP Request: PUT http://localhost:6333/collections/law_with_bge_round1/points?wait=true "HTTP/1.1 200 OK"
2025-12-22 00:22:18,645 - INFO - HTTP Request: PUT http://localhost:6333/collections/law_with_e5_emb_not_finetune/points?wait=true "HTTP/1.1 200 OK"
2025-12-22 00:22:18,656 - INFO - PUT http://localhost:9200/_bulk [status:200 duration:0.009s]
2025-12-22 00:22:21,452 - INFO - HTTP Request: PUT http://localhost:6333/collections/law_with_bge_round1/points?wait=true "HTTP/1.1 200 OK"
2025-12-22 00:22:21,489 - INFO - HTTP Request: PUT http://localhost:6333/collections/law_with_e5_emb_not_finetune/points?wait=true "HTTP/1.1 200 OK"
2025-12-22 00:22:21,540 - INFO - PUT http://localhost:9200/_bulk [status:200 duration:0.049s]
2025-12-22 00:22:24,366 - INFO - HTTP Request: PUT http://localhost:6333/collections/law_with_bge_round1/points?wait=true "HTTP/1.1 200 OK"
2025-12-22 00:22:24,392 - INFO - HTTP Request: PUT http://localhost:6333/collections/law_with_e5_emb_not_finetune/points?wait=true "HTTP/1.1 200 OK"
2025-12-22 00:22:24,444 - INFO - PUT http://localhost:9200/_bulk [status:200 duration:0.048s]
2025-12-22 00:22:27,280 - INFO - HTTP Request: PUT http://localhost:6333/collections/law_with_bge_round1/points?wait=true "HTTP/1.1 200 OK"
2025-12-22 00:22:27,308 - INFO - HTTP Request: PUT http://localhost:6333/collections/law_with_e5_emb_not_finetune/points?wait=true "HTTP/1.1 200 OK"
2025-12-22 00:22:27,318 - INFO - PUT http://localhost:9200/_bulk [status:200 duration:0.008s]
2025-12-22 00:22:30,175 - INFO - HTTP Request: PUT http://localhost:6333/collections/law_with_bge_round1/points?wait=true "HTTP/1.1 200 OK"
2025-12-22 00:22:30,235 - INFO - HTTP Request: PUT http://localhost:6333/collections/law_with_e5_emb_not_finetune/points?wait=true "HTTP/1.1 200 OK"
2025-12-22 00:22:30,290 - INFO - PUT http://localhost:9200/_bulk [status:200 duration:0.051s]
2025-12-22 00:22:33,098 - INFO - HTTP Request: PUT http://localhost:6333/collections/law_with_bge_round1/points?wait=true "HTTP/1.1 200 OK"
2025-12-22 00:22:33,152 - INFO - HTTP Request: PUT http://localhost:6333/collections/law_with_e5_emb_not_finetune/points?wait=true "HTTP/1.1 200 OK"
2025-12-22 00:22:33,209 - INFO - PUT http://localhost:9200/_bulk [status:200 duration:0.055s]
2025-12-22 00:22:36,008 - INFO - HTTP Request: PUT http://localhost:6333/collections/law_with_bge_round1/points?wait=true "HTTP/1.1 200 OK"
2025-12-22 00:22:36,042 - INFO - HTTP Request: PUT http://localhost:6333/collections/law_with_e5_emb_not_finetune/points?wait=true "HTTP/1.1 200 OK"
2025-12-22 00:22:36,056 - INFO - PUT http://localhost:9200/_bulk [status:200 duration:0.011s]
2025-12-22 00:22:38,851 - INFO - HTTP Request: PUT http://localhost:6333/collections/law_with_bge_round1/points?wait=true "HTTP/1.1 200 OK"
2025-12-22 00:22:38,880 - INFO - HTTP Request: PUT http://localhost:6333/collections/law_with_e5_emb_not_finetune/points?wait=true "HTTP/1.1 200 OK"
2025-12-22 00:22:38,931 - INFO - PUT http://localhost:9200/_bulk [status:200 duration:0.048s]
2025-12-22 00:22:41,746 - INFO - HTTP Request: PUT http://localhost:6333/collections/law_with_bge_round1/points?wait=true "HTTP/1.1 200 OK"
2025-12-22 00:22:41,810 - INFO - HTTP Request: PUT http://localhost:6333/collections/law_with_e5_emb_not_finetune/points?wait=true "HTTP/1.1 200 OK"
2025-12-22 00:22:41,864 - INFO - PUT http://localhost:9200/_bulk [status:200 duration:0.051s]
2025-12-22 00:22:44,638 - INFO - HTTP Request: PUT http://localhost:6333/collections/law_with_bge_round1/points?wait=true "HTTP/1.1 200 OK"
2025-12-22 00:22:44,671 - INFO - HTTP Request: PUT http://localhost:6333/collections/law_with_e5_emb_not_finetune/points?wait=true "HTTP/1.1 200 OK"
2025-12-22 00:22:44,722 - INFO - PUT http://localhost:9200/_bulk [status:200 duration:0.048s]
2025-12-22 00:22:47,671 - INFO - HTTP Request: PUT http://localhost:6333/collections/law_with_bge_round1/points?wait=true "HTTP/1.1 200 OK"
2025-12-22 00:22:47,718 - INFO - HTTP Request: PUT http://localhost:6333/collections/law_with_e5_emb_not_finetune/points?wait=true "HTTP/1.1 200 OK"
2025-12-22 00:22:47,730 - INFO - PUT http://localhost:9200/_bulk [status:200 duration:0.009s]
2025-12-22 00:22:50,628 - INFO - HTTP Request: PUT http://localhost:6333/collections/law_with_bge_round1/points?wait=true "HTTP/1.1 200 OK"
2025-12-22 00:22:50,656 - INFO - HTTP Request: PUT http://localhost:6333/collections/law_with_e5_emb_not_finetune/points?wait=true "HTTP/1.1 200 OK"
2025-12-22 00:22:50,667 - INFO - PUT http://localhost:9200/_bulk [status:200 duration:0.009s]
2025-12-22 00:22:53,536 - INFO - HTTP Request: PUT http://localhost:6333/collections/law_with_bge_round1/points?wait=true "HTTP/1.1 200 OK"
2025-12-22 00:22:53,564 - INFO - HTTP Request: PUT http://localhost:6333/collections/law_with_e5_emb_not_finetune/points?wait=true "HTTP/1.1 200 OK"
2025-12-22 00:22:53,576 - INFO - PUT http://localhost:9200/_bulk [status:200 duration:0.008s]
2025-12-22 00:22:56,417 - INFO - HTTP Request: PUT http://localhost:6333/collections/law_with_bge_round1/points?wait=true "HTTP/1.1 200 OK"
2025-12-22 00:22:56,451 - INFO - HTTP Request: PUT http://localhost:6333/collections/law_with_e5_emb_not_finetune/points?wait=true "HTTP/1.1 200 OK"
2025-12-22 00:22:56,503 - INFO - PUT http://localhost:9200/_bulk [status:200 duration:0.049s]
2025-12-22 00:22:59,353 - INFO - HTTP Request: PUT http://localhost:6333/collections/law_with_bge_round1/points?wait=true "HTTP/1.1 200 OK"
2025-12-22 00:22:59,416 - INFO - HTTP Request: PUT http://localhost:6333/collections/law_with_e5_emb_not_finetune/points?wait=true "HTTP/1.1 200 OK"
2025-12-22 00:22:59,465 - INFO - PUT http://localhost:9200/_bulk [status:200 duration:0.047s]
2025-12-22 00:23:02,007 - INFO - HTTP Request: PUT http://localhost:6333/collections/law_with_bge_round1/points?wait=true "HTTP/1.1 200 OK"
2025-12-22 00:23:02,038 - INFO - HTTP Request: PUT http://localhost:6333/collections/law_with_e5_emb_not_finetune/points?wait=true "HTTP/1.1 200 OK"
2025-12-22 00:23:02,089 - INFO - PUT http://localhost:9200/_bulk [status:200 duration:0.047s]
2025-12-22 00:23:04,902 - INFO - HTTP Request: PUT http://localhost:6333/collections/law_with_bge_round1/points?wait=true "HTTP/1.1 200 OK"
2025-12-22 00:23:04,928 - INFO - HTTP Request: PUT http://localhost:6333/collections/law_with_e5_emb_not_finetune/points?wait=true "HTTP/1.1 200 OK"
2025-12-22 00:23:04,939 - INFO - PUT http://localhost:9200/_bulk [status:200 duration:0.008s]
2025-12-22 00:23:07,794 - INFO - HTTP Request: PUT http://localhost:6333/collections/law_with_bge_round1/points?wait=true "HTTP/1.1 200 OK"
2025-12-22 00:23:07,827 - INFO - HTTP Request: PUT http://localhost:6333/collections/law_with_e5_emb_not_finetune/points?wait=true "HTTP/1.1 200 OK"
2025-12-22 00:23:07,840 - INFO - PUT http://localhost:9200/_bulk [status:200 duration:0.010s]
2025-12-22 00:23:10,749 - INFO - HTTP Request: PUT http://localhost:6333/collections/law_with_bge_round1/points?wait=true "HTTP/1.1 200 OK"
2025-12-22 00:23:10,810 - INFO - HTTP Request: PUT http://localhost:6333/collections/law_with_e5_emb_not_finetune/points?wait=true "HTTP/1.1 200 OK"
2025-12-22 00:23:10,824 - INFO - PUT http://localhost:9200/_bulk [status:200 duration:0.011s]
2025-12-22 00:23:13,669 - INFO - HTTP Request: PUT http://localhost:6333/collections/law_with_bge_round1/points?wait=true "HTTP/1.1 200 OK"
2025-12-22 00:23:13,727 - INFO - HTTP Request: PUT http://localhost:6333/collections/law_with_e5_emb_not_finetune/points?wait=true "HTTP/1.1 200 OK"
2025-12-22 00:23:13,738 - INFO - PUT http://localhost:9200/_bulk [status:200 duration:0.008s]
2025-12-22 00:23:16,574 - INFO - HTTP Request: PUT http://localhost:6333/collections/law_with_bge_round1/points?wait=true "HTTP/1.1 200 OK"
2025-12-22 00:23:16,666 - INFO - HTTP Request: PUT http://localhost:6333/collections/law_with_e5_emb_not_finetune/points?wait=true "HTTP/1.1 200 OK"
2025-12-22 00:23:16,724 - INFO - PUT http://localhost:9200/_bulk [status:200 duration:0.055s]
2025-12-22 00:23:19,508 - INFO - HTTP Request: PUT http://localhost:6333/collections/law_with_bge_round1/points?wait=true "HTTP/1.1 200 OK"
2025-12-22 00:23:19,551 - INFO - HTTP Request: PUT http://localhost:6333/collections/law_with_e5_emb_not_finetune/points?wait=true "HTTP/1.1 200 OK"
2025-12-22 00:23:19,563 - INFO - PUT http://localhost:9200/_bulk [status:200 duration:0.008s]
2025-12-22 00:23:22,409 - INFO - HTTP Request: PUT http://localhost:6333/collections/law_with_bge_round1/points?wait=true "HTTP/1.1 200 OK"
2025-12-22 00:23:22,465 - INFO - HTTP Request: PUT http://localhost:6333/collections/law_with_e5_emb_not_finetune/points?wait=true "HTTP/1.1 200 OK"
2025-12-22 00:23:22,478 - INFO - PUT http://localhost:9200/_bulk [status:200 duration:0.009s]
2025-12-22 00:23:25,301 - INFO - HTTP Request: PUT http://localhost:6333/collections/law_with_bge_round1/points?wait=true "HTTP/1.1 200 OK"
2025-12-22 00:23:25,361 - INFO - HTTP Request: PUT http://localhost:6333/collections/law_with_e5_emb_not_finetune/points?wait=true "HTTP/1.1 200 OK"
2025-12-22 00:23:25,418 - INFO - PUT http://localhost:9200/_bulk [status:200 duration:0.054s]
2025-12-22 00:23:28,234 - INFO - HTTP Request: PUT http://localhost:6333/collections/law_with_bge_round1/points?wait=true "HTTP/1.1 200 OK"
2025-12-22 00:23:28,266 - INFO - HTTP Request: PUT http://localhost:6333/collections/law_with_e5_emb_not_finetune/points?wait=true "HTTP/1.1 200 OK"
2025-12-22 00:23:28,280 - INFO - PUT http://localhost:9200/_bulk [status:200 duration:0.012s]
2025-12-22 00:23:31,113 - INFO - HTTP Request: PUT http://localhost:6333/collections/law_with_bge_round1/points?wait=true "HTTP/1.1 200 OK"
2025-12-22 00:23:31,155 - INFO - HTTP Request: PUT http://localhost:6333/collections/law_with_e5_emb_not_finetune/points?wait=true "HTTP/1.1 200 OK"
2025-12-22 00:23:31,211 - INFO - PUT http://localhost:9200/_bulk [status:200 duration:0.053s]
2025-12-22 00:23:34,083 - INFO - HTTP Request: PUT http://localhost:6333/collections/law_with_bge_round1/points?wait=true "HTTP/1.1 200 OK"
2025-12-22 00:23:34,140 - INFO - HTTP Request: PUT http://localhost:6333/collections/law_with_e5_emb_not_finetune/points?wait=true "HTTP/1.1 200 OK"
2025-12-22 00:23:34,158 - INFO - PUT http://localhost:9200/_bulk [status:200 duration:0.015s]
2025-12-22 00:23:37,010 - INFO - HTTP Request: PUT http://localhost:6333/collections/law_with_bge_round1/points?wait=true "HTTP/1.1 200 OK"
2025-12-22 00:23:37,072 - INFO - HTTP Request: PUT http://localhost:6333/collections/law_with_e5_emb_not_finetune/points?wait=true "HTTP/1.1 200 OK"
2025-12-22 00:23:37,089 - INFO - PUT http://localhost:9200/_bulk [status:200 duration:0.013s]
2025-12-22 00:23:39,975 - INFO - HTTP Request: PUT http://localhost:6333/collections/law_with_bge_round1/points?wait=true "HTTP/1.1 200 OK"
2025-12-22 00:23:40,060 - INFO - HTTP Request: PUT http://localhost:6333/collections/law_with_e5_emb_not_finetune/points?wait=true "HTTP/1.1 200 OK"
2025-12-22 00:23:40,073 - INFO - PUT http://localhost:9200/_bulk [status:200 duration:0.009s]
2025-12-22 00:23:42,919 - INFO - HTTP Request: PUT http://localhost:6333/collections/law_with_bge_round1/points?wait=true "HTTP/1.1 200 OK"
2025-12-22 00:23:42,964 - INFO - HTTP Request: PUT http://localhost:6333/collections/law_with_e5_emb_not_finetune/points?wait=true "HTTP/1.1 200 OK"
2025-12-22 00:23:43,022 - INFO - PUT http://localhost:9200/_bulk [status:200 duration:0.054s]
2025-12-22 00:23:45,842 - INFO - HTTP Request: PUT http://localhost:6333/collections/law_with_bge_round1/points?wait=true "HTTP/1.1 200 OK"
2025-12-22 00:23:45,909 - INFO - HTTP Request: PUT http://localhost:6333/collections/law_with_e5_emb_not_finetune/points?wait=true "HTTP/1.1 200 OK"
2025-12-22 00:23:45,965 - INFO - PUT http://localhost:9200/_bulk [status:200 duration:0.053s]
2025-12-22 00:23:48,755 - INFO - HTTP Request: PUT http://localhost:6333/collections/law_with_bge_round1/points?wait=true "HTTP/1.1 200 OK"
2025-12-22 00:23:48,790 - INFO - HTTP Request: PUT http://localhost:6333/collections/law_with_e5_emb_not_finetune/points?wait=true "HTTP/1.1 200 OK"
2025-12-22 00:23:48,847 - INFO - PUT http://localhost:9200/_bulk [status:200 duration:0.054s]
2025-12-22 00:23:51,688 - INFO - HTTP Request: PUT http://localhost:6333/collections/law_with_bge_round1/points?wait=true "HTTP/1.1 200 OK"
2025-12-22 00:23:51,715 - INFO - HTTP Request: PUT http://localhost:6333/collections/law_with_e5_emb_not_finetune/points?wait=true "HTTP/1.1 200 OK"
2025-12-22 00:23:51,729 - INFO - PUT http://localhost:9200/_bulk [status:200 duration:0.011s]
2025-12-22 00:23:54,608 - INFO - HTTP Request: PUT http://localhost:6333/collections/law_with_bge_round1/points?wait=true "HTTP/1.1 200 OK"
2025-12-22 00:23:54,637 - INFO - HTTP Request: PUT http://localhost:6333/collections/law_with_e5_emb_not_finetune/points?wait=true "HTTP/1.1 200 OK"
2025-12-22 00:23:54,693 - INFO - PUT http://localhost:9200/_bulk [status:200 duration:0.053s]
2025-12-22 00:23:57,571 - INFO - HTTP Request: PUT http://localhost:6333/collections/law_with_bge_round1/points?wait=true "HTTP/1.1 200 OK"
2025-12-22 00:23:57,596 - INFO - HTTP Request: PUT http://localhost:6333/collections/law_with_e5_emb_not_finetune/points?wait=true "HTTP/1.1 200 OK"
2025-12-22 00:23:57,629 - INFO - PUT http://localhost:9200/_bulk [status:200 duration:0.030s]
2025-12-22 00:24:00,522 - INFO - HTTP Request: PUT http://localhost:6333/collections/law_with_bge_round1/points?wait=true "HTTP/1.1 200 OK"
2025-12-22 00:24:00,550 - INFO - HTTP Request: PUT http://localhost:6333/collections/law_with_e5_emb_not_finetune/points?wait=true "HTTP/1.1 200 OK"
2025-12-22 00:24:00,560 - INFO - PUT http://localhost:9200/_bulk [status:200 duration:0.007s]
2025-12-22 00:24:03,392 - INFO - HTTP Request: PUT http://localhost:6333/collections/law_with_bge_round1/points?wait=true "HTTP/1.1 200 OK"
2025-12-22 00:24:03,433 - INFO - HTTP Request: PUT http://localhost:6333/collections/law_with_e5_emb_not_finetune/points?wait=true "HTTP/1.1 200 OK"
2025-12-22 00:24:03,484 - INFO - PUT http://localhost:9200/_bulk [status:200 duration:0.049s]
2025-12-22 00:24:06,298 - INFO - HTTP Request: PUT http://localhost:6333/collections/law_with_bge_round1/points?wait=true "HTTP/1.1 200 OK"
2025-12-22 00:24:06,335 - INFO - HTTP Request: PUT http://localhost:6333/collections/law_with_e5_emb_not_finetune/points?wait=true "HTTP/1.1 200 OK"
2025-12-22 00:24:06,348 - INFO - PUT http://localhost:9200/_bulk [status:200 duration:0.009s]
2025-12-22 00:24:09,183 - INFO - HTTP Request: PUT http://localhost:6333/collections/law_with_bge_round1/points?wait=true "HTTP/1.1 200 OK"
2025-12-22 00:24:09,209 - INFO - HTTP Request: PUT http://localhost:6333/collections/law_with_e5_emb_not_finetune/points?wait=true "HTTP/1.1 200 OK"
2025-12-22 00:24:09,260 - INFO - PUT http://localhost:9200/_bulk [status:200 duration:0.049s]
2025-12-22 00:24:12,087 - INFO - HTTP Request: PUT http://localhost:6333/collections/law_with_bge_round1/points?wait=true "HTTP/1.1 200 OK"
2025-12-22 00:24:12,128 - INFO - HTTP Request: PUT http://localhost:6333/collections/law_with_e5_emb_not_finetune/points?wait=true "HTTP/1.1 200 OK"
2025-12-22 00:24:12,137 - INFO - PUT http://localhost:9200/_bulk [status:200 duration:0.007s]
2025-12-22 00:24:14,989 - INFO - HTTP Request: PUT http://localhost:6333/collections/law_with_bge_round1/points?wait=true "HTTP/1.1 200 OK"
2025-12-22 00:24:15,015 - INFO - HTTP Request: PUT http://localhost:6333/collections/law_with_e5_emb_not_finetune/points?wait=true "HTTP/1.1 200 OK"
2025-12-22 00:24:15,026 - INFO - PUT http://localhost:9200/_bulk [status:200 duration:0.008s]
2025-12-22 00:24:17,927 - INFO - HTTP Request: PUT http://localhost:6333/collections/law_with_bge_round1/points?wait=true "HTTP/1.1 200 OK"
2025-12-22 00:24:17,981 - INFO - HTTP Request: PUT http://localhost:6333/collections/law_with_e5_emb_not_finetune/points?wait=true "HTTP/1.1 200 OK"
2025-12-22 00:24:18,040 - INFO - PUT http://localhost:9200/_bulk [status:200 duration:0.056s]
2025-12-22 00:24:20,909 - INFO - HTTP Request: PUT http://localhost:6333/collections/law_with_bge_round1/points?wait=true "HTTP/1.1 200 OK"
2025-12-22 00:24:20,935 - INFO - HTTP Request: PUT http://localhost:6333/collections/law_with_e5_emb_not_finetune/points?wait=true "HTTP/1.1 200 OK"
2025-12-22 00:24:20,946 - INFO - PUT http://localhost:9200/_bulk [status:200 duration:0.008s]
2025-12-22 00:24:23,790 - INFO - HTTP Request: PUT http://localhost:6333/collections/law_with_bge_round1/points?wait=true "HTTP/1.1 200 OK"
2025-12-22 00:24:23,816 - INFO - HTTP Request: PUT http://localhost:6333/collections/law_with_e5_emb_not_finetune/points?wait=true "HTTP/1.1 200 OK"
2025-12-22 00:24:23,829 - INFO - PUT http://localhost:9200/_bulk [status:200 duration:0.008s]
2025-12-22 00:24:26,635 - INFO - HTTP Request: PUT http://localhost:6333/collections/law_with_bge_round1/points?wait=true "HTTP/1.1 200 OK"
2025-12-22 00:24:26,697 - INFO - HTTP Request: PUT http://localhost:6333/collections/law_with_e5_emb_not_finetune/points?wait=true "HTTP/1.1 200 OK"
2025-12-22 00:24:26,709 - INFO - PUT http://localhost:9200/_bulk [status:200 duration:0.008s]
2025-12-22 00:24:29,570 - INFO - HTTP Request: PUT http://localhost:6333/collections/law_with_bge_round1/points?wait=true "HTTP/1.1 200 OK"
2025-12-22 00:24:29,597 - INFO - HTTP Request: PUT http://localhost:6333/collections/law_with_e5_emb_not_finetune/points?wait=true "HTTP/1.1 200 OK"
2025-12-22 00:24:29,626 - INFO - PUT http://localhost:9200/_bulk [status:200 duration:0.026s]
2025-12-22 00:24:32,442 - INFO - HTTP Request: PUT http://localhost:6333/collections/law_with_bge_round1/points?wait=true "HTTP/1.1 200 OK"
2025-12-22 00:24:32,468 - INFO - HTTP Request: PUT http://localhost:6333/collections/law_with_e5_emb_not_finetune/points?wait=true "HTTP/1.1 200 OK"
2025-12-22 00:24:32,479 - INFO - PUT http://localhost:9200/_bulk [status:200 duration:0.008s]
2025-12-22 00:24:35,378 - INFO - HTTP Request: PUT http://localhost:6333/collections/law_with_bge_round1/points?wait=true "HTTP/1.1 200 OK"
2025-12-22 00:24:35,429 - INFO - HTTP Request: PUT http://localhost:6333/collections/law_with_e5_emb_not_finetune/points?wait=true "HTTP/1.1 200 OK"
2025-12-22 00:24:35,489 - INFO - PUT http://localhost:9200/_bulk [status:200 duration:0.057s]
2025-12-22 00:24:38,311 - INFO - HTTP Request: PUT http://localhost:6333/collections/law_with_bge_round1/points?wait=true "HTTP/1.1 200 OK"
2025-12-22 00:24:38,335 - INFO - HTTP Request: PUT http://localhost:6333/collections/law_with_e5_emb_not_finetune/points?wait=true "HTTP/1.1 200 OK"
2025-12-22 00:24:38,393 - INFO - PUT http://localhost:9200/_bulk [status:200 duration:0.055s]
2025-12-22 00:24:41,343 - INFO - HTTP Request: PUT http://localhost:6333/collections/law_with_bge_round1/points?wait=true "HTTP/1.1 200 OK"
2025-12-22 00:24:41,390 - INFO - HTTP Request: PUT http://localhost:6333/collections/law_with_e5_emb_not_finetune/points?wait=true "HTTP/1.1 200 OK"
2025-12-22 00:24:41,442 - INFO - PUT http://localhost:9200/_bulk [status:200 duration:0.050s]
2025-12-22 00:24:44,235 - INFO - HTTP Request: PUT http://localhost:6333/collections/law_with_bge_round1/points?wait=true "HTTP/1.1 200 OK"
2025-12-22 00:24:44,263 - INFO - HTTP Request: PUT http://localhost:6333/collections/law_with_e5_emb_not_finetune/points?wait=true "HTTP/1.1 200 OK"
2025-12-22 00:24:44,320 - INFO - PUT http://localhost:9200/_bulk [status:200 duration:0.054s]
2025-12-22 00:24:47,203 - INFO - HTTP Request: PUT http://localhost:6333/collections/law_with_bge_round1/points?wait=true "HTTP/1.1 200 OK"
2025-12-22 00:24:47,230 - INFO - HTTP Request: PUT http://localhost:6333/collections/law_with_e5_emb_not_finetune/points?wait=true "HTTP/1.1 200 OK"
2025-12-22 00:24:47,286 - INFO - PUT http://localhost:9200/_bulk [status:200 duration:0.053s]
2025-12-22 00:24:50,207 - INFO - HTTP Request: PUT http://localhost:6333/collections/law_with_bge_round1/points?wait=true "HTTP/1.1 200 OK"
2025-12-22 00:24:50,236 - INFO - HTTP Request: PUT http://localhost:6333/collections/law_with_e5_emb_not_finetune/points?wait=true "HTTP/1.1 200 OK"
2025-12-22 00:24:50,302 - INFO - PUT http://localhost:9200/_bulk [status:200 duration:0.062s]
2025-12-22 00:24:53,265 - INFO - HTTP Request: PUT http://localhost:6333/collections/law_with_bge_round1/points?wait=true "HTTP/1.1 200 OK"
2025-12-22 00:24:53,309 - INFO - HTTP Request: PUT http://localhost:6333/collections/law_with_e5_emb_not_finetune/points?wait=true "HTTP/1.1 200 OK"
2025-12-22 00:24:53,366 - INFO - PUT http://localhost:9200/_bulk [status:200 duration:0.053s]
2025-12-22 00:24:56,312 - INFO - HTTP Request: PUT http://localhost:6333/collections/law_with_bge_round1/points?wait=true "HTTP/1.1 200 OK"
2025-12-22 00:24:56,339 - INFO - HTTP Request: PUT http://localhost:6333/collections/law_with_e5_emb_not_finetune/points?wait=true "HTTP/1.1 200 OK"
2025-12-22 00:24:56,351 - INFO - PUT http://localhost:9200/_bulk [status:200 duration:0.009s]
2025-12-22 00:24:59,198 - INFO - HTTP Request: PUT http://localhost:6333/collections/law_with_bge_round1/points?wait=true "HTTP/1.1 200 OK"
2025-12-22 00:24:59,257 - INFO - HTTP Request: PUT http://localhost:6333/collections/law_with_e5_emb_not_finetune/points?wait=true "HTTP/1.1 200 OK"
2025-12-22 00:24:59,311 - INFO - PUT http://localhost:9200/_bulk [status:200 duration:0.051s]
2025-12-22 00:25:02,178 - INFO - HTTP Request: PUT http://localhost:6333/collections/law_with_bge_round1/points?wait=true "HTTP/1.1 200 OK"
2025-12-22 00:25:02,203 - INFO - HTTP Request: PUT http://localhost:6333/collections/law_with_e5_emb_not_finetune/points?wait=true "HTTP/1.1 200 OK"
2025-12-22 00:25:02,215 - INFO - PUT http://localhost:9200/_bulk [status:200 duration:0.009s]
2025-12-22 00:25:05,107 - INFO - HTTP Request: PUT http://localhost:6333/collections/law_with_bge_round1/points?wait=true "HTTP/1.1 200 OK"
2025-12-22 00:25:05,131 - INFO - HTTP Request: PUT http://localhost:6333/collections/law_with_e5_emb_not_finetune/points?wait=true "HTTP/1.1 200 OK"
2025-12-22 00:25:05,142 - INFO - PUT http://localhost:9200/_bulk [status:200 duration:0.008s]
2025-12-22 00:25:08,038 - INFO - HTTP Request: PUT http://localhost:6333/collections/law_with_bge_round1/points?wait=true "HTTP/1.1 200 OK"
2025-12-22 00:25:08,081 - INFO - HTTP Request: PUT http://localhost:6333/collections/law_with_e5_emb_not_finetune/points?wait=true "HTTP/1.1 200 OK"
2025-12-22 00:25:08,092 - INFO - PUT http://localhost:9200/_bulk [status:200 duration:0.008s]
2025-12-22 00:25:10,984 - INFO - HTTP Request: PUT http://localhost:6333/collections/law_with_bge_round1/points?wait=true "HTTP/1.1 200 OK"
2025-12-22 00:25:11,021 - INFO - HTTP Request: PUT http://localhost:6333/collections/law_with_e5_emb_not_finetune/points?wait=true "HTTP/1.1 200 OK"
2025-12-22 00:25:11,080 - INFO - PUT http://localhost:9200/_bulk [status:200 duration:0.054s]
2025-12-22 00:25:13,981 - INFO - HTTP Request: PUT http://localhost:6333/collections/law_with_bge_round1/points?wait=true "HTTP/1.1 200 OK"
2025-12-22 00:25:14,036 - INFO - HTTP Request: PUT http://localhost:6333/collections/law_with_e5_emb_not_finetune/points?wait=true "HTTP/1.1 200 OK"
2025-12-22 00:25:14,092 - INFO - PUT http://localhost:9200/_bulk [status:200 duration:0.052s]
2025-12-22 00:25:16,935 - INFO - HTTP Request: PUT http://localhost:6333/collections/law_with_bge_round1/points?wait=true "HTTP/1.1 200 OK"
2025-12-22 00:25:16,986 - INFO - HTTP Request: PUT http://localhost:6333/collections/law_with_e5_emb_not_finetune/points?wait=true "HTTP/1.1 200 OK"
2025-12-22 00:25:17,034 - INFO - PUT http://localhost:9200/_bulk [status:200 duration:0.046s]
2025-12-22 00:25:19,867 - INFO - HTTP Request: PUT http://localhost:6333/collections/law_with_bge_round1/points?wait=true "HTTP/1.1 200 OK"
2025-12-22 00:25:19,893 - INFO - HTTP Request: PUT http://localhost:6333/collections/law_with_e5_emb_not_finetune/points?wait=true "HTTP/1.1 200 OK"
2025-12-22 00:25:19,943 - INFO - PUT http://localhost:9200/_bulk [status:200 duration:0.048s]
2025-12-22 00:25:22,952 - INFO - HTTP Request: PUT http://localhost:6333/collections/law_with_bge_round1/points?wait=true "HTTP/1.1 200 OK"
2025-12-22 00:25:22,979 - INFO - HTTP Request: PUT http://localhost:6333/collections/law_with_e5_emb_not_finetune/points?wait=true "HTTP/1.1 200 OK"
2025-12-22 00:25:23,033 - INFO - PUT http://localhost:9200/_bulk [status:200 duration:0.051s]
2025-12-22 00:25:25,888 - INFO - HTTP Request: PUT http://localhost:6333/collections/law_with_bge_round1/points?wait=true "HTTP/1.1 200 OK"
2025-12-22 00:25:25,932 - INFO - HTTP Request: PUT http://localhost:6333/collections/law_with_e5_emb_not_finetune/points?wait=true "HTTP/1.1 200 OK"
2025-12-22 00:25:25,944 - INFO - PUT http://localhost:9200/_bulk [status:200 duration:0.009s]
2025-12-22 00:25:28,861 - INFO - HTTP Request: PUT http://localhost:6333/collections/law_with_bge_round1/points?wait=true "HTTP/1.1 200 OK"
2025-12-22 00:25:28,928 - INFO - HTTP Request: PUT http://localhost:6333/collections/law_with_e5_emb_not_finetune/points?wait=true "HTTP/1.1 200 OK"
2025-12-22 00:25:28,983 - INFO - PUT http://localhost:9200/_bulk [status:200 duration:0.052s]
2025-12-22 00:25:31,874 - INFO - HTTP Request: PUT http://localhost:6333/collections/law_with_bge_round1/points?wait=true "HTTP/1.1 200 OK"
2025-12-22 00:25:31,898 - INFO - HTTP Request: PUT http://localhost:6333/collections/law_with_e5_emb_not_finetune/points?wait=true "HTTP/1.1 200 OK"
2025-12-22 00:25:31,951 - INFO - PUT http://localhost:9200/_bulk [status:200 duration:0.050s]
2025-12-22 00:25:34,883 - INFO - HTTP Request: PUT http://localhost:6333/collections/law_with_bge_round1/points?wait=true "HTTP/1.1 200 OK"
2025-12-22 00:25:34,907 - INFO - HTTP Request: PUT http://localhost:6333/collections/law_with_e5_emb_not_finetune/points?wait=true "HTTP/1.1 200 OK"
2025-12-22 00:25:34,961 - INFO - PUT http://localhost:9200/_bulk [status:200 duration:0.051s]
2025-12-22 00:25:37,785 - INFO - HTTP Request: PUT http://localhost:6333/collections/law_with_bge_round1/points?wait=true "HTTP/1.1 200 OK"
2025-12-22 00:25:37,845 - INFO - HTTP Request: PUT http://localhost:6333/collections/law_with_e5_emb_not_finetune/points?wait=true "HTTP/1.1 200 OK"
2025-12-22 00:25:37,867 - INFO - PUT http://localhost:9200/_bulk [status:200 duration:0.018s]
2025-12-22 00:25:40,719 - INFO - HTTP Request: PUT http://localhost:6333/collections/law_with_bge_round1/points?wait=true "HTTP/1.1 200 OK"
2025-12-22 00:25:40,744 - INFO - HTTP Request: PUT http://localhost:6333/collections/law_with_e5_emb_not_finetune/points?wait=true "HTTP/1.1 200 OK"
2025-12-22 00:25:40,756 - INFO - PUT http://localhost:9200/_bulk [status:200 duration:0.009s]
2025-12-22 00:25:43,670 - INFO - HTTP Request: PUT http://localhost:6333/collections/law_with_bge_round1/points?wait=true "HTTP/1.1 200 OK"
2025-12-22 00:25:43,695 - INFO - HTTP Request: PUT http://localhost:6333/collections/law_with_e5_emb_not_finetune/points?wait=true "HTTP/1.1 200 OK"
2025-12-22 00:25:43,706 - INFO - PUT http://localhost:9200/_bulk [status:200 duration:0.007s]
2025-12-22 00:25:46,480 - INFO - HTTP Request: PUT http://localhost:6333/collections/law_with_bge_round1/points?wait=true "HTTP/1.1 200 OK"
2025-12-22 00:25:46,506 - INFO - HTTP Request: PUT http://localhost:6333/collections/law_with_e5_emb_not_finetune/points?wait=true "HTTP/1.1 200 OK"
2025-12-22 00:25:46,559 - INFO - PUT http://localhost:9200/_bulk [status:200 duration:0.051s]
2025-12-22 00:25:49,477 - INFO - HTTP Request: PUT http://localhost:6333/collections/law_with_bge_round1/points?wait=true "HTTP/1.1 200 OK"
2025-12-22 00:25:49,501 - INFO - HTTP Request: PUT http://localhost:6333/collections/law_with_e5_emb_not_finetune/points?wait=true "HTTP/1.1 200 OK"
2025-12-22 00:25:49,556 - INFO - PUT http://localhost:9200/_bulk [status:200 duration:0.052s]
2025-12-22 00:25:52,435 - INFO - HTTP Request: PUT http://localhost:6333/collections/law_with_bge_round1/points?wait=true "HTTP/1.1 200 OK"
2025-12-22 00:25:52,484 - INFO - HTTP Request: PUT http://localhost:6333/collections/law_with_e5_emb_not_finetune/points?wait=true "HTTP/1.1 200 OK"
2025-12-22 00:25:52,495 - INFO - PUT http://localhost:9200/_bulk [status:200 duration:0.008s]
2025-12-22 00:25:55,360 - INFO - HTTP Request: PUT http://localhost:6333/collections/law_with_bge_round1/points?wait=true "HTTP/1.1 200 OK"
2025-12-22 00:25:55,386 - INFO - HTTP Request: PUT http://localhost:6333/collections/law_with_e5_emb_not_finetune/points?wait=true "HTTP/1.1 200 OK"
2025-12-22 00:25:55,442 - INFO - PUT http://localhost:9200/_bulk [status:200 duration:0.054s]
2025-12-22 00:25:58,247 - INFO - HTTP Request: PUT http://localhost:6333/collections/law_with_bge_round1/points?wait=true "HTTP/1.1 200 OK"
2025-12-22 00:25:58,274 - INFO - HTTP Request: PUT http://localhost:6333/collections/law_with_e5_emb_not_finetune/points?wait=true "HTTP/1.1 200 OK"
2025-12-22 00:25:58,289 - INFO - PUT http://localhost:9200/_bulk [status:200 duration:0.012s]
2025-12-22 00:26:01,148 - INFO - HTTP Request: PUT http://localhost:6333/collections/law_with_bge_round1/points?wait=true "HTTP/1.1 200 OK"
2025-12-22 00:26:01,173 - INFO - HTTP Request: PUT http://localhost:6333/collections/law_with_e5_emb_not_finetune/points?wait=true "HTTP/1.1 200 OK"
2025-12-22 00:26:01,185 - INFO - PUT http://localhost:9200/_bulk [status:200 duration:0.009s]
2025-12-22 00:26:04,152 - INFO - HTTP Request: PUT http://localhost:6333/collections/law_with_bge_round1/points?wait=true "HTTP/1.1 200 OK"
2025-12-22 00:26:04,178 - INFO - HTTP Request: PUT http://localhost:6333/collections/law_with_e5_emb_not_finetune/points?wait=true "HTTP/1.1 200 OK"
2025-12-22 00:26:04,232 - INFO - PUT http://localhost:9200/_bulk [status:200 duration:0.050s]
2025-12-22 00:26:07,107 - INFO - HTTP Request: PUT http://localhost:6333/collections/law_with_bge_round1/points?wait=true "HTTP/1.1 200 OK"
2025-12-22 00:26:07,132 - INFO - HTTP Request: PUT http://localhost:6333/collections/law_with_e5_emb_not_finetune/points?wait=true "HTTP/1.1 200 OK"
2025-12-22 00:26:07,143 - INFO - PUT http://localhost:9200/_bulk [status:200 duration:0.008s]
2025-12-22 00:26:10,072 - INFO - HTTP Request: PUT http://localhost:6333/collections/law_with_bge_round1/points?wait=true "HTTP/1.1 200 OK"
2025-12-22 00:26:10,099 - INFO - HTTP Request: PUT http://localhost:6333/collections/law_with_e5_emb_not_finetune/points?wait=true "HTTP/1.1 200 OK"
2025-12-22 00:26:10,152 - INFO - PUT http://localhost:9200/_bulk [status:200 duration:0.050s]
2025-12-22 00:26:12,970 - INFO - HTTP Request: PUT http://localhost:6333/collections/law_with_bge_round1/points?wait=true "HTTP/1.1 200 OK"
2025-12-22 00:26:13,000 - INFO - HTTP Request: PUT http://localhost:6333/collections/law_with_e5_emb_not_finetune/points?wait=true "HTTP/1.1 200 OK"
2025-12-22 00:26:13,015 - INFO - PUT http://localhost:9200/_bulk [status:200 duration:0.011s]
2025-12-22 00:26:15,899 - INFO - HTTP Request: PUT http://localhost:6333/collections/law_with_bge_round1/points?wait=true "HTTP/1.1 200 OK"
2025-12-22 00:26:15,925 - INFO - HTTP Request: PUT http://localhost:6333/collections/law_with_e5_emb_not_finetune/points?wait=true "HTTP/1.1 200 OK"
2025-12-22 00:26:15,980 - INFO - PUT http://localhost:9200/_bulk [status:200 duration:0.052s]
2025-12-22 00:26:18,279 - INFO - HTTP Request: PUT http://localhost:6333/collections/law_with_bge_round1/points?wait=true "HTTP/1.1 200 OK"
2025-12-22 00:26:18,329 - INFO - HTTP Request: PUT http://localhost:6333/collections/law_with_e5_emb_not_finetune/points?wait=true "HTTP/1.1 200 OK"
2025-12-22 00:26:18,381 - INFO - PUT http://localhost:9200/_bulk [status:200 duration:0.049s]
2025-12-22 00:26:21,323 - INFO - HTTP Request: PUT http://localhost:6333/collections/law_with_bge_round1/points?wait=true "HTTP/1.1 200 OK"
2025-12-22 00:26:21,362 - INFO - HTTP Request: PUT http://localhost:6333/collections/law_with_e5_emb_not_finetune/points?wait=true "HTTP/1.1 200 OK"
2025-12-22 00:26:21,416 - INFO - PUT http://localhost:9200/_bulk [status:200 duration:0.048s]
2025-12-22 00:26:24,219 - INFO - HTTP Request: PUT http://localhost:6333/collections/law_with_bge_round1/points?wait=true "HTTP/1.1 200 OK"
2025-12-22 00:26:24,247 - INFO - HTTP Request: PUT http://localhost:6333/collections/law_with_e5_emb_not_finetune/points?wait=true "HTTP/1.1 200 OK"
2025-12-22 00:26:24,260 - INFO - PUT http://localhost:9200/_bulk [status:200 duration:0.009s]
2025-12-22 00:26:27,091 - INFO - HTTP Request: PUT http://localhost:6333/collections/law_with_bge_round1/points?wait=true "HTTP/1.1 200 OK"
2025-12-22 00:26:27,161 - INFO - HTTP Request: PUT http://localhost:6333/collections/law_with_e5_emb_not_finetune/points?wait=true "HTTP/1.1 200 OK"
2025-12-22 00:26:27,212 - INFO - PUT http://localhost:9200/_bulk [status:200 duration:0.048s]
2025-12-22 00:26:30,151 - INFO - HTTP Request: PUT http://localhost:6333/collections/law_with_bge_round1/points?wait=true "HTTP/1.1 200 OK"
2025-12-22 00:26:30,182 - INFO - HTTP Request: PUT http://localhost:6333/collections/law_with_e5_emb_not_finetune/points?wait=true "HTTP/1.1 200 OK"
2025-12-22 00:26:30,198 - INFO - PUT http://localhost:9200/_bulk [status:200 duration:0.012s]
2025-12-22 00:26:33,068 - INFO - HTTP Request: PUT http://localhost:6333/collections/law_with_bge_round1/points?wait=true "HTTP/1.1 200 OK"
2025-12-22 00:26:33,134 - INFO - HTTP Request: PUT http://localhost:6333/collections/law_with_e5_emb_not_finetune/points?wait=true "HTTP/1.1 200 OK"
2025-12-22 00:26:33,146 - INFO - PUT http://localhost:9200/_bulk [status:200 duration:0.008s]
2025-12-22 00:26:35,983 - INFO - HTTP Request: PUT http://localhost:6333/collections/law_with_bge_round1/points?wait=true "HTTP/1.1 200 OK"
2025-12-22 00:26:36,012 - INFO - HTTP Request: PUT http://localhost:6333/collections/law_with_e5_emb_not_finetune/points?wait=true "HTTP/1.1 200 OK"
2025-12-22 00:26:36,072 - INFO - PUT http://localhost:9200/_bulk [status:200 duration:0.057s]
2025-12-22 00:26:38,887 - INFO - HTTP Request: PUT http://localhost:6333/collections/law_with_bge_round1/points?wait=true "HTTP/1.1 200 OK"
2025-12-22 00:26:38,914 - INFO - HTTP Request: PUT http://localhost:6333/collections/law_with_e5_emb_not_finetune/points?wait=true "HTTP/1.1 200 OK"
2025-12-22 00:26:38,977 - INFO - PUT http://localhost:9200/_bulk [status:200 duration:0.059s]
2025-12-22 00:26:41,850 - INFO - HTTP Request: PUT http://localhost:6333/collections/law_with_bge_round1/points?wait=true "HTTP/1.1 200 OK"
2025-12-22 00:26:41,875 - INFO - HTTP Request: PUT http://localhost:6333/collections/law_with_e5_emb_not_finetune/points?wait=true "HTTP/1.1 200 OK"
2025-12-22 00:26:41,930 - INFO - PUT http://localhost:9200/_bulk [status:200 duration:0.052s]
2025-12-22 00:26:44,856 - INFO - HTTP Request: PUT http://localhost:6333/collections/law_with_bge_round1/points?wait=true "HTTP/1.1 200 OK"
2025-12-22 00:26:44,905 - INFO - HTTP Request: PUT http://localhost:6333/collections/law_with_e5_emb_not_finetune/points?wait=true "HTTP/1.1 200 OK"
2025-12-22 00:26:44,957 - INFO - PUT http://localhost:9200/_bulk [status:200 duration:0.050s]
2025-12-22 00:26:47,808 - INFO - HTTP Request: PUT http://localhost:6333/collections/law_with_bge_round1/points?wait=true "HTTP/1.1 200 OK"
2025-12-22 00:26:47,839 - INFO - HTTP Request: PUT http://localhost:6333/collections/law_with_e5_emb_not_finetune/points?wait=true "HTTP/1.1 200 OK"
2025-12-22 00:26:47,891 - INFO - PUT http://localhost:9200/_bulk [status:200 duration:0.049s]
2025-12-22 00:26:50,686 - INFO - HTTP Request: PUT http://localhost:6333/collections/law_with_bge_round1/points?wait=true "HTTP/1.1 200 OK"
2025-12-22 00:26:50,728 - INFO - HTTP Request: PUT http://localhost:6333/collections/law_with_e5_emb_not_finetune/points?wait=true "HTTP/1.1 200 OK"
2025-12-22 00:26:50,739 - INFO - PUT http://localhost:9200/_bulk [status:200 duration:0.008s]
2025-12-22 00:26:53,650 - INFO - HTTP Request: PUT http://localhost:6333/collections/law_with_bge_round1/points?wait=true "HTTP/1.1 200 OK"
2025-12-22 00:26:53,674 - INFO - HTTP Request: PUT http://localhost:6333/collections/law_with_e5_emb_not_finetune/points?wait=true "HTTP/1.1 200 OK"
2025-12-22 00:26:53,729 - INFO - PUT http://localhost:9200/_bulk [status:200 duration:0.053s]
2025-12-22 00:26:56,657 - INFO - HTTP Request: PUT http://localhost:6333/collections/law_with_bge_round1/points?wait=true "HTTP/1.1 200 OK"
2025-12-22 00:26:56,682 - INFO - HTTP Request: PUT http://localhost:6333/collections/law_with_e5_emb_not_finetune/points?wait=true "HTTP/1.1 200 OK"
2025-12-22 00:26:56,694 - INFO - PUT http://localhost:9200/_bulk [status:200 duration:0.009s]
2025-12-22 00:26:59,533 - INFO - HTTP Request: PUT http://localhost:6333/collections/law_with_bge_round1/points?wait=true "HTTP/1.1 200 OK"
2025-12-22 00:26:59,559 - INFO - HTTP Request: PUT http://localhost:6333/collections/law_with_e5_emb_not_finetune/points?wait=true "HTTP/1.1 200 OK"
2025-12-22 00:26:59,569 - INFO - PUT http://localhost:9200/_bulk [status:200 duration:0.007s]
2025-12-22 00:27:02,346 - INFO - HTTP Request: PUT http://localhost:6333/collections/law_with_bge_round1/points?wait=true "HTTP/1.1 200 OK"
2025-12-22 00:27:02,371 - INFO - HTTP Request: PUT http://localhost:6333/collections/law_with_e5_emb_not_finetune/points?wait=true "HTTP/1.1 200 OK"
2025-12-22 00:27:02,382 - INFO - PUT http://localhost:9200/_bulk [status:200 duration:0.008s]
2025-12-22 00:27:05,257 - INFO - HTTP Request: PUT http://localhost:6333/collections/law_with_bge_round1/points?wait=true "HTTP/1.1 200 OK"
2025-12-22 00:27:05,308 - INFO - HTTP Request: PUT http://localhost:6333/collections/law_with_e5_emb_not_finetune/points?wait=true "HTTP/1.1 200 OK"
2025-12-22 00:27:05,369 - INFO - PUT http://localhost:9200/_bulk [status:200 duration:0.055s]
2025-12-22 00:27:08,249 - INFO - HTTP Request: PUT http://localhost:6333/collections/law_with_bge_round1/points?wait=true "HTTP/1.1 200 OK"
2025-12-22 00:27:08,277 - INFO - HTTP Request: PUT http://localhost:6333/collections/law_with_e5_emb_not_finetune/points?wait=true "HTTP/1.1 200 OK"
2025-12-22 00:27:08,335 - INFO - PUT http://localhost:9200/_bulk [status:200 duration:0.054s]
2025-12-22 00:27:10,659 - INFO - HTTP Request: PUT http://localhost:6333/collections/law_with_bge_round1/points?wait=true "HTTP/1.1 200 OK"
2025-12-22 00:27:10,695 - INFO - HTTP Request: PUT http://localhost:6333/collections/law_with_e5_emb_not_finetune/points?wait=true "HTTP/1.1 200 OK"
2025-12-22 00:27:10,750 - INFO - PUT http://localhost:9200/_bulk [status:200 duration:0.053s]
2025-12-22 00:27:13,621 - INFO - HTTP Request: PUT http://localhost:6333/collections/law_with_bge_round1/points?wait=true "HTTP/1.1 200 OK"
2025-12-22 00:27:13,646 - INFO - HTTP Request: PUT http://localhost:6333/collections/law_with_e5_emb_not_finetune/points?wait=true "HTTP/1.1 200 OK"
2025-12-22 00:27:13,700 - INFO - PUT http://localhost:9200/_bulk [status:200 duration:0.051s]
2025-12-22 00:27:16,533 - INFO - HTTP Request: PUT http://localhost:6333/collections/law_with_bge_round1/points?wait=true "HTTP/1.1 200 OK"
2025-12-22 00:27:16,558 - INFO - HTTP Request: PUT http://localhost:6333/collections/law_with_e5_emb_not_finetune/points?wait=true "HTTP/1.1 200 OK"
2025-12-22 00:27:16,612 - INFO - PUT http://localhost:9200/_bulk [status:200 duration:0.052s]
2025-12-22 00:27:19,447 - INFO - HTTP Request: PUT http://localhost:6333/collections/law_with_bge_round1/points?wait=true "HTTP/1.1 200 OK"
2025-12-22 00:27:19,480 - INFO - HTTP Request: PUT http://localhost:6333/collections/law_with_e5_emb_not_finetune/points?wait=true "HTTP/1.1 200 OK"
2025-12-22 00:27:19,538 - INFO - PUT http://localhost:9200/_bulk [status:200 duration:0.055s]
2025-12-22 00:27:22,420 - INFO - HTTP Request: PUT http://localhost:6333/collections/law_with_bge_round1/points?wait=true "HTTP/1.1 200 OK"
2025-12-22 00:27:22,444 - INFO - HTTP Request: PUT http://localhost:6333/collections/law_with_e5_emb_not_finetune/points?wait=true "HTTP/1.1 200 OK"
2025-12-22 00:27:22,500 - INFO - PUT http://localhost:9200/_bulk [status:200 duration:0.053s]
2025-12-22 00:27:25,415 - INFO - HTTP Request: PUT http://localhost:6333/collections/law_with_bge_round1/points?wait=true "HTTP/1.1 200 OK"
2025-12-22 00:27:25,440 - INFO - HTTP Request: PUT http://localhost:6333/collections/law_with_e5_emb_not_finetune/points?wait=true "HTTP/1.1 200 OK"
2025-12-22 00:27:25,497 - INFO - PUT http://localhost:9200/_bulk [status:200 duration:0.054s]
2025-12-22 00:27:28,345 - INFO - HTTP Request: PUT http://localhost:6333/collections/law_with_bge_round1/points?wait=true "HTTP/1.1 200 OK"
2025-12-22 00:27:28,372 - INFO - HTTP Request: PUT http://localhost:6333/collections/law_with_e5_emb_not_finetune/points?wait=true "HTTP/1.1 200 OK"
2025-12-22 00:27:28,382 - INFO - PUT http://localhost:9200/_bulk [status:200 duration:0.008s]
2025-12-22 00:27:31,376 - INFO - HTTP Request: PUT http://localhost:6333/collections/law_with_bge_round1/points?wait=true "HTTP/1.1 200 OK"
2025-12-22 00:27:31,417 - INFO - HTTP Request: PUT http://localhost:6333/collections/law_with_e5_emb_not_finetune/points?wait=true "HTTP/1.1 200 OK"
2025-12-22 00:27:31,473 - INFO - PUT http://localhost:9200/_bulk [status:200 duration:0.053s]
2025-12-22 00:27:34,398 - INFO - HTTP Request: PUT http://localhost:6333/collections/law_with_bge_round1/points?wait=true "HTTP/1.1 200 OK"
2025-12-22 00:27:34,424 - INFO - HTTP Request: PUT http://localhost:6333/collections/law_with_e5_emb_not_finetune/points?wait=true "HTTP/1.1 200 OK"
2025-12-22 00:27:34,433 - INFO - PUT http://localhost:9200/_bulk [status:200 duration:0.007s]
2025-12-22 00:27:37,634 - INFO - HTTP Request: PUT http://localhost:6333/collections/law_with_bge_round1/points?wait=true "HTTP/1.1 200 OK"
2025-12-22 00:27:37,664 - INFO - HTTP Request: PUT http://localhost:6333/collections/law_with_e5_emb_not_finetune/points?wait=true "HTTP/1.1 200 OK"
2025-12-22 00:27:37,689 - INFO - PUT http://localhost:9200/_bulk [status:200 duration:0.021s]
2025-12-22 00:27:40,541 - INFO - HTTP Request: PUT http://localhost:6333/collections/law_with_bge_round1/points?wait=true "HTTP/1.1 200 OK"
2025-12-22 00:27:40,585 - INFO - HTTP Request: PUT http://localhost:6333/collections/law_with_e5_emb_not_finetune/points?wait=true "HTTP/1.1 200 OK"
2025-12-22 00:27:40,641 - INFO - PUT http://localhost:9200/_bulk [status:200 duration:0.053s]
2025-12-22 00:27:43,530 - INFO - HTTP Request: PUT http://localhost:6333/collections/law_with_bge_round1/points?wait=true "HTTP/1.1 200 OK"
2025-12-22 00:27:43,579 - INFO - HTTP Request: PUT http://localhost:6333/collections/law_with_e5_emb_not_finetune/points?wait=true "HTTP/1.1 200 OK"
2025-12-22 00:27:43,636 - INFO - PUT http://localhost:9200/_bulk [status:200 duration:0.054s]
2025-12-22 00:27:46,554 - INFO - HTTP Request: PUT http://localhost:6333/collections/law_with_bge_round1/points?wait=true "HTTP/1.1 200 OK"
2025-12-22 00:27:46,594 - INFO - HTTP Request: PUT http://localhost:6333/collections/law_with_e5_emb_not_finetune/points?wait=true "HTTP/1.1 200 OK"
2025-12-22 00:27:46,648 - INFO - PUT http://localhost:9200/_bulk [status:200 duration:0.050s]
2025-12-22 00:27:49,552 - INFO - HTTP Request: PUT http://localhost:6333/collections/law_with_bge_round1/points?wait=true "HTTP/1.1 200 OK"
2025-12-22 00:27:49,596 - INFO - HTTP Request: PUT http://localhost:6333/collections/law_with_e5_emb_not_finetune/points?wait=true "HTTP/1.1 200 OK"
2025-12-22 00:27:49,652 - INFO - PUT http://localhost:9200/_bulk [status:200 duration:0.053s]
2025-12-22 00:27:52,588 - INFO - HTTP Request: PUT http://localhost:6333/collections/law_with_bge_round1/points?wait=true "HTTP/1.1 200 OK"
2025-12-22 00:27:52,623 - INFO - HTTP Request: PUT http://localhost:6333/collections/law_with_e5_emb_not_finetune/points?wait=true "HTTP/1.1 200 OK"
2025-12-22 00:27:52,679 - INFO - PUT http://localhost:9200/_bulk [status:200 duration:0.054s]
2025-12-22 00:27:55,569 - INFO - HTTP Request: PUT http://localhost:6333/collections/law_with_bge_round1/points?wait=true "HTTP/1.1 200 OK"
2025-12-22 00:27:55,594 - INFO - HTTP Request: PUT http://localhost:6333/collections/law_with_e5_emb_not_finetune/points?wait=true "HTTP/1.1 200 OK"
2025-12-22 00:27:55,647 - INFO - PUT http://localhost:9200/_bulk [status:200 duration:0.050s]
2025-12-22 00:27:58,598 - INFO - HTTP Request: PUT http://localhost:6333/collections/law_with_bge_round1/points?wait=true "HTTP/1.1 200 OK"
2025-12-22 00:27:58,637 - INFO - HTTP Request: PUT http://localhost:6333/collections/law_with_e5_emb_not_finetune/points?wait=true "HTTP/1.1 200 OK"
2025-12-22 00:27:58,699 - INFO - PUT http://localhost:9200/_bulk [status:200 duration:0.058s]
2025-12-22 00:28:01,607 - INFO - HTTP Request: PUT http://localhost:6333/collections/law_with_bge_round1/points?wait=true "HTTP/1.1 200 OK"
2025-12-22 00:28:01,633 - INFO - HTTP Request: PUT http://localhost:6333/collections/law_with_e5_emb_not_finetune/points?wait=true "HTTP/1.1 200 OK"
2025-12-22 00:28:01,686 - INFO - PUT http://localhost:9200/_bulk [status:200 duration:0.051s]
2025-12-22 00:28:04,483 - INFO - HTTP Request: PUT http://localhost:6333/collections/law_with_bge_round1/points?wait=true "HTTP/1.1 200 OK"
2025-12-22 00:28:04,507 - INFO - HTTP Request: PUT http://localhost:6333/collections/law_with_e5_emb_not_finetune/points?wait=true "HTTP/1.1 200 OK"
2025-12-22 00:28:04,562 - INFO - PUT http://localhost:9200/_bulk [status:200 duration:0.052s]
2025-12-22 00:28:07,553 - INFO - HTTP Request: PUT http://localhost:6333/collections/law_with_bge_round1/points?wait=true "HTTP/1.1 200 OK"
2025-12-22 00:28:07,588 - INFO - HTTP Request: PUT http://localhost:6333/collections/law_with_e5_emb_not_finetune/points?wait=true "HTTP/1.1 200 OK"
2025-12-22 00:28:07,639 - INFO - PUT http://localhost:9200/_bulk [status:200 duration:0.047s]
2025-12-22 00:28:10,425 - INFO - HTTP Request: PUT http://localhost:6333/collections/law_with_bge_round1/points?wait=true "HTTP/1.1 200 OK"
2025-12-22 00:28:10,455 - INFO - HTTP Request: PUT http://localhost:6333/collections/law_with_e5_emb_not_finetune/points?wait=true "HTTP/1.1 200 OK"
2025-12-22 00:28:10,466 - INFO - PUT http://localhost:9200/_bulk [status:200 duration:0.007s]
2025-12-22 00:28:13,371 - INFO - HTTP Request: PUT http://localhost:6333/collections/law_with_bge_round1/points?wait=true "HTTP/1.1 200 OK"
2025-12-22 00:28:13,398 - INFO - HTTP Request: PUT http://localhost:6333/collections/law_with_e5_emb_not_finetune/points?wait=true "HTTP/1.1 200 OK"
2025-12-22 00:28:13,409 - INFO - PUT http://localhost:9200/_bulk [status:200 duration:0.007s]
2025-12-22 00:28:16,261 - INFO - HTTP Request: PUT http://localhost:6333/collections/law_with_bge_round1/points?wait=true "HTTP/1.1 200 OK"
2025-12-22 00:28:16,288 - INFO - HTTP Request: PUT http://localhost:6333/collections/law_with_e5_emb_not_finetune/points?wait=true "HTTP/1.1 200 OK"
2025-12-22 00:28:16,298 - INFO - PUT http://localhost:9200/_bulk [status:200 duration:0.007s]
2025-12-22 00:28:19,136 - INFO - HTTP Request: PUT http://localhost:6333/collections/law_with_bge_round1/points?wait=true "HTTP/1.1 200 OK"
2025-12-22 00:28:19,174 - INFO - HTTP Request: PUT http://localhost:6333/collections/law_with_e5_emb_not_finetune/points?wait=true "HTTP/1.1 200 OK"
2025-12-22 00:28:19,187 - INFO - PUT http://localhost:9200/_bulk [status:200 duration:0.010s]
2025-12-22 00:28:22,093 - INFO - HTTP Request: PUT http://localhost:6333/collections/law_with_bge_round1/points?wait=true "HTTP/1.1 200 OK"
2025-12-22 00:28:22,122 - INFO - HTTP Request: PUT http://localhost:6333/collections/law_with_e5_emb_not_finetune/points?wait=true "HTTP/1.1 200 OK"
2025-12-22 00:28:22,133 - INFO - PUT http://localhost:9200/_bulk [status:200 duration:0.006s]
2025-12-22 00:28:24,988 - INFO - HTTP Request: PUT http://localhost:6333/collections/law_with_bge_round1/points?wait=true "HTTP/1.1 200 OK"
2025-12-22 00:28:25,013 - INFO - HTTP Request: PUT http://localhost:6333/collections/law_with_e5_emb_not_finetune/points?wait=true "HTTP/1.1 200 OK"
2025-12-22 00:28:25,024 - INFO - PUT http://localhost:9200/_bulk [status:200 duration:0.008s]
2025-12-22 00:28:27,815 - INFO - HTTP Request: PUT http://localhost:6333/collections/law_with_bge_round1/points?wait=true "HTTP/1.1 200 OK"
2025-12-22 00:28:27,840 - INFO - HTTP Request: PUT http://localhost:6333/collections/law_with_e5_emb_not_finetune/points?wait=true "HTTP/1.1 200 OK"
2025-12-22 00:28:27,852 - INFO - PUT http://localhost:9200/_bulk [status:200 duration:0.009s]
2025-12-22 00:28:30,659 - INFO - HTTP Request: PUT http://localhost:6333/collections/law_with_bge_round1/points?wait=true "HTTP/1.1 200 OK"
2025-12-22 00:28:30,703 - INFO - HTTP Request: PUT http://localhost:6333/collections/law_with_e5_emb_not_finetune/points?wait=true "HTTP/1.1 200 OK"
2025-12-22 00:28:30,714 - INFO - PUT http://localhost:9200/_bulk [status:200 duration:0.008s]
2025-12-22 00:28:33,566 - INFO - HTTP Request: PUT http://localhost:6333/collections/law_with_bge_round1/points?wait=true "HTTP/1.1 200 OK"
2025-12-22 00:28:33,591 - INFO - HTTP Request: PUT http://localhost:6333/collections/law_with_e5_emb_not_finetune/points?wait=true "HTTP/1.1 200 OK"
2025-12-22 00:28:33,600 - INFO - PUT http://localhost:9200/_bulk [status:200 duration:0.007s]
2025-12-22 00:28:36,451 - INFO - HTTP Request: PUT http://localhost:6333/collections/law_with_bge_round1/points?wait=true "HTTP/1.1 200 OK"
2025-12-22 00:28:36,489 - INFO - HTTP Request: PUT http://localhost:6333/collections/law_with_e5_emb_not_finetune/points?wait=true "HTTP/1.1 200 OK"
2025-12-22 00:28:36,501 - INFO - PUT http://localhost:9200/_bulk [status:200 duration:0.008s]
2025-12-22 00:28:39,385 - INFO - HTTP Request: PUT http://localhost:6333/collections/law_with_bge_round1/points?wait=true "HTTP/1.1 200 OK"
2025-12-22 00:28:39,410 - INFO - HTTP Request: PUT http://localhost:6333/collections/law_with_e5_emb_not_finetune/points?wait=true "HTTP/1.1 200 OK"
2025-12-22 00:28:39,466 - INFO - PUT http://localhost:9200/_bulk [status:200 duration:0.053s]
2025-12-22 00:28:42,245 - INFO - HTTP Request: PUT http://localhost:6333/collections/law_with_bge_round1/points?wait=true "HTTP/1.1 200 OK"
2025-12-22 00:28:42,271 - INFO - HTTP Request: PUT http://localhost:6333/collections/law_with_e5_emb_not_finetune/points?wait=true "HTTP/1.1 200 OK"
2025-12-22 00:28:42,284 - INFO - PUT http://localhost:9200/_bulk [status:200 duration:0.010s]
2025-12-22 00:28:45,178 - INFO - HTTP Request: PUT http://localhost:6333/collections/law_with_bge_round1/points?wait=true "HTTP/1.1 200 OK"
2025-12-22 00:28:45,204 - INFO - HTTP Request: PUT http://localhost:6333/collections/law_with_e5_emb_not_finetune/points?wait=true "HTTP/1.1 200 OK"
2025-12-22 00:28:45,213 - INFO - PUT http://localhost:9200/_bulk [status:200 duration:0.006s]
2025-12-22 00:28:48,102 - INFO - HTTP Request: PUT http://localhost:6333/collections/law_with_bge_round1/points?wait=true "HTTP/1.1 200 OK"
2025-12-22 00:28:48,127 - INFO - HTTP Request: PUT http://localhost:6333/collections/law_with_e5_emb_not_finetune/points?wait=true "HTTP/1.1 200 OK"
2025-12-22 00:28:48,138 - INFO - PUT http://localhost:9200/_bulk [status:200 duration:0.008s]
2025-12-22 00:28:51,079 - INFO - HTTP Request: PUT http://localhost:6333/collections/law_with_bge_round1/points?wait=true "HTTP/1.1 200 OK"
2025-12-22 00:28:51,135 - INFO - HTTP Request: PUT http://localhost:6333/collections/law_with_e5_emb_not_finetune/points?wait=true "HTTP/1.1 200 OK"
2025-12-22 00:28:51,144 - INFO - PUT http://localhost:9200/_bulk [status:200 duration:0.007s]
2025-12-22 00:28:53,957 - INFO - HTTP Request: PUT http://localhost:6333/collections/law_with_bge_round1/points?wait=true "HTTP/1.1 200 OK"
2025-12-22 00:28:54,012 - INFO - HTTP Request: PUT http://localhost:6333/collections/law_with_e5_emb_not_finetune/points?wait=true "HTTP/1.1 200 OK"
2025-12-22 00:28:54,066 - INFO - PUT http://localhost:9200/_bulk [status:200 duration:0.051s]
2025-12-22 00:28:56,931 - INFO - HTTP Request: PUT http://localhost:6333/collections/law_with_bge_round1/points?wait=true "HTTP/1.1 200 OK"
2025-12-22 00:28:56,957 - INFO - HTTP Request: PUT http://localhost:6333/collections/law_with_e5_emb_not_finetune/points?wait=true "HTTP/1.1 200 OK"
2025-12-22 00:28:56,966 - INFO - PUT http://localhost:9200/_bulk [status:200 duration:0.007s]
2025-12-22 00:28:59,758 - INFO - HTTP Request: PUT http://localhost:6333/collections/law_with_bge_round1/points?wait=true "HTTP/1.1 200 OK"
2025-12-22 00:28:59,789 - INFO - HTTP Request: PUT http://localhost:6333/collections/law_with_e5_emb_not_finetune/points?wait=true "HTTP/1.1 200 OK"
2025-12-22 00:28:59,806 - INFO - PUT http://localhost:9200/_bulk [status:200 duration:0.007s]
2025-12-22 09:01:59,554 - INFO - HTTP Request: PUT http://localhost:6333/collections/law_with_bge_round1/points?wait=true "HTTP/1.1 200 OK"
2025-12-22 09:01:59,681 - INFO - HTTP Request: PUT http://localhost:6333/collections/law_with_e5_emb_not_finetune/points?wait=true "HTTP/1.1 200 OK"
2025-12-22 09:01:59,784 - INFO - PUT http://localhost:9200/_bulk [status:200 duration:0.075s]
2025-12-22 09:02:02,855 - INFO - HTTP Request: PUT http://localhost:6333/collections/law_with_bge_round1/points?wait=true "HTTP/1.1 200 OK"
2025-12-22 09:02:02,925 - INFO - HTTP Request: PUT http://localhost:6333/collections/law_with_e5_emb_not_finetune/points?wait=true "HTTP/1.1 200 OK"
2025-12-22 09:02:02,957 - INFO - PUT http://localhost:9200/_bulk [status:200 duration:0.024s]
2025-12-22 09:02:05,797 - INFO - HTTP Request: PUT http://localhost:6333/collections/law_with_bge_round1/points?wait=true "HTTP/1.1 200 OK"
2025-12-22 09:02:05,828 - INFO - HTTP Request: PUT http://localhost:6333/collections/law_with_e5_emb_not_finetune/points?wait=true "HTTP/1.1 200 OK"
2025-12-22 09:02:05,887 - INFO - PUT http://localhost:9200/_bulk [status:200 duration:0.056s]
2025-12-22 09:02:08,744 - INFO - HTTP Request: PUT http://localhost:6333/collections/law_with_bge_round1/points?wait=true "HTTP/1.1 200 OK"
2025-12-22 09:02:08,800 - INFO - HTTP Request: PUT http://localhost:6333/collections/law_with_e5_emb_not_finetune/points?wait=true "HTTP/1.1 200 OK"
2025-12-22 09:02:08,812 - INFO - PUT http://localhost:9200/_bulk [status:200 duration:0.009s]
2025-12-22 09:02:11,716 - INFO - HTTP Request: PUT http://localhost:6333/collections/law_with_bge_round1/points?wait=true "HTTP/1.1 200 OK"
2025-12-22 09:02:11,771 - INFO - HTTP Request: PUT http://localhost:6333/collections/law_with_e5_emb_not_finetune/points?wait=true "HTTP/1.1 200 OK"
2025-12-22 09:02:11,785 - INFO - PUT http://localhost:9200/_bulk [status:200 duration:0.010s]
2025-12-22 09:02:14,594 - INFO - HTTP Request: PUT http://localhost:6333/collections/law_with_bge_round1/points?wait=true "HTTP/1.1 200 OK"
2025-12-22 09:02:14,643 - INFO - HTTP Request: PUT http://localhost:6333/collections/law_with_e5_emb_not_finetune/points?wait=true "HTTP/1.1 200 OK"
2025-12-22 09:02:14,696 - INFO - PUT http://localhost:9200/_bulk [status:200 duration:0.050s]
2025-12-22 09:02:17,550 - INFO - HTTP Request: PUT http://localhost:6333/collections/law_with_bge_round1/points?wait=true "HTTP/1.1 200 OK"
2025-12-22 09:02:17,651 - INFO - HTTP Request: PUT http://localhost:6333/collections/law_with_e5_emb_not_finetune/points?wait=true "HTTP/1.1 200 OK"
2025-12-22 09:02:17,705 - INFO - PUT http://localhost:9200/_bulk [status:200 duration:0.051s]
2025-12-22 09:02:20,573 - INFO - HTTP Request: PUT http://localhost:6333/collections/law_with_bge_round1/points?wait=true "HTTP/1.1 200 OK"
2025-12-22 09:02:20,600 - INFO - HTTP Request: PUT http://localhost:6333/collections/law_with_e5_emb_not_finetune/points?wait=true "HTTP/1.1 200 OK"
2025-12-22 09:02:20,612 - INFO - PUT http://localhost:9200/_bulk [status:200 duration:0.009s]
2025-12-22 09:02:23,425 - INFO - HTTP Request: PUT http://localhost:6333/collections/law_with_bge_round1/points?wait=true "HTTP/1.1 200 OK"
2025-12-22 09:02:23,453 - INFO - HTTP Request: PUT http://localhost:6333/collections/law_with_e5_emb_not_finetune/points?wait=true "HTTP/1.1 200 OK"
2025-12-22 09:02:23,465 - INFO - PUT http://localhost:9200/_bulk [status:200 duration:0.009s]
2025-12-22 09:02:26,298 - INFO - HTTP Request: PUT http://localhost:6333/collections/law_with_bge_round1/points?wait=true "HTTP/1.1 200 OK"
2025-12-22 09:02:26,354 - INFO - HTTP Request: PUT http://localhost:6333/collections/law_with_e5_emb_not_finetune/points?wait=true "HTTP/1.1 200 OK"
2025-12-22 09:02:26,406 - INFO - PUT http://localhost:9200/_bulk [status:200 duration:0.049s]
2025-12-22 09:02:29,401 - INFO - HTTP Request: PUT http://localhost:6333/collections/law_with_bge_round1/points?wait=true "HTTP/1.1 200 OK"
2025-12-22 09:02:29,426 - INFO - HTTP Request: PUT http://localhost:6333/collections/law_with_e5_emb_not_finetune/points?wait=true "HTTP/1.1 200 OK"
2025-12-22 09:02:29,480 - INFO - PUT http://localhost:9200/_bulk [status:200 duration:0.050s]
2025-12-22 09:02:32,293 - INFO - HTTP Request: PUT http://localhost:6333/collections/law_with_bge_round1/points?wait=true "HTTP/1.1 200 OK"
2025-12-22 09:02:32,332 - INFO - HTTP Request: PUT http://localhost:6333/collections/law_with_e5_emb_not_finetune/points?wait=true "HTTP/1.1 200 OK"
2025-12-22 09:02:32,346 - INFO - PUT http://localhost:9200/_bulk [status:200 duration:0.011s]
2025-12-22 09:02:35,270 - INFO - HTTP Request: PUT http://localhost:6333/collections/law_with_bge_round1/points?wait=true "HTTP/1.1 200 OK"
2025-12-22 09:02:35,299 - INFO - HTTP Request: PUT http://localhost:6333/collections/law_with_e5_emb_not_finetune/points?wait=true "HTTP/1.1 200 OK"
2025-12-22 09:02:35,312 - INFO - PUT http://localhost:9200/_bulk [status:200 duration:0.010s]
2025-12-22 09:02:38,284 - INFO - HTTP Request: PUT http://localhost:6333/collections/law_with_bge_round1/points?wait=true "HTTP/1.1 200 OK"
2025-12-22 09:02:38,326 - INFO - HTTP Request: PUT http://localhost:6333/collections/law_with_e5_emb_not_finetune/points?wait=true "HTTP/1.1 200 OK"
2025-12-22 09:02:38,344 - INFO - PUT http://localhost:9200/_bulk [status:200 duration:0.015s]
2025-12-22 09:02:41,177 - INFO - HTTP Request: PUT http://localhost:6333/collections/law_with_bge_round1/points?wait=true "HTTP/1.1 200 OK"
2025-12-22 09:02:41,219 - INFO - HTTP Request: PUT http://localhost:6333/collections/law_with_e5_emb_not_finetune/points?wait=true "HTTP/1.1 200 OK"
2025-12-22 09:02:41,276 - INFO - PUT http://localhost:9200/_bulk [status:200 duration:0.054s]
2025-12-22 09:02:44,153 - INFO - HTTP Request: PUT http://localhost:6333/collections/law_with_bge_round1/points?wait=true "HTTP/1.1 200 OK"
2025-12-22 09:02:44,215 - INFO - HTTP Request: PUT http://localhost:6333/collections/law_with_e5_emb_not_finetune/points?wait=true "HTTP/1.1 200 OK"
2025-12-22 09:02:44,274 - INFO - PUT http://localhost:9200/_bulk [status:200 duration:0.056s]
2025-12-22 09:02:47,008 - INFO - HTTP Request: PUT http://localhost:6333/collections/law_with_bge_round1/points?wait=true "HTTP/1.1 200 OK"
2025-12-22 09:02:47,049 - INFO - HTTP Request: PUT http://localhost:6333/collections/law_with_e5_emb_not_finetune/points?wait=true "HTTP/1.1 200 OK"
2025-12-22 09:02:47,101 - INFO - PUT http://localhost:9200/_bulk [status:200 duration:0.049s]
2025-12-22 09:02:49,923 - INFO - HTTP Request: PUT http://localhost:6333/collections/law_with_bge_round1/points?wait=true "HTTP/1.1 200 OK"
2025-12-22 09:02:50,006 - INFO - HTTP Request: PUT http://localhost:6333/collections/law_with_e5_emb_not_finetune/points?wait=true "HTTP/1.1 200 OK"
2025-12-22 09:02:50,020 - INFO - PUT http://localhost:9200/_bulk [status:200 duration:0.010s]
2025-12-22 09:02:52,850 - INFO - HTTP Request: PUT http://localhost:6333/collections/law_with_bge_round1/points?wait=true "HTTP/1.1 200 OK"
2025-12-22 09:02:52,875 - INFO - HTTP Request: PUT http://localhost:6333/collections/law_with_e5_emb_not_finetune/points?wait=true "HTTP/1.1 200 OK"
2025-12-22 09:02:52,929 - INFO - PUT http://localhost:9200/_bulk [status:200 duration:0.051s]
2025-12-22 09:02:55,857 - INFO - HTTP Request: PUT http://localhost:6333/collections/law_with_bge_round1/points?wait=true "HTTP/1.1 200 OK"
2025-12-22 09:02:55,899 - INFO - HTTP Request: PUT http://localhost:6333/collections/law_with_e5_emb_not_finetune/points?wait=true "HTTP/1.1 200 OK"
2025-12-22 09:02:55,912 - INFO - PUT http://localhost:9200/_bulk [status:200 duration:0.010s]
2025-12-22 09:02:58,821 - INFO - HTTP Request: PUT http://localhost:6333/collections/law_with_bge_round1/points?wait=true "HTTP/1.1 200 OK"
2025-12-22 09:02:58,848 - INFO - HTTP Request: PUT http://localhost:6333/collections/law_with_e5_emb_not_finetune/points?wait=true "HTTP/1.1 200 OK"
2025-12-22 09:02:58,863 - INFO - PUT http://localhost:9200/_bulk [status:200 duration:0.012s]
2025-12-22 09:03:01,800 - INFO - HTTP Request: PUT http://localhost:6333/collections/law_with_bge_round1/points?wait=true "HTTP/1.1 200 OK"
2025-12-22 09:03:01,845 - INFO - HTTP Request: PUT http://localhost:6333/collections/law_with_e5_emb_not_finetune/points?wait=true "HTTP/1.1 200 OK"
2025-12-22 09:03:01,897 - INFO - PUT http://localhost:9200/_bulk [status:200 duration:0.050s]
2025-12-22 09:03:04,819 - INFO - HTTP Request: PUT http://localhost:6333/collections/law_with_bge_round1/points?wait=true "HTTP/1.1 200 OK"
2025-12-22 09:03:04,846 - INFO - HTTP Request: PUT http://localhost:6333/collections/law_with_e5_emb_not_finetune/points?wait=true "HTTP/1.1 200 OK"
2025-12-22 09:03:04,903 - INFO - PUT http://localhost:9200/_bulk [status:200 duration:0.053s]
2025-12-22 09:03:07,786 - INFO - HTTP Request: PUT http://localhost:6333/collections/law_with_bge_round1/points?wait=true "HTTP/1.1 200 OK"
2025-12-22 09:03:07,813 - INFO - HTTP Request: PUT http://localhost:6333/collections/law_with_e5_emb_not_finetune/points?wait=true "HTTP/1.1 200 OK"
2025-12-22 09:03:07,869 - INFO - PUT http://localhost:9200/_bulk [status:200 duration:0.052s]
2025-12-22 09:03:10,821 - INFO - HTTP Request: PUT http://localhost:6333/collections/law_with_bge_round1/points?wait=true "HTTP/1.1 200 OK"
2025-12-22 09:03:10,861 - INFO - HTTP Request: PUT http://localhost:6333/collections/law_with_e5_emb_not_finetune/points?wait=true "HTTP/1.1 200 OK"
2025-12-22 09:03:10,920 - INFO - PUT http://localhost:9200/_bulk [status:200 duration:0.056s]
2025-12-22 09:03:13,719 - INFO - HTTP Request: PUT http://localhost:6333/collections/law_with_bge_round1/points?wait=true "HTTP/1.1 200 OK"
2025-12-22 09:03:13,765 - INFO - HTTP Request: PUT http://localhost:6333/collections/law_with_e5_emb_not_finetune/points?wait=true "HTTP/1.1 200 OK"
2025-12-22 09:03:13,820 - INFO - PUT http://localhost:9200/_bulk [status:200 duration:0.052s]
2025-12-22 09:03:16,731 - INFO - HTTP Request: PUT http://localhost:6333/collections/law_with_bge_round1/points?wait=true "HTTP/1.1 200 OK"
2025-12-22 09:03:16,757 - INFO - HTTP Request: PUT http://localhost:6333/collections/law_with_e5_emb_not_finetune/points?wait=true "HTTP/1.1 200 OK"
2025-12-22 09:03:16,811 - INFO - PUT http://localhost:9200/_bulk [status:200 duration:0.052s]
2025-12-22 09:03:19,627 - INFO - HTTP Request: PUT http://localhost:6333/collections/law_with_bge_round1/points?wait=true "HTTP/1.1 200 OK"
2025-12-22 09:03:19,682 - INFO - HTTP Request: PUT http://localhost:6333/collections/law_with_e5_emb_not_finetune/points?wait=true "HTTP/1.1 200 OK"
2025-12-22 09:03:19,736 - INFO - PUT http://localhost:9200/_bulk [status:200 duration:0.051s]
2025-12-22 09:03:22,658 - INFO - HTTP Request: PUT http://localhost:6333/collections/law_with_bge_round1/points?wait=true "HTTP/1.1 200 OK"
2025-12-22 09:03:22,706 - INFO - HTTP Request: PUT http://localhost:6333/collections/law_with_e5_emb_not_finetune/points?wait=true "HTTP/1.1 200 OK"
2025-12-22 09:03:22,718 - INFO - PUT http://localhost:9200/_bulk [status:200 duration:0.009s]
2025-12-22 09:03:25,685 - INFO - HTTP Request: PUT http://localhost:6333/collections/law_with_bge_round1/points?wait=true "HTTP/1.1 200 OK"
2025-12-22 09:03:25,761 - INFO - HTTP Request: PUT http://localhost:6333/collections/law_with_e5_emb_not_finetune/points?wait=true "HTTP/1.1 200 OK"
2025-12-22 09:03:25,824 - INFO - PUT http://localhost:9200/_bulk [status:200 duration:0.058s]
2025-12-22 09:03:28,761 - INFO - HTTP Request: PUT http://localhost:6333/collections/law_with_bge_round1/points?wait=true "HTTP/1.1 200 OK"
2025-12-22 09:03:28,787 - INFO - HTTP Request: PUT http://localhost:6333/collections/law_with_e5_emb_not_finetune/points?wait=true "HTTP/1.1 200 OK"
2025-12-22 09:03:28,845 - INFO - PUT http://localhost:9200/_bulk [status:200 duration:0.054s]
2025-12-22 09:03:31,856 - INFO - HTTP Request: PUT http://localhost:6333/collections/law_with_bge_round1/points?wait=true "HTTP/1.1 200 OK"
2025-12-22 09:03:31,935 - INFO - HTTP Request: PUT http://localhost:6333/collections/law_with_e5_emb_not_finetune/points?wait=true "HTTP/1.1 200 OK"
2025-12-22 09:03:31,949 - INFO - PUT http://localhost:9200/_bulk [status:200 duration:0.010s]
2025-12-22 09:03:34,833 - INFO - HTTP Request: PUT http://localhost:6333/collections/law_with_bge_round1/points?wait=true "HTTP/1.1 200 OK"
2025-12-22 09:03:34,860 - INFO - HTTP Request: PUT http://localhost:6333/collections/law_with_e5_emb_not_finetune/points?wait=true "HTTP/1.1 200 OK"
2025-12-22 09:03:34,874 - INFO - PUT http://localhost:9200/_bulk [status:200 duration:0.010s]
2025-12-22 09:03:37,690 - INFO - HTTP Request: PUT http://localhost:6333/collections/law_with_bge_round1/points?wait=true "HTTP/1.1 200 OK"
2025-12-22 09:03:37,720 - INFO - HTTP Request: PUT http://localhost:6333/collections/law_with_e5_emb_not_finetune/points?wait=true "HTTP/1.1 200 OK"
2025-12-22 09:03:37,784 - INFO - PUT http://localhost:9200/_bulk [status:200 duration:0.060s]
2025-12-22 09:03:40,715 - INFO - HTTP Request: PUT http://localhost:6333/collections/law_with_bge_round1/points?wait=true "HTTP/1.1 200 OK"
2025-12-22 09:03:40,739 - INFO - HTTP Request: PUT http://localhost:6333/collections/law_with_e5_emb_not_finetune/points?wait=true "HTTP/1.1 200 OK"
2025-12-22 09:03:40,755 - INFO - PUT http://localhost:9200/_bulk [status:200 duration:0.013s]
2025-12-22 09:03:43,620 - INFO - HTTP Request: PUT http://localhost:6333/collections/law_with_bge_round1/points?wait=true "HTTP/1.1 200 OK"
2025-12-22 09:03:43,647 - INFO - HTTP Request: PUT http://localhost:6333/collections/law_with_e5_emb_not_finetune/points?wait=true "HTTP/1.1 200 OK"
2025-12-22 09:03:43,664 - INFO - PUT http://localhost:9200/_bulk [status:200 duration:0.014s]
2025-12-22 09:03:46,613 - INFO - HTTP Request: PUT http://localhost:6333/collections/law_with_bge_round1/points?wait=true "HTTP/1.1 200 OK"
2025-12-22 09:03:46,660 - INFO - HTTP Request: PUT http://localhost:6333/collections/law_with_e5_emb_not_finetune/points?wait=true "HTTP/1.1 200 OK"
2025-12-22 09:03:46,720 - INFO - PUT http://localhost:9200/_bulk [status:200 duration:0.057s]
2025-12-22 09:03:49,633 - INFO - HTTP Request: PUT http://localhost:6333/collections/law_with_bge_round1/points?wait=true "HTTP/1.1 200 OK"
2025-12-22 09:03:49,660 - INFO - HTTP Request: PUT http://localhost:6333/collections/law_with_e5_emb_not_finetune/points?wait=true "HTTP/1.1 200 OK"
2025-12-22 09:03:49,672 - INFO - PUT http://localhost:9200/_bulk [status:200 duration:0.010s]
2025-12-22 09:03:52,528 - INFO - HTTP Request: PUT http://localhost:6333/collections/law_with_bge_round1/points?wait=true "HTTP/1.1 200 OK"
2025-12-22 09:03:52,553 - INFO - HTTP Request: PUT http://localhost:6333/collections/law_with_e5_emb_not_finetune/points?wait=true "HTTP/1.1 200 OK"
2025-12-22 09:03:52,608 - INFO - PUT http://localhost:9200/_bulk [status:200 duration:0.052s]
2025-12-22 09:03:55,536 - INFO - HTTP Request: PUT http://localhost:6333/collections/law_with_bge_round1/points?wait=true "HTTP/1.1 200 OK"
2025-12-22 09:03:55,566 - INFO - HTTP Request: PUT http://localhost:6333/collections/law_with_e5_emb_not_finetune/points?wait=true "HTTP/1.1 200 OK"
2025-12-22 09:03:55,624 - INFO - PUT http://localhost:9200/_bulk [status:200 duration:0.054s]
2025-12-22 09:03:58,602 - INFO - HTTP Request: PUT http://localhost:6333/collections/law_with_bge_round1/points?wait=true "HTTP/1.1 200 OK"
2025-12-22 09:03:58,626 - INFO - HTTP Request: PUT http://localhost:6333/collections/law_with_e5_emb_not_finetune/points?wait=true "HTTP/1.1 200 OK"
2025-12-22 09:03:58,685 - INFO - PUT http://localhost:9200/_bulk [status:200 duration:0.055s]
2025-12-22 09:04:01,671 - INFO - HTTP Request: PUT http://localhost:6333/collections/law_with_bge_round1/points?wait=true "HTTP/1.1 200 OK"
2025-12-22 09:04:01,719 - INFO - HTTP Request: PUT http://localhost:6333/collections/law_with_e5_emb_not_finetune/points?wait=true "HTTP/1.1 200 OK"
2025-12-22 09:04:01,733 - INFO - PUT http://localhost:9200/_bulk [status:200 duration:0.010s]
2025-12-22 09:04:04,667 - INFO - HTTP Request: PUT http://localhost:6333/collections/law_with_bge_round1/points?wait=true "HTTP/1.1 200 OK"
2025-12-22 09:04:04,715 - INFO - HTTP Request: PUT http://localhost:6333/collections/law_with_e5_emb_not_finetune/points?wait=true "HTTP/1.1 200 OK"
2025-12-22 09:04:04,727 - INFO - PUT http://localhost:9200/_bulk [status:200 duration:0.009s]
2025-12-22 09:04:07,636 - INFO - HTTP Request: PUT http://localhost:6333/collections/law_with_bge_round1/points?wait=true "HTTP/1.1 200 OK"
2025-12-22 09:04:07,661 - INFO - HTTP Request: PUT http://localhost:6333/collections/law_with_e5_emb_not_finetune/points?wait=true "HTTP/1.1 200 OK"
2025-12-22 09:04:07,674 - INFO - PUT http://localhost:9200/_bulk [status:200 duration:0.010s]
2025-12-22 09:04:10,606 - INFO - HTTP Request: PUT http://localhost:6333/collections/law_with_bge_round1/points?wait=true "HTTP/1.1 200 OK"
2025-12-22 09:04:10,632 - INFO - HTTP Request: PUT http://localhost:6333/collections/law_with_e5_emb_not_finetune/points?wait=true "HTTP/1.1 200 OK"
2025-12-22 09:04:10,686 - INFO - PUT http://localhost:9200/_bulk [status:200 duration:0.050s]
2025-12-22 09:04:13,514 - INFO - HTTP Request: PUT http://localhost:6333/collections/law_with_bge_round1/points?wait=true "HTTP/1.1 200 OK"
2025-12-22 09:04:13,544 - INFO - HTTP Request: PUT http://localhost:6333/collections/law_with_e5_emb_not_finetune/points?wait=true "HTTP/1.1 200 OK"
2025-12-22 09:04:13,603 - INFO - PUT http://localhost:9200/_bulk [status:200 duration:0.056s]
2025-12-22 09:04:16,455 - INFO - HTTP Request: PUT http://localhost:6333/collections/law_with_bge_round1/points?wait=true "HTTP/1.1 200 OK"
2025-12-22 09:04:16,480 - INFO - HTTP Request: PUT http://localhost:6333/collections/law_with_e5_emb_not_finetune/points?wait=true "HTTP/1.1 200 OK"
2025-12-22 09:04:16,533 - INFO - PUT http://localhost:9200/_bulk [status:200 duration:0.050s]
2025-12-22 09:04:19,108 - INFO - HTTP Request: PUT http://localhost:6333/collections/law_with_bge_round1/points?wait=true "HTTP/1.1 200 OK"
2025-12-22 09:04:19,137 - INFO - HTTP Request: PUT http://localhost:6333/collections/law_with_e5_emb_not_finetune/points?wait=true "HTTP/1.1 200 OK"
2025-12-22 09:04:19,187 - INFO - PUT http://localhost:9200/_bulk [status:200 duration:0.047s]
2025-12-22 09:04:22,004 - INFO - HTTP Request: PUT http://localhost:6333/collections/law_with_bge_round1/points?wait=true "HTTP/1.1 200 OK"
2025-12-22 09:04:22,067 - INFO - HTTP Request: PUT http://localhost:6333/collections/law_with_e5_emb_not_finetune/points?wait=true "HTTP/1.1 200 OK"
2025-12-22 09:04:22,123 - INFO - PUT http://localhost:9200/_bulk [status:200 duration:0.052s]
2025-12-22 09:04:24,988 - INFO - HTTP Request: PUT http://localhost:6333/collections/law_with_bge_round1/points?wait=true "HTTP/1.1 200 OK"
2025-12-22 09:04:25,019 - INFO - HTTP Request: PUT http://localhost:6333/collections/law_with_e5_emb_not_finetune/points?wait=true "HTTP/1.1 200 OK"
2025-12-22 09:04:25,032 - INFO - PUT http://localhost:9200/_bulk [status:200 duration:0.009s]
2025-12-22 09:04:27,933 - INFO - HTTP Request: PUT http://localhost:6333/collections/law_with_bge_round1/points?wait=true "HTTP/1.1 200 OK"
2025-12-22 09:04:27,979 - INFO - HTTP Request: PUT http://localhost:6333/collections/law_with_e5_emb_not_finetune/points?wait=true "HTTP/1.1 200 OK"
2025-12-22 09:04:28,033 - INFO - PUT http://localhost:9200/_bulk [status:200 duration:0.051s]
2025-12-22 09:04:30,977 - INFO - HTTP Request: PUT http://localhost:6333/collections/law_with_bge_round1/points?wait=true "HTTP/1.1 200 OK"
2025-12-22 09:04:31,003 - INFO - HTTP Request: PUT http://localhost:6333/collections/law_with_e5_emb_not_finetune/points?wait=true "HTTP/1.1 200 OK"
2025-12-22 09:04:31,059 - INFO - PUT http://localhost:9200/_bulk [status:200 duration:0.053s]
2025-12-22 09:04:33,955 - INFO - HTTP Request: PUT http://localhost:6333/collections/law_with_bge_round1/points?wait=true "HTTP/1.1 200 OK"
2025-12-22 09:04:33,980 - INFO - HTTP Request: PUT http://localhost:6333/collections/law_with_e5_emb_not_finetune/points?wait=true "HTTP/1.1 200 OK"
2025-12-22 09:04:34,038 - INFO - PUT http://localhost:9200/_bulk [status:200 duration:0.055s]
2025-12-22 09:04:36,890 - INFO - HTTP Request: PUT http://localhost:6333/collections/law_with_bge_round1/points?wait=true "HTTP/1.1 200 OK"
2025-12-22 09:04:36,916 - INFO - HTTP Request: PUT http://localhost:6333/collections/law_with_e5_emb_not_finetune/points?wait=true "HTTP/1.1 200 OK"
2025-12-22 09:04:36,928 - INFO - PUT http://localhost:9200/_bulk [status:200 duration:0.008s]
2025-12-22 09:04:39,766 - INFO - HTTP Request: PUT http://localhost:6333/collections/law_with_bge_round1/points?wait=true "HTTP/1.1 200 OK"
2025-12-22 09:04:39,815 - INFO - HTTP Request: PUT http://localhost:6333/collections/law_with_e5_emb_not_finetune/points?wait=true "HTTP/1.1 200 OK"
2025-12-22 09:04:39,877 - INFO - PUT http://localhost:9200/_bulk [status:200 duration:0.059s]
2025-12-22 09:04:42,773 - INFO - HTTP Request: PUT http://localhost:6333/collections/law_with_bge_round1/points?wait=true "HTTP/1.1 200 OK"
2025-12-22 09:04:42,820 - INFO - HTTP Request: PUT http://localhost:6333/collections/law_with_e5_emb_not_finetune/points?wait=true "HTTP/1.1 200 OK"
2025-12-22 09:04:42,837 - INFO - PUT http://localhost:9200/_bulk [status:200 duration:0.013s]
2025-12-22 09:04:45,634 - INFO - HTTP Request: PUT http://localhost:6333/collections/law_with_bge_round1/points?wait=true "HTTP/1.1 200 OK"
2025-12-22 09:04:45,683 - INFO - HTTP Request: PUT http://localhost:6333/collections/law_with_e5_emb_not_finetune/points?wait=true "HTTP/1.1 200 OK"
2025-12-22 09:04:45,697 - INFO - PUT http://localhost:9200/_bulk [status:200 duration:0.010s]
2025-12-22 09:04:48,557 - INFO - HTTP Request: PUT http://localhost:6333/collections/law_with_bge_round1/points?wait=true "HTTP/1.1 200 OK"
2025-12-22 09:04:48,584 - INFO - HTTP Request: PUT http://localhost:6333/collections/law_with_e5_emb_not_finetune/points?wait=true "HTTP/1.1 200 OK"
2025-12-22 09:04:48,597 - INFO - PUT http://localhost:9200/_bulk [status:200 duration:0.010s]
2025-12-22 09:04:51,486 - INFO - HTTP Request: PUT http://localhost:6333/collections/law_with_bge_round1/points?wait=true "HTTP/1.1 200 OK"
2025-12-22 09:04:51,511 - INFO - HTTP Request: PUT http://localhost:6333/collections/law_with_e5_emb_not_finetune/points?wait=true "HTTP/1.1 200 OK"
2025-12-22 09:04:51,566 - INFO - PUT http://localhost:9200/_bulk [status:200 duration:0.053s]
2025-12-22 09:04:54,476 - INFO - HTTP Request: PUT http://localhost:6333/collections/law_with_bge_round1/points?wait=true "HTTP/1.1 200 OK"
2025-12-22 09:04:54,514 - INFO - HTTP Request: PUT http://localhost:6333/collections/law_with_e5_emb_not_finetune/points?wait=true "HTTP/1.1 200 OK"
2025-12-22 09:04:54,527 - INFO - PUT http://localhost:9200/_bulk [status:200 duration:0.010s]
2025-12-22 09:04:57,485 - INFO - HTTP Request: PUT http://localhost:6333/collections/law_with_bge_round1/points?wait=true "HTTP/1.1 200 OK"
2025-12-22 09:04:57,529 - INFO - HTTP Request: PUT http://localhost:6333/collections/law_with_e5_emb_not_finetune/points?wait=true "HTTP/1.1 200 OK"
2025-12-22 09:04:57,583 - INFO - PUT http://localhost:9200/_bulk [status:200 duration:0.051s]
2025-12-22 09:05:00,516 - INFO - HTTP Request: PUT http://localhost:6333/collections/law_with_bge_round1/points?wait=true "HTTP/1.1 200 OK"
2025-12-22 09:05:00,564 - INFO - HTTP Request: PUT http://localhost:6333/collections/law_with_e5_emb_not_finetune/points?wait=true "HTTP/1.1 200 OK"
2025-12-22 09:05:00,576 - INFO - PUT http://localhost:9200/_bulk [status:200 duration:0.009s]
2025-12-22 09:05:03,565 - INFO - HTTP Request: PUT http://localhost:6333/collections/law_with_bge_round1/points?wait=true "HTTP/1.1 200 OK"
2025-12-22 09:05:03,619 - INFO - HTTP Request: PUT http://localhost:6333/collections/law_with_e5_emb_not_finetune/points?wait=true "HTTP/1.1 200 OK"
2025-12-22 09:05:03,683 - INFO - PUT http://localhost:9200/_bulk [status:200 duration:0.060s]
2025-12-22 09:05:06,639 - INFO - HTTP Request: PUT http://localhost:6333/collections/law_with_bge_round1/points?wait=true "HTTP/1.1 200 OK"
2025-12-22 09:05:06,688 - INFO - HTTP Request: PUT http://localhost:6333/collections/law_with_e5_emb_not_finetune/points?wait=true "HTTP/1.1 200 OK"
2025-12-22 09:05:06,741 - INFO - PUT http://localhost:9200/_bulk [status:200 duration:0.050s]
2025-12-22 09:05:09,613 - INFO - HTTP Request: PUT http://localhost:6333/collections/law_with_bge_round1/points?wait=true "HTTP/1.1 200 OK"
2025-12-22 09:05:09,637 - INFO - HTTP Request: PUT http://localhost:6333/collections/law_with_e5_emb_not_finetune/points?wait=true "HTTP/1.1 200 OK"
2025-12-22 09:05:09,692 - INFO - PUT http://localhost:9200/_bulk [status:200 duration:0.053s]
2025-12-22 09:05:12,562 - INFO - HTTP Request: PUT http://localhost:6333/collections/law_with_bge_round1/points?wait=true "HTTP/1.1 200 OK"
2025-12-22 09:05:12,587 - INFO - HTTP Request: PUT http://localhost:6333/collections/law_with_e5_emb_not_finetune/points?wait=true "HTTP/1.1 200 OK"
2025-12-22 09:05:12,644 - INFO - PUT http://localhost:9200/_bulk [status:200 duration:0.053s]
2025-12-22 09:05:15,594 - INFO - HTTP Request: PUT http://localhost:6333/collections/law_with_bge_round1/points?wait=true "HTTP/1.1 200 OK"
2025-12-22 09:05:15,620 - INFO - HTTP Request: PUT http://localhost:6333/collections/law_with_e5_emb_not_finetune/points?wait=true "HTTP/1.1 200 OK"
2025-12-22 09:05:15,676 - INFO - PUT http://localhost:9200/_bulk [status:200 duration:0.053s]
2025-12-22 09:05:18,535 - INFO - HTTP Request: PUT http://localhost:6333/collections/law_with_bge_round1/points?wait=true "HTTP/1.1 200 OK"
2025-12-22 09:05:18,560 - INFO - HTTP Request: PUT http://localhost:6333/collections/law_with_e5_emb_not_finetune/points?wait=true "HTTP/1.1 200 OK"
2025-12-22 09:05:18,611 - INFO - PUT http://localhost:9200/_bulk [status:200 duration:0.048s]
2025-12-22 09:05:21,538 - INFO - HTTP Request: PUT http://localhost:6333/collections/law_with_bge_round1/points?wait=true "HTTP/1.1 200 OK"
2025-12-22 09:05:21,563 - INFO - HTTP Request: PUT http://localhost:6333/collections/law_with_e5_emb_not_finetune/points?wait=true "HTTP/1.1 200 OK"
2025-12-22 09:05:21,625 - INFO - PUT http://localhost:9200/_bulk [status:200 duration:0.059s]
2025-12-22 09:05:24,540 - INFO - HTTP Request: PUT http://localhost:6333/collections/law_with_bge_round1/points?wait=true "HTTP/1.1 200 OK"
2025-12-22 09:05:24,568 - INFO - HTTP Request: PUT http://localhost:6333/collections/law_with_e5_emb_not_finetune/points?wait=true "HTTP/1.1 200 OK"
2025-12-22 09:05:24,579 - INFO - PUT http://localhost:9200/_bulk [status:200 duration:0.009s]
2025-12-22 09:05:27,527 - INFO - HTTP Request: PUT http://localhost:6333/collections/law_with_bge_round1/points?wait=true "HTTP/1.1 200 OK"
2025-12-22 09:05:27,551 - INFO - HTTP Request: PUT http://localhost:6333/collections/law_with_e5_emb_not_finetune/points?wait=true "HTTP/1.1 200 OK"
2025-12-22 09:05:27,565 - INFO - PUT http://localhost:9200/_bulk [status:200 duration:0.010s]
2025-12-22 09:05:30,468 - INFO - HTTP Request: PUT http://localhost:6333/collections/law_with_bge_round1/points?wait=true "HTTP/1.1 200 OK"
2025-12-22 09:05:30,518 - INFO - HTTP Request: PUT http://localhost:6333/collections/law_with_e5_emb_not_finetune/points?wait=true "HTTP/1.1 200 OK"
2025-12-22 09:05:30,533 - INFO - PUT http://localhost:9200/_bulk [status:200 duration:0.011s]
2025-12-22 09:05:33,415 - INFO - HTTP Request: PUT http://localhost:6333/collections/law_with_bge_round1/points?wait=true "HTTP/1.1 200 OK"
2025-12-22 09:05:33,442 - INFO - HTTP Request: PUT http://localhost:6333/collections/law_with_e5_emb_not_finetune/points?wait=true "HTTP/1.1 200 OK"
2025-12-22 09:05:33,499 - INFO - PUT http://localhost:9200/_bulk [status:200 duration:0.054s]
2025-12-22 09:05:36,540 - INFO - HTTP Request: PUT http://localhost:6333/collections/law_with_bge_round1/points?wait=true "HTTP/1.1 200 OK"
2025-12-22 09:05:36,566 - INFO - HTTP Request: PUT http://localhost:6333/collections/law_with_e5_emb_not_finetune/points?wait=true "HTTP/1.1 200 OK"
2025-12-22 09:05:36,625 - INFO - PUT http://localhost:9200/_bulk [status:200 duration:0.057s]
2025-12-22 09:05:39,646 - INFO - HTTP Request: PUT http://localhost:6333/collections/law_with_bge_round1/points?wait=true "HTTP/1.1 200 OK"
2025-12-22 09:05:39,675 - INFO - HTTP Request: PUT http://localhost:6333/collections/law_with_e5_emb_not_finetune/points?wait=true "HTTP/1.1 200 OK"
2025-12-22 09:05:39,731 - INFO - PUT http://localhost:9200/_bulk [status:200 duration:0.052s]
2025-12-22 09:05:42,485 - INFO - HTTP Request: PUT http://localhost:6333/collections/law_with_bge_round1/points?wait=true "HTTP/1.1 200 OK"
2025-12-22 09:05:42,535 - INFO - HTTP Request: PUT http://localhost:6333/collections/law_with_e5_emb_not_finetune/points?wait=true "HTTP/1.1 200 OK"
2025-12-22 09:05:42,595 - INFO - PUT http://localhost:9200/_bulk [status:200 duration:0.058s]
2025-12-22 09:05:45,446 - INFO - HTTP Request: PUT http://localhost:6333/collections/law_with_bge_round1/points?wait=true "HTTP/1.1 200 OK"
2025-12-22 09:05:45,483 - INFO - HTTP Request: PUT http://localhost:6333/collections/law_with_e5_emb_not_finetune/points?wait=true "HTTP/1.1 200 OK"
2025-12-22 09:05:45,540 - INFO - PUT http://localhost:9200/_bulk [status:200 duration:0.053s]
2025-12-22 09:05:48,354 - INFO - HTTP Request: PUT http://localhost:6333/collections/law_with_bge_round1/points?wait=true "HTTP/1.1 200 OK"
2025-12-22 09:05:48,411 - INFO - HTTP Request: PUT http://localhost:6333/collections/law_with_e5_emb_not_finetune/points?wait=true "HTTP/1.1 200 OK"
2025-12-22 09:05:48,473 - INFO - PUT http://localhost:9200/_bulk [status:200 duration:0.058s]
2025-12-22 09:05:51,295 - INFO - HTTP Request: PUT http://localhost:6333/collections/law_with_bge_round1/points?wait=true "HTTP/1.1 200 OK"
2025-12-22 09:05:51,321 - INFO - HTTP Request: PUT http://localhost:6333/collections/law_with_e5_emb_not_finetune/points?wait=true "HTTP/1.1 200 OK"
2025-12-22 09:05:51,377 - INFO - PUT http://localhost:9200/_bulk [status:200 duration:0.054s]
2025-12-22 09:05:54,260 - INFO - HTTP Request: PUT http://localhost:6333/collections/law_with_bge_round1/points?wait=true "HTTP/1.1 200 OK"
2025-12-22 09:05:54,288 - INFO - HTTP Request: PUT http://localhost:6333/collections/law_with_e5_emb_not_finetune/points?wait=true "HTTP/1.1 200 OK"
2025-12-22 09:05:54,302 - INFO - PUT http://localhost:9200/_bulk [status:200 duration:0.010s]
2025-12-22 09:05:57,109 - INFO - HTTP Request: PUT http://localhost:6333/collections/law_with_bge_round1/points?wait=true "HTTP/1.1 200 OK"
2025-12-22 09:05:57,135 - INFO - HTTP Request: PUT http://localhost:6333/collections/law_with_e5_emb_not_finetune/points?wait=true "HTTP/1.1 200 OK"
2025-12-22 09:05:57,192 - INFO - PUT http://localhost:9200/_bulk [status:200 duration:0.054s]
2025-12-22 09:06:00,104 - INFO - HTTP Request: PUT http://localhost:6333/collections/law_with_bge_round1/points?wait=true "HTTP/1.1 200 OK"
2025-12-22 09:06:00,129 - INFO - HTTP Request: PUT http://localhost:6333/collections/law_with_e5_emb_not_finetune/points?wait=true "HTTP/1.1 200 OK"
2025-12-22 09:06:00,184 - INFO - PUT http://localhost:9200/_bulk [status:200 duration:0.052s]
2025-12-22 09:06:03,047 - INFO - HTTP Request: PUT http://localhost:6333/collections/law_with_bge_round1/points?wait=true "HTTP/1.1 200 OK"
2025-12-22 09:06:03,121 - INFO - HTTP Request: PUT http://localhost:6333/collections/law_with_e5_emb_not_finetune/points?wait=true "HTTP/1.1 200 OK"
2025-12-22 09:06:03,179 - INFO - PUT http://localhost:9200/_bulk [status:200 duration:0.055s]
2025-12-22 09:06:06,073 - INFO - HTTP Request: PUT http://localhost:6333/collections/law_with_bge_round1/points?wait=true "HTTP/1.1 200 OK"
2025-12-22 09:06:06,098 - INFO - HTTP Request: PUT http://localhost:6333/collections/law_with_e5_emb_not_finetune/points?wait=true "HTTP/1.1 200 OK"
2025-12-22 09:06:06,160 - INFO - PUT http://localhost:9200/_bulk [status:200 duration:0.057s]
2025-12-22 09:06:09,031 - INFO - HTTP Request: PUT http://localhost:6333/collections/law_with_bge_round1/points?wait=true "HTTP/1.1 200 OK"
2025-12-22 09:06:09,055 - INFO - HTTP Request: PUT http://localhost:6333/collections/law_with_e5_emb_not_finetune/points?wait=true "HTTP/1.1 200 OK"
2025-12-22 09:06:09,069 - INFO - PUT http://localhost:9200/_bulk [status:200 duration:0.010s]
2025-12-22 09:06:11,995 - INFO - HTTP Request: PUT http://localhost:6333/collections/law_with_bge_round1/points?wait=true "HTTP/1.1 200 OK"
2025-12-22 09:06:12,034 - INFO - HTTP Request: PUT http://localhost:6333/collections/law_with_e5_emb_not_finetune/points?wait=true "HTTP/1.1 200 OK"
2025-12-22 09:06:12,049 - INFO - PUT http://localhost:9200/_bulk [status:200 duration:0.012s]
2025-12-22 09:06:14,935 - INFO - HTTP Request: PUT http://localhost:6333/collections/law_with_bge_round1/points?wait=true "HTTP/1.1 200 OK"
2025-12-22 09:06:14,995 - INFO - HTTP Request: PUT http://localhost:6333/collections/law_with_e5_emb_not_finetune/points?wait=true "HTTP/1.1 200 OK"
2025-12-22 09:06:15,054 - INFO - PUT http://localhost:9200/_bulk [status:200 duration:0.057s]
2025-12-22 09:06:17,982 - INFO - HTTP Request: PUT http://localhost:6333/collections/law_with_bge_round1/points?wait=true "HTTP/1.1 200 OK"
2025-12-22 09:06:18,007 - INFO - HTTP Request: PUT http://localhost:6333/collections/law_with_e5_emb_not_finetune/points?wait=true "HTTP/1.1 200 OK"
2025-12-22 09:06:18,065 - INFO - PUT http://localhost:9200/_bulk [status:200 duration:0.054s]
2025-12-22 09:06:21,002 - INFO - HTTP Request: PUT http://localhost:6333/collections/law_with_bge_round1/points?wait=true "HTTP/1.1 200 OK"
2025-12-22 09:06:21,049 - INFO - HTTP Request: PUT http://localhost:6333/collections/law_with_e5_emb_not_finetune/points?wait=true "HTTP/1.1 200 OK"
2025-12-22 09:06:21,065 - INFO - PUT http://localhost:9200/_bulk [status:200 duration:0.013s]
2025-12-22 09:06:23,891 - INFO - HTTP Request: PUT http://localhost:6333/collections/law_with_bge_round1/points?wait=true "HTTP/1.1 200 OK"
2025-12-22 09:06:23,933 - INFO - HTTP Request: PUT http://localhost:6333/collections/law_with_e5_emb_not_finetune/points?wait=true "HTTP/1.1 200 OK"
2025-12-22 09:06:23,946 - INFO - PUT http://localhost:9200/_bulk [status:200 duration:0.009s]
2025-12-22 09:06:26,929 - INFO - HTTP Request: PUT http://localhost:6333/collections/law_with_bge_round1/points?wait=true "HTTP/1.1 200 OK"
2025-12-22 09:06:26,955 - INFO - HTTP Request: PUT http://localhost:6333/collections/law_with_e5_emb_not_finetune/points?wait=true "HTTP/1.1 200 OK"
2025-12-22 09:06:26,968 - INFO - PUT http://localhost:9200/_bulk [status:200 duration:0.009s]
2025-12-22 09:06:29,816 - INFO - HTTP Request: PUT http://localhost:6333/collections/law_with_bge_round1/points?wait=true "HTTP/1.1 200 OK"
2025-12-22 09:06:29,844 - INFO - HTTP Request: PUT http://localhost:6333/collections/law_with_e5_emb_not_finetune/points?wait=true "HTTP/1.1 200 OK"
2025-12-22 09:06:29,857 - INFO - PUT http://localhost:9200/_bulk [status:200 duration:0.010s]
2025-12-22 09:06:32,756 - INFO - HTTP Request: PUT http://localhost:6333/collections/law_with_bge_round1/points?wait=true "HTTP/1.1 200 OK"
2025-12-22 09:06:32,796 - INFO - HTTP Request: PUT http://localhost:6333/collections/law_with_e5_emb_not_finetune/points?wait=true "HTTP/1.1 200 OK"
2025-12-22 09:06:32,849 - INFO - PUT http://localhost:9200/_bulk [status:200 duration:0.050s]
2025-12-22 09:06:35,774 - INFO - HTTP Request: PUT http://localhost:6333/collections/law_with_bge_round1/points?wait=true "HTTP/1.1 200 OK"
2025-12-22 09:06:35,831 - INFO - HTTP Request: PUT http://localhost:6333/collections/law_with_e5_emb_not_finetune/points?wait=true "HTTP/1.1 200 OK"
2025-12-22 09:06:35,884 - INFO - PUT http://localhost:9200/_bulk [status:200 duration:0.051s]
2025-12-22 09:06:38,856 - INFO - HTTP Request: PUT http://localhost:6333/collections/law_with_bge_round1/points?wait=true "HTTP/1.1 200 OK"
2025-12-22 09:06:38,887 - INFO - HTTP Request: PUT http://localhost:6333/collections/law_with_e5_emb_not_finetune/points?wait=true "HTTP/1.1 200 OK"
2025-12-22 09:06:38,901 - INFO - PUT http://localhost:9200/_bulk [status:200 duration:0.010s]
2025-12-22 09:06:41,811 - INFO - HTTP Request: PUT http://localhost:6333/collections/law_with_bge_round1/points?wait=true "HTTP/1.1 200 OK"
2025-12-22 09:06:41,837 - INFO - HTTP Request: PUT http://localhost:6333/collections/law_with_e5_emb_not_finetune/points?wait=true "HTTP/1.1 200 OK"
2025-12-22 09:06:41,854 - INFO - PUT http://localhost:9200/_bulk [status:200 duration:0.011s]
2025-12-22 09:06:44,809 - INFO - HTTP Request: PUT http://localhost:6333/collections/law_with_bge_round1/points?wait=true "HTTP/1.1 200 OK"
2025-12-22 09:06:44,840 - INFO - HTTP Request: PUT http://localhost:6333/collections/law_with_e5_emb_not_finetune/points?wait=true "HTTP/1.1 200 OK"
2025-12-22 09:06:44,859 - INFO - PUT http://localhost:9200/_bulk [status:200 duration:0.016s]
2025-12-22 09:06:47,764 - INFO - HTTP Request: PUT http://localhost:6333/collections/law_with_bge_round1/points?wait=true "HTTP/1.1 200 OK"
2025-12-22 09:06:47,788 - INFO - HTTP Request: PUT http://localhost:6333/collections/law_with_e5_emb_not_finetune/points?wait=true "HTTP/1.1 200 OK"
2025-12-22 09:06:47,844 - INFO - PUT http://localhost:9200/_bulk [status:200 duration:0.052s]
2025-12-22 09:06:50,847 - INFO - HTTP Request: PUT http://localhost:6333/collections/law_with_bge_round1/points?wait=true "HTTP/1.1 200 OK"
2025-12-22 09:06:50,872 - INFO - HTTP Request: PUT http://localhost:6333/collections/law_with_e5_emb_not_finetune/points?wait=true "HTTP/1.1 200 OK"
2025-12-22 09:06:50,936 - INFO - PUT http://localhost:9200/_bulk [status:200 duration:0.061s]
2025-12-22 09:06:53,896 - INFO - HTTP Request: PUT http://localhost:6333/collections/law_with_bge_round1/points?wait=true "HTTP/1.1 200 OK"
2025-12-22 09:06:53,923 - INFO - HTTP Request: PUT http://localhost:6333/collections/law_with_e5_emb_not_finetune/points?wait=true "HTTP/1.1 200 OK"
2025-12-22 09:06:53,982 - INFO - PUT http://localhost:9200/_bulk [status:200 duration:0.054s]
2025-12-22 09:06:56,937 - INFO - HTTP Request: PUT http://localhost:6333/collections/law_with_bge_round1/points?wait=true "HTTP/1.1 200 OK"
2025-12-22 09:06:56,967 - INFO - HTTP Request: PUT http://localhost:6333/collections/law_with_e5_emb_not_finetune/points?wait=true "HTTP/1.1 200 OK"
2025-12-22 09:06:57,023 - INFO - PUT http://localhost:9200/_bulk [status:200 duration:0.053s]
2025-12-22 09:06:59,837 - INFO - HTTP Request: PUT http://localhost:6333/collections/law_with_bge_round1/points?wait=true "HTTP/1.1 200 OK"
2025-12-22 09:06:59,881 - INFO - HTTP Request: PUT http://localhost:6333/collections/law_with_e5_emb_not_finetune/points?wait=true "HTTP/1.1 200 OK"
2025-12-22 09:06:59,900 - INFO - PUT http://localhost:9200/_bulk [status:200 duration:0.015s]
2025-12-22 09:07:02,734 - INFO - HTTP Request: PUT http://localhost:6333/collections/law_with_bge_round1/points?wait=true "HTTP/1.1 200 OK"
2025-12-22 09:07:02,762 - INFO - HTTP Request: PUT http://localhost:6333/collections/law_with_e5_emb_not_finetune/points?wait=true "HTTP/1.1 200 OK"
2025-12-22 09:07:02,818 - INFO - PUT http://localhost:9200/_bulk [status:200 duration:0.053s]
2025-12-22 09:07:05,665 - INFO - HTTP Request: PUT http://localhost:6333/collections/law_with_bge_round1/points?wait=true "HTTP/1.1 200 OK"
2025-12-22 09:07:05,722 - INFO - HTTP Request: PUT http://localhost:6333/collections/law_with_e5_emb_not_finetune/points?wait=true "HTTP/1.1 200 OK"
2025-12-22 09:07:05,738 - INFO - PUT http://localhost:9200/_bulk [status:200 duration:0.011s]
2025-12-22 09:07:08,623 - INFO - HTTP Request: PUT http://localhost:6333/collections/law_with_bge_round1/points?wait=true "HTTP/1.1 200 OK"
2025-12-22 09:07:08,648 - INFO - HTTP Request: PUT http://localhost:6333/collections/law_with_e5_emb_not_finetune/points?wait=true "HTTP/1.1 200 OK"
2025-12-22 09:07:08,661 - INFO - PUT http://localhost:9200/_bulk [status:200 duration:0.010s]
2025-12-22 09:07:11,500 - INFO - HTTP Request: PUT http://localhost:6333/collections/law_with_bge_round1/points?wait=true "HTTP/1.1 200 OK"
2025-12-22 09:07:11,536 - INFO - HTTP Request: PUT http://localhost:6333/collections/law_with_e5_emb_not_finetune/points?wait=true "HTTP/1.1 200 OK"
2025-12-22 09:07:11,553 - INFO - PUT http://localhost:9200/_bulk [status:200 duration:0.013s]
2025-12-22 09:07:14,560 - INFO - HTTP Request: PUT http://localhost:6333/collections/law_with_bge_round1/points?wait=true "HTTP/1.1 200 OK"
2025-12-22 09:07:14,591 - INFO - HTTP Request: PUT http://localhost:6333/collections/law_with_e5_emb_not_finetune/points?wait=true "HTTP/1.1 200 OK"
2025-12-22 09:07:14,605 - INFO - PUT http://localhost:9200/_bulk [status:200 duration:0.011s]
2025-12-22 09:07:17,499 - INFO - HTTP Request: PUT http://localhost:6333/collections/law_with_bge_round1/points?wait=true "HTTP/1.1 200 OK"
2025-12-22 09:07:17,533 - INFO - HTTP Request: PUT http://localhost:6333/collections/law_with_e5_emb_not_finetune/points?wait=true "HTTP/1.1 200 OK"
2025-12-22 09:07:17,589 - INFO - PUT http://localhost:9200/_bulk [status:200 duration:0.051s]
2025-12-22 09:07:20,532 - INFO - HTTP Request: PUT http://localhost:6333/collections/law_with_bge_round1/points?wait=true "HTTP/1.1 200 OK"
2025-12-22 09:07:20,609 - INFO - HTTP Request: PUT http://localhost:6333/collections/law_with_e5_emb_not_finetune/points?wait=true "HTTP/1.1 200 OK"
2025-12-22 09:07:20,624 - INFO - PUT http://localhost:9200/_bulk [status:200 duration:0.011s]
2025-12-22 09:07:23,550 - INFO - HTTP Request: PUT http://localhost:6333/collections/law_with_bge_round1/points?wait=true "HTTP/1.1 200 OK"
2025-12-22 09:07:23,586 - INFO - HTTP Request: PUT http://localhost:6333/collections/law_with_e5_emb_not_finetune/points?wait=true "HTTP/1.1 200 OK"
2025-12-22 09:07:23,641 - INFO - PUT http://localhost:9200/_bulk [status:200 duration:0.051s]
2025-12-22 09:07:26,539 - INFO - HTTP Request: PUT http://localhost:6333/collections/law_with_bge_round1/points?wait=true "HTTP/1.1 200 OK"
2025-12-22 09:07:26,599 - INFO - HTTP Request: PUT http://localhost:6333/collections/law_with_e5_emb_not_finetune/points?wait=true "HTTP/1.1 200 OK"
2025-12-22 09:07:26,651 - INFO - PUT http://localhost:9200/_bulk [status:200 duration:0.049s]
2025-12-22 09:07:29,503 - INFO - HTTP Request: PUT http://localhost:6333/collections/law_with_bge_round1/points?wait=true "HTTP/1.1 200 OK"
2025-12-22 09:07:29,531 - INFO - HTTP Request: PUT http://localhost:6333/collections/law_with_e5_emb_not_finetune/points?wait=true "HTTP/1.1 200 OK"
2025-12-22 09:07:29,588 - INFO - PUT http://localhost:9200/_bulk [status:200 duration:0.054s]
2025-12-22 09:07:32,471 - INFO - HTTP Request: PUT http://localhost:6333/collections/law_with_bge_round1/points?wait=true "HTTP/1.1 200 OK"
2025-12-22 09:07:32,496 - INFO - HTTP Request: PUT http://localhost:6333/collections/law_with_e5_emb_not_finetune/points?wait=true "HTTP/1.1 200 OK"
2025-12-22 09:07:32,508 - INFO - PUT http://localhost:9200/_bulk [status:200 duration:0.009s]
2025-12-22 09:07:35,464 - INFO - HTTP Request: PUT http://localhost:6333/collections/law_with_bge_round1/points?wait=true "HTTP/1.1 200 OK"
2025-12-22 09:07:35,490 - INFO - HTTP Request: PUT http://localhost:6333/collections/law_with_e5_emb_not_finetune/points?wait=true "HTTP/1.1 200 OK"
2025-12-22 09:07:35,501 - INFO - PUT http://localhost:9200/_bulk [status:200 duration:0.007s]
2025-12-22 09:07:38,357 - INFO - HTTP Request: PUT http://localhost:6333/collections/law_with_bge_round1/points?wait=true "HTTP/1.1 200 OK"
2025-12-22 09:07:38,384 - INFO - HTTP Request: PUT http://localhost:6333/collections/law_with_e5_emb_not_finetune/points?wait=true "HTTP/1.1 200 OK"
2025-12-22 09:07:38,396 - INFO - PUT http://localhost:9200/_bulk [status:200 duration:0.009s]
2025-12-22 09:07:41,362 - INFO - HTTP Request: PUT http://localhost:6333/collections/law_with_bge_round1/points?wait=true "HTTP/1.1 200 OK"
2025-12-22 09:07:41,390 - INFO - HTTP Request: PUT http://localhost:6333/collections/law_with_e5_emb_not_finetune/points?wait=true "HTTP/1.1 200 OK"
2025-12-22 09:07:41,404 - INFO - PUT http://localhost:9200/_bulk [status:200 duration:0.011s]
2025-12-22 09:07:44,299 - INFO - HTTP Request: PUT http://localhost:6333/collections/law_with_bge_round1/points?wait=true "HTTP/1.1 200 OK"
2025-12-22 09:07:44,322 - INFO - HTTP Request: PUT http://localhost:6333/collections/law_with_e5_emb_not_finetune/points?wait=true "HTTP/1.1 200 OK"
2025-12-22 09:07:44,379 - INFO - PUT http://localhost:9200/_bulk [status:200 duration:0.054s]
2025-12-22 09:07:47,261 - INFO - HTTP Request: PUT http://localhost:6333/collections/law_with_bge_round1/points?wait=true "HTTP/1.1 200 OK"
2025-12-22 09:07:47,287 - INFO - HTTP Request: PUT http://localhost:6333/collections/law_with_e5_emb_not_finetune/points?wait=true "HTTP/1.1 200 OK"
2025-12-22 09:07:47,302 - INFO - PUT http://localhost:9200/_bulk [status:200 duration:0.012s]
2025-12-22 09:07:50,155 - INFO - HTTP Request: PUT http://localhost:6333/collections/law_with_bge_round1/points?wait=true "HTTP/1.1 200 OK"
2025-12-22 09:07:50,178 - INFO - HTTP Request: PUT http://localhost:6333/collections/law_with_e5_emb_not_finetune/points?wait=true "HTTP/1.1 200 OK"
2025-12-22 09:07:50,238 - INFO - PUT http://localhost:9200/_bulk [status:200 duration:0.056s]
2025-12-22 09:07:53,144 - INFO - HTTP Request: PUT http://localhost:6333/collections/law_with_bge_round1/points?wait=true "HTTP/1.1 200 OK"
2025-12-22 09:07:53,179 - INFO - HTTP Request: PUT http://localhost:6333/collections/law_with_e5_emb_not_finetune/points?wait=true "HTTP/1.1 200 OK"
2025-12-22 09:07:53,241 - INFO - PUT http://localhost:9200/_bulk [status:200 duration:0.059s]
2025-12-22 09:07:56,077 - INFO - HTTP Request: PUT http://localhost:6333/collections/law_with_bge_round1/points?wait=true "HTTP/1.1 200 OK"
2025-12-22 09:07:56,104 - INFO - HTTP Request: PUT http://localhost:6333/collections/law_with_e5_emb_not_finetune/points?wait=true "HTTP/1.1 200 OK"
2025-12-22 09:07:56,155 - INFO - PUT http://localhost:9200/_bulk [status:200 duration:0.048s]
2025-12-22 09:07:58,976 - INFO - HTTP Request: PUT http://localhost:6333/collections/law_with_bge_round1/points?wait=true "HTTP/1.1 200 OK"
2025-12-22 09:07:59,002 - INFO - HTTP Request: PUT http://localhost:6333/collections/law_with_e5_emb_not_finetune/points?wait=true "HTTP/1.1 200 OK"
2025-12-22 09:07:59,061 - INFO - PUT http://localhost:9200/_bulk [status:200 duration:0.055s]
2025-12-22 09:08:01,971 - INFO - HTTP Request: PUT http://localhost:6333/collections/law_with_bge_round1/points?wait=true "HTTP/1.1 200 OK"
2025-12-22 09:08:01,996 - INFO - HTTP Request: PUT http://localhost:6333/collections/law_with_e5_emb_not_finetune/points?wait=true "HTTP/1.1 200 OK"
2025-12-22 09:08:02,052 - INFO - PUT http://localhost:9200/_bulk [status:200 duration:0.054s]
2025-12-22 09:08:03,550 - INFO - HTTP Request: PUT http://localhost:6333/collections/law_with_bge_round1/points?wait=true "HTTP/1.1 200 OK"
2025-12-22 09:08:03,592 - INFO - HTTP Request: PUT http://localhost:6333/collections/law_with_e5_emb_not_finetune/points?wait=true "HTTP/1.1 200 OK"
2025-12-22 09:08:03,646 - INFO - PUT http://localhost:9200/_bulk [status:200 duration:0.050s]
2025-12-22 09:08:06,212 - INFO - HTTP Request: PUT http://localhost:6333/collections/law_with_bge_round1/points?wait=true "HTTP/1.1 200 OK"
2025-12-22 09:08:06,238 - INFO - HTTP Request: PUT http://localhost:6333/collections/law_with_e5_emb_not_finetune/points?wait=true "HTTP/1.1 200 OK"
2025-12-22 09:08:06,294 - INFO - PUT http://localhost:9200/_bulk [status:200 duration:0.053s]
2025-12-22 09:08:09,135 - INFO - HTTP Request: PUT http://localhost:6333/collections/law_with_bge_round1/points?wait=true "HTTP/1.1 200 OK"
2025-12-22 09:08:09,191 - INFO - HTTP Request: PUT http://localhost:6333/collections/law_with_e5_emb_not_finetune/points?wait=true "HTTP/1.1 200 OK"
2025-12-22 09:08:09,249 - INFO - PUT http://localhost:9200/_bulk [status:200 duration:0.055s]
2025-12-22 09:08:12,206 - INFO - HTTP Request: PUT http://localhost:6333/collections/law_with_bge_round1/points?wait=true "HTTP/1.1 200 OK"
2025-12-22 09:08:12,237 - INFO - HTTP Request: PUT http://localhost:6333/collections/law_with_e5_emb_not_finetune/points?wait=true "HTTP/1.1 200 OK"
2025-12-22 09:08:12,297 - INFO - PUT http://localhost:9200/_bulk [status:200 duration:0.057s]
2025-12-22 09:08:15,196 - INFO - HTTP Request: PUT http://localhost:6333/collections/law_with_bge_round1/points?wait=true "HTTP/1.1 200 OK"
2025-12-22 09:08:15,256 - INFO - HTTP Request: PUT http://localhost:6333/collections/law_with_e5_emb_not_finetune/points?wait=true "HTTP/1.1 200 OK"
2025-12-22 09:08:15,311 - INFO - PUT http://localhost:9200/_bulk [status:200 duration:0.052s]
2025-12-22 09:08:18,137 - INFO - HTTP Request: PUT http://localhost:6333/collections/law_with_bge_round1/points?wait=true "HTTP/1.1 200 OK"
2025-12-22 09:08:18,181 - INFO - HTTP Request: PUT http://localhost:6333/collections/law_with_e5_emb_not_finetune/points?wait=true "HTTP/1.1 200 OK"
2025-12-22 09:08:18,235 - INFO - PUT http://localhost:9200/_bulk [status:200 duration:0.051s]
2025-12-22 09:08:21,143 - INFO - HTTP Request: PUT http://localhost:6333/collections/law_with_bge_round1/points?wait=true "HTTP/1.1 200 OK"
2025-12-22 09:08:21,169 - INFO - HTTP Request: PUT http://localhost:6333/collections/law_with_e5_emb_not_finetune/points?wait=true "HTTP/1.1 200 OK"
2025-12-22 09:08:21,226 - INFO - PUT http://localhost:9200/_bulk [status:200 duration:0.054s]
2025-12-22 09:08:24,197 - INFO - HTTP Request: PUT http://localhost:6333/collections/law_with_bge_round1/points?wait=true "HTTP/1.1 200 OK"
2025-12-22 09:08:24,222 - INFO - HTTP Request: PUT http://localhost:6333/collections/law_with_e5_emb_not_finetune/points?wait=true "HTTP/1.1 200 OK"
2025-12-22 09:08:24,235 - INFO - PUT http://localhost:9200/_bulk [status:200 duration:0.010s]
2025-12-22 09:08:27,086 - INFO - HTTP Request: PUT http://localhost:6333/collections/law_with_bge_round1/points?wait=true "HTTP/1.1 200 OK"
2025-12-22 09:08:27,112 - INFO - HTTP Request: PUT http://localhost:6333/collections/law_with_e5_emb_not_finetune/points?wait=true "HTTP/1.1 200 OK"
2025-12-22 09:08:27,166 - INFO - PUT http://localhost:9200/_bulk [status:200 duration:0.051s]
2025-12-22 09:08:30,177 - INFO - HTTP Request: PUT http://localhost:6333/collections/law_with_bge_round1/points?wait=true "HTTP/1.1 200 OK"
2025-12-22 09:08:30,223 - INFO - HTTP Request: PUT http://localhost:6333/collections/law_with_e5_emb_not_finetune/points?wait=true "HTTP/1.1 200 OK"
2025-12-22 09:08:30,237 - INFO - PUT http://localhost:9200/_bulk [status:200 duration:0.011s]
2025-12-22 09:08:33,142 - INFO - HTTP Request: PUT http://localhost:6333/collections/law_with_bge_round1/points?wait=true "HTTP/1.1 200 OK"
2025-12-22 09:08:33,167 - INFO - HTTP Request: PUT http://localhost:6333/collections/law_with_e5_emb_not_finetune/points?wait=true "HTTP/1.1 200 OK"
2025-12-22 09:08:33,179 - INFO - PUT http://localhost:9200/_bulk [status:200 duration:0.008s]
2025-12-22 09:08:36,094 - INFO - HTTP Request: PUT http://localhost:6333/collections/law_with_bge_round1/points?wait=true "HTTP/1.1 200 OK"
2025-12-22 09:08:36,121 - INFO - HTTP Request: PUT http://localhost:6333/collections/law_with_e5_emb_not_finetune/points?wait=true "HTTP/1.1 200 OK"
2025-12-22 09:08:36,177 - INFO - PUT http://localhost:9200/_bulk [status:200 duration:0.053s]
2025-12-22 09:08:39,043 - INFO - HTTP Request: PUT http://localhost:6333/collections/law_with_bge_round1/points?wait=true "HTTP/1.1 200 OK"
2025-12-22 09:08:39,067 - INFO - HTTP Request: PUT http://localhost:6333/collections/law_with_e5_emb_not_finetune/points?wait=true "HTTP/1.1 200 OK"
2025-12-22 09:08:39,079 - INFO - PUT http://localhost:9200/_bulk [status:200 duration:0.008s]
2025-12-22 09:08:42,036 - INFO - HTTP Request: PUT http://localhost:6333/collections/law_with_bge_round1/points?wait=true "HTTP/1.1 200 OK"
2025-12-22 09:08:42,065 - INFO - HTTP Request: PUT http://localhost:6333/collections/law_with_e5_emb_not_finetune/points?wait=true "HTTP/1.1 200 OK"
2025-12-22 09:08:42,079 - INFO - PUT http://localhost:9200/_bulk [status:200 duration:0.012s]
2025-12-22 09:08:45,075 - INFO - HTTP Request: PUT http://localhost:6333/collections/law_with_bge_round1/points?wait=true "HTTP/1.1 200 OK"
2025-12-22 09:08:45,170 - INFO - HTTP Request: PUT http://localhost:6333/collections/law_with_e5_emb_not_finetune/points?wait=true "HTTP/1.1 200 OK"
2025-12-22 09:08:45,182 - INFO - PUT http://localhost:9200/_bulk [status:200 duration:0.008s]
2025-12-22 09:08:48,139 - INFO - HTTP Request: PUT http://localhost:6333/collections/law_with_bge_round1/points?wait=true "HTTP/1.1 200 OK"
2025-12-22 09:08:48,193 - INFO - HTTP Request: PUT http://localhost:6333/collections/law_with_e5_emb_not_finetune/points?wait=true "HTTP/1.1 200 OK"
2025-12-22 09:08:48,252 - INFO - PUT http://localhost:9200/_bulk [status:200 duration:0.057s]
2025-12-22 09:08:51,189 - INFO - HTTP Request: PUT http://localhost:6333/collections/law_with_bge_round1/points?wait=true "HTTP/1.1 200 OK"
2025-12-22 09:08:51,216 - INFO - HTTP Request: PUT http://localhost:6333/collections/law_with_e5_emb_not_finetune/points?wait=true "HTTP/1.1 200 OK"
2025-12-22 09:08:51,230 - INFO - PUT http://localhost:9200/_bulk [status:200 duration:0.011s]
2025-12-22 09:08:54,121 - INFO - HTTP Request: PUT http://localhost:6333/collections/law_with_bge_round1/points?wait=true "HTTP/1.1 200 OK"
2025-12-22 09:08:54,156 - INFO - HTTP Request: PUT http://localhost:6333/collections/law_with_e5_emb_not_finetune/points?wait=true "HTTP/1.1 200 OK"
2025-12-22 09:08:54,168 - INFO - PUT http://localhost:9200/_bulk [status:200 duration:0.009s]
2025-12-22 09:08:57,172 - INFO - HTTP Request: PUT http://localhost:6333/collections/law_with_bge_round1/points?wait=true "HTTP/1.1 200 OK"
2025-12-22 09:08:57,228 - INFO - HTTP Request: PUT http://localhost:6333/collections/law_with_e5_emb_not_finetune/points?wait=true "HTTP/1.1 200 OK"
2025-12-22 09:08:57,241 - INFO - PUT http://localhost:9200/_bulk [status:200 duration:0.009s]
2025-12-22 09:09:00,184 - INFO - HTTP Request: PUT http://localhost:6333/collections/law_with_bge_round1/points?wait=true "HTTP/1.1 200 OK"
2025-12-22 09:09:00,209 - INFO - HTTP Request: PUT http://localhost:6333/collections/law_with_e5_emb_not_finetune/points?wait=true "HTTP/1.1 200 OK"
2025-12-22 09:09:00,269 - INFO - PUT http://localhost:9200/_bulk [status:200 duration:0.056s]
2025-12-22 09:09:03,313 - INFO - HTTP Request: PUT http://localhost:6333/collections/law_with_bge_round1/points?wait=true "HTTP/1.1 200 OK"
2025-12-22 09:09:03,340 - INFO - HTTP Request: PUT http://localhost:6333/collections/law_with_e5_emb_not_finetune/points?wait=true "HTTP/1.1 200 OK"
2025-12-22 09:09:03,351 - INFO - PUT http://localhost:9200/_bulk [status:200 duration:0.008s]
2025-12-22 09:09:06,204 - INFO - HTTP Request: PUT http://localhost:6333/collections/law_with_bge_round1/points?wait=true "HTTP/1.1 200 OK"
2025-12-22 09:09:06,230 - INFO - HTTP Request: PUT http://localhost:6333/collections/law_with_e5_emb_not_finetune/points?wait=true "HTTP/1.1 200 OK"
2025-12-22 09:09:06,245 - INFO - PUT http://localhost:9200/_bulk [status:200 duration:0.011s]
2025-12-22 09:09:09,215 - INFO - HTTP Request: PUT http://localhost:6333/collections/law_with_bge_round1/points?wait=true "HTTP/1.1 200 OK"
2025-12-22 09:09:09,241 - INFO - HTTP Request: PUT http://localhost:6333/collections/law_with_e5_emb_not_finetune/points?wait=true "HTTP/1.1 200 OK"
2025-12-22 09:09:09,253 - INFO - PUT http://localhost:9200/_bulk [status:200 duration:0.009s]
2025-12-22 09:09:12,117 - INFO - HTTP Request: PUT http://localhost:6333/collections/law_with_bge_round1/points?wait=true "HTTP/1.1 200 OK"
2025-12-22 09:09:12,162 - INFO - HTTP Request: PUT http://localhost:6333/collections/law_with_e5_emb_not_finetune/points?wait=true "HTTP/1.1 200 OK"
2025-12-22 09:09:12,175 - INFO - PUT http://localhost:9200/_bulk [status:200 duration:0.009s]
2025-12-22 09:09:15,034 - INFO - HTTP Request: PUT http://localhost:6333/collections/law_with_bge_round1/points?wait=true "HTTP/1.1 200 OK"
2025-12-22 09:09:15,092 - INFO - HTTP Request: PUT http://localhost:6333/collections/law_with_e5_emb_not_finetune/points?wait=true "HTTP/1.1 200 OK"
2025-12-22 09:09:15,103 - INFO - PUT http://localhost:9200/_bulk [status:200 duration:0.008s]
2025-12-22 09:09:17,927 - INFO - HTTP Request: PUT http://localhost:6333/collections/law_with_bge_round1/points?wait=true "HTTP/1.1 200 OK"
2025-12-22 09:09:17,954 - INFO - HTTP Request: PUT http://localhost:6333/collections/law_with_e5_emb_not_finetune/points?wait=true "HTTP/1.1 200 OK"
2025-12-22 09:09:18,012 - INFO - PUT http://localhost:9200/_bulk [status:200 duration:0.056s]
2025-12-22 09:09:20,962 - INFO - HTTP Request: PUT http://localhost:6333/collections/law_with_bge_round1/points?wait=true "HTTP/1.1 200 OK"
2025-12-22 09:09:20,987 - INFO - HTTP Request: PUT http://localhost:6333/collections/law_with_e5_emb_not_finetune/points?wait=true "HTTP/1.1 200 OK"
2025-12-22 09:09:21,045 - INFO - PUT http://localhost:9200/_bulk [status:200 duration:0.055s]
2025-12-22 09:09:23,916 - INFO - HTTP Request: PUT http://localhost:6333/collections/law_with_bge_round1/points?wait=true "HTTP/1.1 200 OK"
2025-12-22 09:09:23,967 - INFO - HTTP Request: PUT http://localhost:6333/collections/law_with_e5_emb_not_finetune/points?wait=true "HTTP/1.1 200 OK"
2025-12-22 09:09:23,981 - INFO - PUT http://localhost:9200/_bulk [status:200 duration:0.011s]
2025-12-22 09:09:26,833 - INFO - HTTP Request: PUT http://localhost:6333/collections/law_with_bge_round1/points?wait=true "HTTP/1.1 200 OK"
2025-12-22 09:09:26,876 - INFO - HTTP Request: PUT http://localhost:6333/collections/law_with_e5_emb_not_finetune/points?wait=true "HTTP/1.1 200 OK"
2025-12-22 09:09:26,887 - INFO - PUT http://localhost:9200/_bulk [status:200 duration:0.008s]
2025-12-22 09:09:29,749 - INFO - HTTP Request: PUT http://localhost:6333/collections/law_with_bge_round1/points?wait=true "HTTP/1.1 200 OK"
2025-12-22 09:09:29,804 - INFO - HTTP Request: PUT http://localhost:6333/collections/law_with_e5_emb_not_finetune/points?wait=true "HTTP/1.1 200 OK"
2025-12-22 09:09:29,817 - INFO - PUT http://localhost:9200/_bulk [status:200 duration:0.011s]
2025-12-22 09:09:32,702 - INFO - HTTP Request: PUT http://localhost:6333/collections/law_with_bge_round1/points?wait=true "HTTP/1.1 200 OK"
2025-12-22 09:09:32,728 - INFO - HTTP Request: PUT http://localhost:6333/collections/law_with_e5_emb_not_finetune/points?wait=true "HTTP/1.1 200 OK"
2025-12-22 09:09:32,739 - INFO - PUT http://localhost:9200/_bulk [status:200 duration:0.008s]
2025-12-22 09:09:35,554 - INFO - HTTP Request: PUT http://localhost:6333/collections/law_with_bge_round1/points?wait=true "HTTP/1.1 200 OK"
2025-12-22 09:09:35,584 - INFO - HTTP Request: PUT http://localhost:6333/collections/law_with_e5_emb_not_finetune/points?wait=true "HTTP/1.1 200 OK"
2025-12-22 09:09:35,641 - INFO - PUT http://localhost:9200/_bulk [status:200 duration:0.054s]
2025-12-22 09:09:38,488 - INFO - HTTP Request: PUT http://localhost:6333/collections/law_with_bge_round1/points?wait=true "HTTP/1.1 200 OK"
2025-12-22 09:09:38,559 - INFO - HTTP Request: PUT http://localhost:6333/collections/law_with_e5_emb_not_finetune/points?wait=true "HTTP/1.1 200 OK"
2025-12-22 09:09:38,615 - INFO - PUT http://localhost:9200/_bulk [status:200 duration:0.052s]
2025-12-22 09:09:41,556 - INFO - HTTP Request: PUT http://localhost:6333/collections/law_with_bge_round1/points?wait=true "HTTP/1.1 200 OK"
2025-12-22 09:09:41,582 - INFO - HTTP Request: PUT http://localhost:6333/collections/law_with_e5_emb_not_finetune/points?wait=true "HTTP/1.1 200 OK"
2025-12-22 09:09:41,637 - INFO - PUT http://localhost:9200/_bulk [status:200 duration:0.052s]
2025-12-22 09:09:44,584 - INFO - HTTP Request: PUT http://localhost:6333/collections/law_with_bge_round1/points?wait=true "HTTP/1.1 200 OK"
2025-12-22 09:09:44,610 - INFO - HTTP Request: PUT http://localhost:6333/collections/law_with_e5_emb_not_finetune/points?wait=true "HTTP/1.1 200 OK"
2025-12-22 09:09:44,622 - INFO - PUT http://localhost:9200/_bulk [status:200 duration:0.009s]
2025-12-22 09:09:47,486 - INFO - HTTP Request: PUT http://localhost:6333/collections/law_with_bge_round1/points?wait=true "HTTP/1.1 200 OK"
2025-12-22 09:09:47,559 - INFO - HTTP Request: PUT http://localhost:6333/collections/law_with_e5_emb_not_finetune/points?wait=true "HTTP/1.1 200 OK"
2025-12-22 09:09:47,616 - INFO - PUT http://localhost:9200/_bulk [status:200 duration:0.054s]
2025-12-22 09:09:50,564 - INFO - HTTP Request: PUT http://localhost:6333/collections/law_with_bge_round1/points?wait=true "HTTP/1.1 200 OK"
2025-12-22 09:09:50,589 - INFO - HTTP Request: PUT http://localhost:6333/collections/law_with_e5_emb_not_finetune/points?wait=true "HTTP/1.1 200 OK"
2025-12-22 09:09:50,604 - INFO - PUT http://localhost:9200/_bulk [status:200 duration:0.012s]
2025-12-22 09:09:53,405 - INFO - HTTP Request: PUT http://localhost:6333/collections/law_with_bge_round1/points?wait=true "HTTP/1.1 200 OK"
2025-12-22 09:09:53,434 - INFO - HTTP Request: PUT http://localhost:6333/collections/law_with_e5_emb_not_finetune/points?wait=true "HTTP/1.1 200 OK"
2025-12-22 09:09:53,448 - INFO - PUT http://localhost:9200/_bulk [status:200 duration:0.012s]
2025-12-22 09:09:56,342 - INFO - HTTP Request: PUT http://localhost:6333/collections/law_with_bge_round1/points?wait=true "HTTP/1.1 200 OK"
2025-12-22 09:09:56,385 - INFO - HTTP Request: PUT http://localhost:6333/collections/law_with_e5_emb_not_finetune/points?wait=true "HTTP/1.1 200 OK"
2025-12-22 09:09:56,400 - INFO - PUT http://localhost:9200/_bulk [status:200 duration:0.011s]
2025-12-22 09:09:59,270 - INFO - HTTP Request: PUT http://localhost:6333/collections/law_with_bge_round1/points?wait=true "HTTP/1.1 200 OK"
2025-12-22 09:09:59,296 - INFO - HTTP Request: PUT http://localhost:6333/collections/law_with_e5_emb_not_finetune/points?wait=true "HTTP/1.1 200 OK"
2025-12-22 09:09:59,353 - INFO - PUT http://localhost:9200/_bulk [status:200 duration:0.053s]
2025-12-22 09:10:02,267 - INFO - HTTP Request: PUT http://localhost:6333/collections/law_with_bge_round1/points?wait=true "HTTP/1.1 200 OK"
2025-12-22 09:10:02,296 - INFO - HTTP Request: PUT http://localhost:6333/collections/law_with_e5_emb_not_finetune/points?wait=true "HTTP/1.1 200 OK"
2025-12-22 09:10:02,309 - INFO - PUT http://localhost:9200/_bulk [status:200 duration:0.010s]
2025-12-22 09:10:05,148 - INFO - HTTP Request: PUT http://localhost:6333/collections/law_with_bge_round1/points?wait=true "HTTP/1.1 200 OK"
2025-12-22 09:10:05,199 - INFO - HTTP Request: PUT http://localhost:6333/collections/law_with_e5_emb_not_finetune/points?wait=true "HTTP/1.1 200 OK"
2025-12-22 09:10:05,263 - INFO - PUT http://localhost:9200/_bulk [status:200 duration:0.062s]
2025-12-22 09:10:08,146 - INFO - HTTP Request: PUT http://localhost:6333/collections/law_with_bge_round1/points?wait=true "HTTP/1.1 200 OK"
2025-12-22 09:10:08,171 - INFO - HTTP Request: PUT http://localhost:6333/collections/law_with_e5_emb_not_finetune/points?wait=true "HTTP/1.1 200 OK"
2025-12-22 09:10:08,229 - INFO - PUT http://localhost:9200/_bulk [status:200 duration:0.055s]
2025-12-22 09:10:11,022 - INFO - HTTP Request: PUT http://localhost:6333/collections/law_with_bge_round1/points?wait=true "HTTP/1.1 200 OK"
2025-12-22 09:10:11,048 - INFO - HTTP Request: PUT http://localhost:6333/collections/law_with_e5_emb_not_finetune/points?wait=true "HTTP/1.1 200 OK"
2025-12-22 09:10:11,104 - INFO - PUT http://localhost:9200/_bulk [status:200 duration:0.053s]
2025-12-22 09:10:14,013 - INFO - HTTP Request: PUT http://localhost:6333/collections/law_with_bge_round1/points?wait=true "HTTP/1.1 200 OK"
2025-12-22 09:10:14,039 - INFO - HTTP Request: PUT http://localhost:6333/collections/law_with_e5_emb_not_finetune/points?wait=true "HTTP/1.1 200 OK"
2025-12-22 09:10:14,093 - INFO - PUT http://localhost:9200/_bulk [status:200 duration:0.051s]
2025-12-22 09:10:16,981 - INFO - HTTP Request: PUT http://localhost:6333/collections/law_with_bge_round1/points?wait=true "HTTP/1.1 200 OK"
2025-12-22 09:10:17,006 - INFO - HTTP Request: PUT http://localhost:6333/collections/law_with_e5_emb_not_finetune/points?wait=true "HTTP/1.1 200 OK"
2025-12-22 09:10:17,058 - INFO - PUT http://localhost:9200/_bulk [status:200 duration:0.049s]
2025-12-22 09:10:20,052 - INFO - HTTP Request: PUT http://localhost:6333/collections/law_with_bge_round1/points?wait=true "HTTP/1.1 200 OK"
2025-12-22 09:10:20,080 - INFO - HTTP Request: PUT http://localhost:6333/collections/law_with_e5_emb_not_finetune/points?wait=true "HTTP/1.1 200 OK"
2025-12-22 09:10:20,092 - INFO - PUT http://localhost:9200/_bulk [status:200 duration:0.009s]
2025-12-22 09:10:22,978 - INFO - HTTP Request: PUT http://localhost:6333/collections/law_with_bge_round1/points?wait=true "HTTP/1.1 200 OK"
2025-12-22 09:10:23,002 - INFO - HTTP Request: PUT http://localhost:6333/collections/law_with_e5_emb_not_finetune/points?wait=true "HTTP/1.1 200 OK"
2025-12-22 09:10:23,014 - INFO - PUT http://localhost:9200/_bulk [status:200 duration:0.008s]
2025-12-22 09:10:25,910 - INFO - HTTP Request: PUT http://localhost:6333/collections/law_with_bge_round1/points?wait=true "HTTP/1.1 200 OK"
2025-12-22 09:10:25,958 - INFO - HTTP Request: PUT http://localhost:6333/collections/law_with_e5_emb_not_finetune/points?wait=true "HTTP/1.1 200 OK"
2025-12-22 09:10:26,007 - INFO - PUT http://localhost:9200/_bulk [status:200 duration:0.046s]
2025-12-22 09:10:28,846 - INFO - HTTP Request: PUT http://localhost:6333/collections/law_with_bge_round1/points?wait=true "HTTP/1.1 200 OK"
2025-12-22 09:10:28,873 - INFO - HTTP Request: PUT http://localhost:6333/collections/law_with_e5_emb_not_finetune/points?wait=true "HTTP/1.1 200 OK"
2025-12-22 09:10:28,885 - INFO - PUT http://localhost:9200/_bulk [status:200 duration:0.009s]
2025-12-22 09:10:31,846 - INFO - HTTP Request: PUT http://localhost:6333/collections/law_with_bge_round1/points?wait=true "HTTP/1.1 200 OK"
2025-12-22 09:10:31,906 - INFO - HTTP Request: PUT http://localhost:6333/collections/law_with_e5_emb_not_finetune/points?wait=true "HTTP/1.1 200 OK"
2025-12-22 09:10:31,961 - INFO - PUT http://localhost:9200/_bulk [status:200 duration:0.051s]
2025-12-22 09:10:34,921 - INFO - HTTP Request: PUT http://localhost:6333/collections/law_with_bge_round1/points?wait=true "HTTP/1.1 200 OK"
2025-12-22 09:10:34,945 - INFO - HTTP Request: PUT http://localhost:6333/collections/law_with_e5_emb_not_finetune/points?wait=true "HTTP/1.1 200 OK"
2025-12-22 09:10:35,001 - INFO - PUT http://localhost:9200/_bulk [status:200 duration:0.053s]
2025-12-22 09:10:37,952 - INFO - HTTP Request: PUT http://localhost:6333/collections/law_with_bge_round1/points?wait=true "HTTP/1.1 200 OK"
2025-12-22 09:10:37,977 - INFO - HTTP Request: PUT http://localhost:6333/collections/law_with_e5_emb_not_finetune/points?wait=true "HTTP/1.1 200 OK"
2025-12-22 09:10:38,029 - INFO - PUT http://localhost:9200/_bulk [status:200 duration:0.050s]
2025-12-22 09:10:40,965 - INFO - HTTP Request: PUT http://localhost:6333/collections/law_with_bge_round1/points?wait=true "HTTP/1.1 200 OK"
2025-12-22 09:10:40,990 - INFO - HTTP Request: PUT http://localhost:6333/collections/law_with_e5_emb_not_finetune/points?wait=true "HTTP/1.1 200 OK"
2025-12-22 09:10:41,047 - INFO - PUT http://localhost:9200/_bulk [status:200 duration:0.054s]
2025-12-22 09:10:43,349 - INFO - HTTP Request: PUT http://localhost:6333/collections/law_with_bge_round1/points?wait=true "HTTP/1.1 200 OK"
2025-12-22 09:10:43,373 - INFO - HTTP Request: PUT http://localhost:6333/collections/law_with_e5_emb_not_finetune/points?wait=true "HTTP/1.1 200 OK"
2025-12-22 09:10:43,424 - INFO - PUT http://localhost:9200/_bulk [status:200 duration:0.049s]
2025-12-22 09:10:46,343 - INFO - HTTP Request: PUT http://localhost:6333/collections/law_with_bge_round1/points?wait=true "HTTP/1.1 200 OK"
2025-12-22 09:10:46,405 - INFO - HTTP Request: PUT http://localhost:6333/collections/law_with_e5_emb_not_finetune/points?wait=true "HTTP/1.1 200 OK"
2025-12-22 09:10:46,422 - INFO - PUT http://localhost:9200/_bulk [status:200 duration:0.014s]
2025-12-22 09:10:49,358 - INFO - HTTP Request: PUT http://localhost:6333/collections/law_with_bge_round1/points?wait=true "HTTP/1.1 200 OK"
2025-12-22 09:10:49,382 - INFO - HTTP Request: PUT http://localhost:6333/collections/law_with_e5_emb_not_finetune/points?wait=true "HTTP/1.1 200 OK"
2025-12-22 09:10:49,440 - INFO - PUT http://localhost:9200/_bulk [status:200 duration:0.054s]
2025-12-22 09:10:52,265 - INFO - HTTP Request: PUT http://localhost:6333/collections/law_with_bge_round1/points?wait=true "HTTP/1.1 200 OK"
2025-12-22 09:10:52,290 - INFO - HTTP Request: PUT http://localhost:6333/collections/law_with_e5_emb_not_finetune/points?wait=true "HTTP/1.1 200 OK"
2025-12-22 09:10:52,354 - INFO - PUT http://localhost:9200/_bulk [status:200 duration:0.061s]
2025-12-22 09:10:55,328 - INFO - HTTP Request: PUT http://localhost:6333/collections/law_with_bge_round1/points?wait=true "HTTP/1.1 200 OK"
2025-12-22 09:10:55,354 - INFO - HTTP Request: PUT http://localhost:6333/collections/law_with_e5_emb_not_finetune/points?wait=true "HTTP/1.1 200 OK"
2025-12-22 09:10:55,414 - INFO - PUT http://localhost:9200/_bulk [status:200 duration:0.057s]
2025-12-22 09:10:58,263 - INFO - HTTP Request: PUT http://localhost:6333/collections/law_with_bge_round1/points?wait=true "HTTP/1.1 200 OK"
2025-12-22 09:10:58,289 - INFO - HTTP Request: PUT http://localhost:6333/collections/law_with_e5_emb_not_finetune/points?wait=true "HTTP/1.1 200 OK"
2025-12-22 09:10:58,304 - INFO - PUT http://localhost:9200/_bulk [status:200 duration:0.012s]
2025-12-22 09:11:01,205 - INFO - HTTP Request: PUT http://localhost:6333/collections/law_with_bge_round1/points?wait=true "HTTP/1.1 200 OK"
2025-12-22 09:11:01,232 - INFO - HTTP Request: PUT http://localhost:6333/collections/law_with_e5_emb_not_finetune/points?wait=true "HTTP/1.1 200 OK"
2025-12-22 09:11:01,243 - INFO - PUT http://localhost:9200/_bulk [status:200 duration:0.009s]
2025-12-22 09:11:04,362 - INFO - HTTP Request: PUT http://localhost:6333/collections/law_with_bge_round1/points?wait=true "HTTP/1.1 200 OK"
2025-12-22 09:11:04,405 - INFO - HTTP Request: PUT http://localhost:6333/collections/law_with_e5_emb_not_finetune/points?wait=true "HTTP/1.1 200 OK"
2025-12-22 09:11:04,480 - INFO - PUT http://localhost:9200/_bulk [status:200 duration:0.070s]
2025-12-22 09:11:07,280 - INFO - HTTP Request: PUT http://localhost:6333/collections/law_with_bge_round1/points?wait=true "HTTP/1.1 200 OK"
2025-12-22 09:11:07,308 - INFO - HTTP Request: PUT http://localhost:6333/collections/law_with_e5_emb_not_finetune/points?wait=true "HTTP/1.1 200 OK"
2025-12-22 09:11:07,322 - INFO - PUT http://localhost:9200/_bulk [status:200 duration:0.010s]
2025-12-22 09:11:10,181 - INFO - HTTP Request: PUT http://localhost:6333/collections/law_with_bge_round1/points?wait=true "HTTP/1.1 200 OK"
2025-12-22 09:11:10,240 - INFO - HTTP Request: PUT http://localhost:6333/collections/law_with_e5_emb_not_finetune/points?wait=true "HTTP/1.1 200 OK"
2025-12-22 09:11:10,300 - INFO - PUT http://localhost:9200/_bulk [status:200 duration:0.056s]
2025-12-22 09:11:13,075 - INFO - HTTP Request: PUT http://localhost:6333/collections/law_with_bge_round1/points?wait=true "HTTP/1.1 200 OK"
2025-12-22 09:11:13,101 - INFO - HTTP Request: PUT http://localhost:6333/collections/law_with_e5_emb_not_finetune/points?wait=true "HTTP/1.1 200 OK"
2025-12-22 09:11:13,155 - INFO - PUT http://localhost:9200/_bulk [status:200 duration:0.052s]
2025-12-22 09:11:16,182 - INFO - HTTP Request: PUT http://localhost:6333/collections/law_with_bge_round1/points?wait=true "HTTP/1.1 200 OK"
2025-12-22 09:11:16,209 - INFO - HTTP Request: PUT http://localhost:6333/collections/law_with_e5_emb_not_finetune/points?wait=true "HTTP/1.1 200 OK"
2025-12-22 09:11:16,263 - INFO - PUT http://localhost:9200/_bulk [status:200 duration:0.052s]
2025-12-22 09:11:19,143 - INFO - HTTP Request: PUT http://localhost:6333/collections/law_with_bge_round1/points?wait=true "HTTP/1.1 200 OK"
2025-12-22 09:11:19,176 - INFO - HTTP Request: PUT http://localhost:6333/collections/law_with_e5_emb_not_finetune/points?wait=true "HTTP/1.1 200 OK"
2025-12-22 09:11:19,232 - INFO - PUT http://localhost:9200/_bulk [status:200 duration:0.054s]
2025-12-22 09:11:22,153 - INFO - HTTP Request: PUT http://localhost:6333/collections/law_with_bge_round1/points?wait=true "HTTP/1.1 200 OK"
2025-12-22 09:11:22,200 - INFO - HTTP Request: PUT http://localhost:6333/collections/law_with_e5_emb_not_finetune/points?wait=true "HTTP/1.1 200 OK"
2025-12-22 09:11:22,263 - INFO - PUT http://localhost:9200/_bulk [status:200 duration:0.060s]
2025-12-22 09:11:25,161 - INFO - HTTP Request: PUT http://localhost:6333/collections/law_with_bge_round1/points?wait=true "HTTP/1.1 200 OK"
2025-12-22 09:11:25,206 - INFO - HTTP Request: PUT http://localhost:6333/collections/law_with_e5_emb_not_finetune/points?wait=true "HTTP/1.1 200 OK"
2025-12-22 09:11:25,270 - INFO - PUT http://localhost:9200/_bulk [status:200 duration:0.061s]
2025-12-22 09:11:28,107 - INFO - HTTP Request: PUT http://localhost:6333/collections/law_with_bge_round1/points?wait=true "HTTP/1.1 200 OK"
2025-12-22 09:11:28,132 - INFO - HTTP Request: PUT http://localhost:6333/collections/law_with_e5_emb_not_finetune/points?wait=true "HTTP/1.1 200 OK"
2025-12-22 09:11:28,143 - INFO - PUT http://localhost:9200/_bulk [status:200 duration:0.008s]
2025-12-22 09:11:31,073 - INFO - HTTP Request: PUT http://localhost:6333/collections/law_with_bge_round1/points?wait=true "HTTP/1.1 200 OK"
2025-12-22 09:11:31,107 - INFO - HTTP Request: PUT http://localhost:6333/collections/law_with_e5_emb_not_finetune/points?wait=true "HTTP/1.1 200 OK"
2025-12-22 09:11:31,164 - INFO - PUT http://localhost:9200/_bulk [status:200 duration:0.053s]
2025-12-22 09:11:34,029 - INFO - HTTP Request: PUT http://localhost:6333/collections/law_with_bge_round1/points?wait=true "HTTP/1.1 200 OK"
2025-12-22 09:11:34,073 - INFO - HTTP Request: PUT http://localhost:6333/collections/law_with_e5_emb_not_finetune/points?wait=true "HTTP/1.1 200 OK"
2025-12-22 09:11:34,127 - INFO - PUT http://localhost:9200/_bulk [status:200 duration:0.051s]
2025-12-22 09:11:37,020 - INFO - HTTP Request: PUT http://localhost:6333/collections/law_with_bge_round1/points?wait=true "HTTP/1.1 200 OK"
2025-12-22 09:11:37,043 - INFO - HTTP Request: PUT http://localhost:6333/collections/law_with_e5_emb_not_finetune/points?wait=true "HTTP/1.1 200 OK"
2025-12-22 09:11:37,104 - INFO - PUT http://localhost:9200/_bulk [status:200 duration:0.057s]
2025-12-22 09:11:39,969 - INFO - HTTP Request: PUT http://localhost:6333/collections/law_with_bge_round1/points?wait=true "HTTP/1.1 200 OK"
2025-12-22 09:11:39,994 - INFO - HTTP Request: PUT http://localhost:6333/collections/law_with_e5_emb_not_finetune/points?wait=true "HTTP/1.1 200 OK"
2025-12-22 09:11:40,049 - INFO - PUT http://localhost:9200/_bulk [status:200 duration:0.052s]
2025-12-22 09:11:42,888 - INFO - HTTP Request: PUT http://localhost:6333/collections/law_with_bge_round1/points?wait=true "HTTP/1.1 200 OK"
2025-12-22 09:11:42,914 - INFO - HTTP Request: PUT http://localhost:6333/collections/law_with_e5_emb_not_finetune/points?wait=true "HTTP/1.1 200 OK"
2025-12-22 09:11:42,967 - INFO - PUT http://localhost:9200/_bulk [status:200 duration:0.051s]
2025-12-22 09:11:45,995 - INFO - HTTP Request: PUT http://localhost:6333/collections/law_with_bge_round1/points?wait=true "HTTP/1.1 200 OK"
2025-12-22 09:11:46,022 - INFO - HTTP Request: PUT http://localhost:6333/collections/law_with_e5_emb_not_finetune/points?wait=true "HTTP/1.1 200 OK"
2025-12-22 09:11:46,035 - INFO - PUT http://localhost:9200/_bulk [status:200 duration:0.009s]
2025-12-22 09:11:48,990 - INFO - HTTP Request: PUT http://localhost:6333/collections/law_with_bge_round1/points?wait=true "HTTP/1.1 200 OK"
2025-12-22 09:11:49,043 - INFO - HTTP Request: PUT http://localhost:6333/collections/law_with_e5_emb_not_finetune/points?wait=true "HTTP/1.1 200 OK"
2025-12-22 09:11:49,104 - INFO - PUT http://localhost:9200/_bulk [status:200 duration:0.058s]
2025-12-22 09:11:51,929 - INFO - HTTP Request: PUT http://localhost:6333/collections/law_with_bge_round1/points?wait=true "HTTP/1.1 200 OK"
2025-12-22 09:11:51,955 - INFO - HTTP Request: PUT http://localhost:6333/collections/law_with_e5_emb_not_finetune/points?wait=true "HTTP/1.1 200 OK"
2025-12-22 09:11:52,013 - INFO - PUT http://localhost:9200/_bulk [status:200 duration:0.056s]
2025-12-22 09:11:54,850 - INFO - HTTP Request: PUT http://localhost:6333/collections/law_with_bge_round1/points?wait=true "HTTP/1.1 200 OK"
2025-12-22 09:11:54,875 - INFO - HTTP Request: PUT http://localhost:6333/collections/law_with_e5_emb_not_finetune/points?wait=true "HTTP/1.1 200 OK"
2025-12-22 09:11:54,933 - INFO - PUT http://localhost:9200/_bulk [status:200 duration:0.054s]
2025-12-22 09:11:57,813 - INFO - HTTP Request: PUT http://localhost:6333/collections/law_with_bge_round1/points?wait=true "HTTP/1.1 200 OK"
2025-12-22 09:11:57,838 - INFO - HTTP Request: PUT http://localhost:6333/collections/law_with_e5_emb_not_finetune/points?wait=true "HTTP/1.1 200 OK"
2025-12-22 09:11:57,896 - INFO - PUT http://localhost:9200/_bulk [status:200 duration:0.056s]
2025-12-22 09:12:00,753 - INFO - HTTP Request: PUT http://localhost:6333/collections/law_with_bge_round1/points?wait=true "HTTP/1.1 200 OK"
2025-12-22 09:12:00,780 - INFO - HTTP Request: PUT http://localhost:6333/collections/law_with_e5_emb_not_finetune/points?wait=true "HTTP/1.1 200 OK"
2025-12-22 09:12:00,843 - INFO - PUT http://localhost:9200/_bulk [status:200 duration:0.059s]
2025-12-22 09:12:03,831 - INFO - HTTP Request: PUT http://localhost:6333/collections/law_with_bge_round1/points?wait=true "HTTP/1.1 200 OK"
2025-12-22 09:12:03,857 - INFO - HTTP Request: PUT http://localhost:6333/collections/law_with_e5_emb_not_finetune/points?wait=true "HTTP/1.1 200 OK"
2025-12-22 09:12:03,870 - INFO - PUT http://localhost:9200/_bulk [status:200 duration:0.010s]
2025-12-22 09:12:06,710 - INFO - HTTP Request: PUT http://localhost:6333/collections/law_with_bge_round1/points?wait=true "HTTP/1.1 200 OK"
2025-12-22 09:12:06,737 - INFO - HTTP Request: PUT http://localhost:6333/collections/law_with_e5_emb_not_finetune/points?wait=true "HTTP/1.1 200 OK"
2025-12-22 09:12:06,748 - INFO - PUT http://localhost:9200/_bulk [status:200 duration:0.009s]
2025-12-22 09:12:09,593 - INFO - HTTP Request: PUT http://localhost:6333/collections/law_with_bge_round1/points?wait=true "HTTP/1.1 200 OK"
2025-12-22 09:12:09,619 - INFO - HTTP Request: PUT http://localhost:6333/collections/law_with_e5_emb_not_finetune/points?wait=true "HTTP/1.1 200 OK"
2025-12-22 09:12:09,631 - INFO - PUT http://localhost:9200/_bulk [status:200 duration:0.009s]
2025-12-22 09:12:12,557 - INFO - HTTP Request: PUT http://localhost:6333/collections/law_with_bge_round1/points?wait=true "HTTP/1.1 200 OK"
2025-12-22 09:12:12,581 - INFO - HTTP Request: PUT http://localhost:6333/collections/law_with_e5_emb_not_finetune/points?wait=true "HTTP/1.1 200 OK"
2025-12-22 09:12:12,593 - INFO - PUT http://localhost:9200/_bulk [status:200 duration:0.009s]
2025-12-22 09:12:15,473 - INFO - HTTP Request: PUT http://localhost:6333/collections/law_with_bge_round1/points?wait=true "HTTP/1.1 200 OK"
2025-12-22 09:12:15,498 - INFO - HTTP Request: PUT http://localhost:6333/collections/law_with_e5_emb_not_finetune/points?wait=true "HTTP/1.1 200 OK"
2025-12-22 09:12:15,553 - INFO - PUT http://localhost:9200/_bulk [status:200 duration:0.052s]
2025-12-22 09:12:18,489 - INFO - HTTP Request: PUT http://localhost:6333/collections/law_with_bge_round1/points?wait=true "HTTP/1.1 200 OK"
2025-12-22 09:12:18,526 - INFO - HTTP Request: PUT http://localhost:6333/collections/law_with_e5_emb_not_finetune/points?wait=true "HTTP/1.1 200 OK"
2025-12-22 09:12:18,539 - INFO - PUT http://localhost:9200/_bulk [status:200 duration:0.010s]
2025-12-22 09:12:21,431 - INFO - HTTP Request: PUT http://localhost:6333/collections/law_with_bge_round1/points?wait=true "HTTP/1.1 200 OK"
2025-12-22 09:12:21,457 - INFO - HTTP Request: PUT http://localhost:6333/collections/law_with_e5_emb_not_finetune/points?wait=true "HTTP/1.1 200 OK"
2025-12-22 09:12:21,469 - INFO - PUT http://localhost:9200/_bulk [status:200 duration:0.009s]
2025-12-22 09:12:24,428 - INFO - HTTP Request: PUT http://localhost:6333/collections/law_with_bge_round1/points?wait=true "HTTP/1.1 200 OK"
2025-12-22 09:12:24,478 - INFO - HTTP Request: PUT http://localhost:6333/collections/law_with_e5_emb_not_finetune/points?wait=true "HTTP/1.1 200 OK"
2025-12-22 09:12:24,534 - INFO - PUT http://localhost:9200/_bulk [status:200 duration:0.053s]
2025-12-22 09:12:27,369 - INFO - HTTP Request: PUT http://localhost:6333/collections/law_with_bge_round1/points?wait=true "HTTP/1.1 200 OK"
2025-12-22 09:12:27,437 - INFO - HTTP Request: PUT http://localhost:6333/collections/law_with_e5_emb_not_finetune/points?wait=true "HTTP/1.1 200 OK"
2025-12-22 09:12:27,492 - INFO - PUT http://localhost:9200/_bulk [status:200 duration:0.053s]
2025-12-22 09:12:30,290 - INFO - HTTP Request: PUT http://localhost:6333/collections/law_with_bge_round1/points?wait=true "HTTP/1.1 200 OK"
2025-12-22 09:12:30,316 - INFO - HTTP Request: PUT http://localhost:6333/collections/law_with_e5_emb_not_finetune/points?wait=true "HTTP/1.1 200 OK"
2025-12-22 09:12:30,374 - INFO - PUT http://localhost:9200/_bulk [status:200 duration:0.055s]
2025-12-22 09:12:33,165 - INFO - HTTP Request: PUT http://localhost:6333/collections/law_with_bge_round1/points?wait=true "HTTP/1.1 200 OK"
2025-12-22 09:12:33,191 - INFO - HTTP Request: PUT http://localhost:6333/collections/law_with_e5_emb_not_finetune/points?wait=true "HTTP/1.1 200 OK"
2025-12-22 09:12:33,243 - INFO - PUT http://localhost:9200/_bulk [status:200 duration:0.049s]
2025-12-22 09:12:36,175 - INFO - HTTP Request: PUT http://localhost:6333/collections/law_with_bge_round1/points?wait=true "HTTP/1.1 200 OK"
2025-12-22 09:12:36,198 - INFO - HTTP Request: PUT http://localhost:6333/collections/law_with_e5_emb_not_finetune/points?wait=true "HTTP/1.1 200 OK"
2025-12-22 09:12:36,249 - INFO - PUT http://localhost:9200/_bulk [status:200 duration:0.048s]
2025-12-22 09:12:39,140 - INFO - HTTP Request: PUT http://localhost:6333/collections/law_with_bge_round1/points?wait=true "HTTP/1.1 200 OK"
2025-12-22 09:12:39,165 - INFO - HTTP Request: PUT http://localhost:6333/collections/law_with_e5_emb_not_finetune/points?wait=true "HTTP/1.1 200 OK"
2025-12-22 09:12:39,219 - INFO - PUT http://localhost:9200/_bulk [status:200 duration:0.051s]
2025-12-22 09:12:42,072 - INFO - HTTP Request: PUT http://localhost:6333/collections/law_with_bge_round1/points?wait=true "HTTP/1.1 200 OK"
2025-12-22 09:12:42,096 - INFO - HTTP Request: PUT http://localhost:6333/collections/law_with_e5_emb_not_finetune/points?wait=true "HTTP/1.1 200 OK"
2025-12-22 09:12:42,152 - INFO - PUT http://localhost:9200/_bulk [status:200 duration:0.053s]
2025-12-22 09:12:44,960 - INFO - HTTP Request: PUT http://localhost:6333/collections/law_with_bge_round1/points?wait=true "HTTP/1.1 200 OK"
2025-12-22 09:12:44,988 - INFO - HTTP Request: PUT http://localhost:6333/collections/law_with_e5_emb_not_finetune/points?wait=true "HTTP/1.1 200 OK"
2025-12-22 09:12:45,041 - INFO - PUT http://localhost:9200/_bulk [status:200 duration:0.050s]
2025-12-22 09:12:47,892 - INFO - HTTP Request: PUT http://localhost:6333/collections/law_with_bge_round1/points?wait=true "HTTP/1.1 200 OK"
2025-12-22 09:12:47,938 - INFO - HTTP Request: PUT http://localhost:6333/collections/law_with_e5_emb_not_finetune/points?wait=true "HTTP/1.1 200 OK"
2025-12-22 09:12:47,951 - INFO - PUT http://localhost:9200/_bulk [status:200 duration:0.008s]
2025-12-22 09:12:50,884 - INFO - HTTP Request: PUT http://localhost:6333/collections/law_with_bge_round1/points?wait=true "HTTP/1.1 200 OK"
2025-12-22 09:12:50,915 - INFO - HTTP Request: PUT http://localhost:6333/collections/law_with_e5_emb_not_finetune/points?wait=true "HTTP/1.1 200 OK"
2025-12-22 09:12:50,969 - INFO - PUT http://localhost:9200/_bulk [status:200 duration:0.052s]
2025-12-22 09:12:53,847 - INFO - HTTP Request: PUT http://localhost:6333/collections/law_with_bge_round1/points?wait=true "HTTP/1.1 200 OK"
2025-12-22 09:12:53,872 - INFO - HTTP Request: PUT http://localhost:6333/collections/law_with_e5_emb_not_finetune/points?wait=true "HTTP/1.1 200 OK"
2025-12-22 09:12:53,929 - INFO - PUT http://localhost:9200/_bulk [status:200 duration:0.054s]
2025-12-22 09:12:56,801 - INFO - HTTP Request: PUT http://localhost:6333/collections/law_with_bge_round1/points?wait=true "HTTP/1.1 200 OK"
2025-12-22 09:12:56,869 - INFO - HTTP Request: PUT http://localhost:6333/collections/law_with_e5_emb_not_finetune/points?wait=true "HTTP/1.1 200 OK"
2025-12-22 09:12:56,881 - INFO - PUT http://localhost:9200/_bulk [status:200 duration:0.009s]
2025-12-22 09:12:59,739 - INFO - HTTP Request: PUT http://localhost:6333/collections/law_with_bge_round1/points?wait=true "HTTP/1.1 200 OK"
2025-12-22 09:12:59,788 - INFO - HTTP Request: PUT http://localhost:6333/collections/law_with_e5_emb_not_finetune/points?wait=true "HTTP/1.1 200 OK"
2025-12-22 09:12:59,851 - INFO - PUT http://localhost:9200/_bulk [status:200 duration:0.058s]
2025-12-22 09:13:02,708 - INFO - HTTP Request: PUT http://localhost:6333/collections/law_with_bge_round1/points?wait=true "HTTP/1.1 200 OK"
2025-12-22 09:13:02,760 - INFO - HTTP Request: PUT http://localhost:6333/collections/law_with_e5_emb_not_finetune/points?wait=true "HTTP/1.1 200 OK"
2025-12-22 09:13:02,773 - INFO - PUT http://localhost:9200/_bulk [status:200 duration:0.010s]
2025-12-22 09:13:04,729 - INFO - HTTP Request: PUT http://localhost:6333/collections/law_with_bge_round1/points?wait=true "HTTP/1.1 200 OK"
2025-12-22 09:13:04,766 - INFO - HTTP Request: PUT http://localhost:6333/collections/law_with_e5_emb_not_finetune/points?wait=true "HTTP/1.1 200 OK"
2025-12-22 09:13:04,821 - INFO - PUT http://localhost:9200/_bulk [status:200 duration:0.051s]
2025-12-22 09:13:07,774 - INFO - HTTP Request: PUT http://localhost:6333/collections/law_with_bge_round1/points?wait=true "HTTP/1.1 200 OK"
2025-12-22 09:13:07,798 - INFO - HTTP Request: PUT http://localhost:6333/collections/law_with_e5_emb_not_finetune/points?wait=true "HTTP/1.1 200 OK"
2025-12-22 09:13:07,851 - INFO - PUT http://localhost:9200/_bulk [status:200 duration:0.050s]
2025-12-22 09:13:10,708 - INFO - HTTP Request: PUT http://localhost:6333/collections/law_with_bge_round1/points?wait=true "HTTP/1.1 200 OK"
2025-12-22 09:13:10,730 - INFO - HTTP Request: PUT http://localhost:6333/collections/law_with_e5_emb_not_finetune/points?wait=true "HTTP/1.1 200 OK"
2025-12-22 09:13:10,789 - INFO - PUT http://localhost:9200/_bulk [status:200 duration:0.055s]
2025-12-22 09:13:13,738 - INFO - HTTP Request: PUT http://localhost:6333/collections/law_with_bge_round1/points?wait=true "HTTP/1.1 200 OK"
2025-12-22 09:13:13,849 - INFO - HTTP Request: PUT http://localhost:6333/collections/law_with_e5_emb_not_finetune/points?wait=true "HTTP/1.1 200 OK"
2025-12-22 09:13:13,911 - INFO - PUT http://localhost:9200/_bulk [status:200 duration:0.057s]
2025-12-22 09:13:16,830 - INFO - HTTP Request: PUT http://localhost:6333/collections/law_with_bge_round1/points?wait=true "HTTP/1.1 200 OK"
2025-12-22 09:13:16,855 - INFO - HTTP Request: PUT http://localhost:6333/collections/law_with_e5_emb_not_finetune/points?wait=true "HTTP/1.1 200 OK"
2025-12-22 09:13:16,867 - INFO - PUT http://localhost:9200/_bulk [status:200 duration:0.008s]
2025-12-22 09:13:19,752 - INFO - HTTP Request: PUT http://localhost:6333/collections/law_with_bge_round1/points?wait=true "HTTP/1.1 200 OK"
2025-12-22 09:13:19,799 - INFO - HTTP Request: PUT http://localhost:6333/collections/law_with_e5_emb_not_finetune/points?wait=true "HTTP/1.1 200 OK"
2025-12-22 09:13:19,812 - INFO - PUT http://localhost:9200/_bulk [status:200 duration:0.010s]
2025-12-22 09:13:22,599 - INFO - HTTP Request: PUT http://localhost:6333/collections/law_with_bge_round1/points?wait=true "HTTP/1.1 200 OK"
2025-12-22 09:13:22,623 - INFO - HTTP Request: PUT http://localhost:6333/collections/law_with_e5_emb_not_finetune/points?wait=true "HTTP/1.1 200 OK"
2025-12-22 09:13:22,674 - INFO - PUT http://localhost:9200/_bulk [status:200 duration:0.049s]
2025-12-22 09:13:25,609 - INFO - HTTP Request: PUT http://localhost:6333/collections/law_with_bge_round1/points?wait=true "HTTP/1.1 200 OK"
2025-12-22 09:13:25,668 - INFO - HTTP Request: PUT http://localhost:6333/collections/law_with_e5_emb_not_finetune/points?wait=true "HTTP/1.1 200 OK"
2025-12-22 09:13:25,678 - INFO - PUT http://localhost:9200/_bulk [status:200 duration:0.008s]
2025-12-22 09:13:28,617 - INFO - HTTP Request: PUT http://localhost:6333/collections/law_with_bge_round1/points?wait=true "HTTP/1.1 200 OK"
2025-12-22 09:13:28,701 - INFO - HTTP Request: PUT http://localhost:6333/collections/law_with_e5_emb_not_finetune/points?wait=true "HTTP/1.1 200 OK"
2025-12-22 09:13:28,713 - INFO - PUT http://localhost:9200/_bulk [status:200 duration:0.008s]
2025-12-22 09:13:31,595 - INFO - HTTP Request: PUT http://localhost:6333/collections/law_with_bge_round1/points?wait=true "HTTP/1.1 200 OK"
2025-12-22 09:13:31,655 - INFO - HTTP Request: PUT http://localhost:6333/collections/law_with_e5_emb_not_finetune/points?wait=true "HTTP/1.1 200 OK"
2025-12-22 09:13:31,669 - INFO - PUT http://localhost:9200/_bulk [status:200 duration:0.011s]
2025-12-22 09:13:34,583 - INFO - HTTP Request: PUT http://localhost:6333/collections/law_with_bge_round1/points?wait=true "HTTP/1.1 200 OK"
2025-12-22 09:13:34,640 - INFO - HTTP Request: PUT http://localhost:6333/collections/law_with_e5_emb_not_finetune/points?wait=true "HTTP/1.1 200 OK"
2025-12-22 09:13:34,697 - INFO - PUT http://localhost:9200/_bulk [status:200 duration:0.055s]
2025-12-22 09:13:37,634 - INFO - HTTP Request: PUT http://localhost:6333/collections/law_with_bge_round1/points?wait=true "HTTP/1.1 200 OK"
2025-12-22 09:13:37,693 - INFO - HTTP Request: PUT http://localhost:6333/collections/law_with_e5_emb_not_finetune/points?wait=true "HTTP/1.1 200 OK"
2025-12-22 09:13:37,746 - INFO - PUT http://localhost:9200/_bulk [status:200 duration:0.051s]
2025-12-22 09:13:40,568 - INFO - HTTP Request: PUT http://localhost:6333/collections/law_with_bge_round1/points?wait=true "HTTP/1.1 200 OK"
2025-12-22 09:13:40,672 - INFO - HTTP Request: PUT http://localhost:6333/collections/law_with_e5_emb_not_finetune/points?wait=true "HTTP/1.1 200 OK"
2025-12-22 09:13:40,735 - INFO - PUT http://localhost:9200/_bulk [status:200 duration:0.057s]
2025-12-22 09:13:43,611 - INFO - HTTP Request: PUT http://localhost:6333/collections/law_with_bge_round1/points?wait=true "HTTP/1.1 200 OK"
2025-12-22 09:13:43,651 - INFO - HTTP Request: PUT http://localhost:6333/collections/law_with_e5_emb_not_finetune/points?wait=true "HTTP/1.1 200 OK"
2025-12-22 09:13:43,704 - INFO - PUT http://localhost:9200/_bulk [status:200 duration:0.051s]
2025-12-22 09:13:46,449 - INFO - HTTP Request: PUT http://localhost:6333/collections/law_with_bge_round1/points?wait=true "HTTP/1.1 200 OK"
2025-12-22 09:13:46,504 - INFO - HTTP Request: PUT http://localhost:6333/collections/law_with_e5_emb_not_finetune/points?wait=true "HTTP/1.1 200 OK"
2025-12-22 09:13:46,559 - INFO - PUT http://localhost:9200/_bulk [status:200 duration:0.052s]
2025-12-22 09:13:49,462 - INFO - HTTP Request: PUT http://localhost:6333/collections/law_with_bge_round1/points?wait=true "HTTP/1.1 200 OK"
2025-12-22 09:13:49,510 - INFO - HTTP Request: PUT http://localhost:6333/collections/law_with_e5_emb_not_finetune/points?wait=true "HTTP/1.1 200 OK"
2025-12-22 09:13:49,563 - INFO - PUT http://localhost:9200/_bulk [status:200 duration:0.051s]
2025-12-22 09:13:52,427 - INFO - HTTP Request: PUT http://localhost:6333/collections/law_with_bge_round1/points?wait=true "HTTP/1.1 200 OK"
2025-12-22 09:13:52,477 - INFO - HTTP Request: PUT http://localhost:6333/collections/law_with_e5_emb_not_finetune/points?wait=true "HTTP/1.1 200 OK"
2025-12-22 09:13:52,533 - INFO - PUT http://localhost:9200/_bulk [status:200 duration:0.053s]
2025-12-22 09:13:55,340 - INFO - HTTP Request: PUT http://localhost:6333/collections/law_with_bge_round1/points?wait=true "HTTP/1.1 200 OK"
2025-12-22 09:13:55,386 - INFO - HTTP Request: PUT http://localhost:6333/collections/law_with_e5_emb_not_finetune/points?wait=true "HTTP/1.1 200 OK"
2025-12-22 09:13:55,441 - INFO - PUT http://localhost:9200/_bulk [status:200 duration:0.053s]
2025-12-22 09:13:58,272 - INFO - HTTP Request: PUT http://localhost:6333/collections/law_with_bge_round1/points?wait=true "HTTP/1.1 200 OK"
2025-12-22 09:13:58,299 - INFO - HTTP Request: PUT http://localhost:6333/collections/law_with_e5_emb_not_finetune/points?wait=true "HTTP/1.1 200 OK"
2025-12-22 09:13:58,355 - INFO - PUT http://localhost:9200/_bulk [status:200 duration:0.053s]
2025-12-22 09:14:01,281 - INFO - HTTP Request: PUT http://localhost:6333/collections/law_with_bge_round1/points?wait=true "HTTP/1.1 200 OK"
2025-12-22 09:14:01,392 - INFO - HTTP Request: PUT http://localhost:6333/collections/law_with_e5_emb_not_finetune/points?wait=true "HTTP/1.1 200 OK"
2025-12-22 09:14:01,449 - INFO - PUT http://localhost:9200/_bulk [status:200 duration:0.055s]
2025-12-22 09:14:04,312 - INFO - HTTP Request: PUT http://localhost:6333/collections/law_with_bge_round1/points?wait=true "HTTP/1.1 200 OK"
2025-12-22 09:14:04,373 - INFO - HTTP Request: PUT http://localhost:6333/collections/law_with_e5_emb_not_finetune/points?wait=true "HTTP/1.1 200 OK"
2025-12-22 09:14:04,434 - INFO - PUT http://localhost:9200/_bulk [status:200 duration:0.058s]
2025-12-22 09:14:07,267 - INFO - HTTP Request: PUT http://localhost:6333/collections/law_with_bge_round1/points?wait=true "HTTP/1.1 200 OK"
2025-12-22 09:14:07,293 - INFO - HTTP Request: PUT http://localhost:6333/collections/law_with_e5_emb_not_finetune/points?wait=true "HTTP/1.1 200 OK"
2025-12-22 09:14:07,349 - INFO - PUT http://localhost:9200/_bulk [status:200 duration:0.053s]
2025-12-22 09:14:10,268 - INFO - HTTP Request: PUT http://localhost:6333/collections/law_with_bge_round1/points?wait=true "HTTP/1.1 200 OK"
2025-12-22 09:14:10,384 - INFO - HTTP Request: PUT http://localhost:6333/collections/law_with_e5_emb_not_finetune/points?wait=true "HTTP/1.1 200 OK"
2025-12-22 09:14:10,436 - INFO - PUT http://localhost:9200/_bulk [status:200 duration:0.048s]
2025-12-22 09:14:13,401 - INFO - HTTP Request: PUT http://localhost:6333/collections/law_with_bge_round1/points?wait=true "HTTP/1.1 200 OK"
2025-12-22 09:14:13,442 - INFO - HTTP Request: PUT http://localhost:6333/collections/law_with_e5_emb_not_finetune/points?wait=true "HTTP/1.1 200 OK"
2025-12-22 09:14:13,493 - INFO - PUT http://localhost:9200/_bulk [status:200 duration:0.048s]
2025-12-22 09:14:16,331 - INFO - HTTP Request: PUT http://localhost:6333/collections/law_with_bge_round1/points?wait=true "HTTP/1.1 200 OK"
2025-12-22 09:14:16,402 - INFO - HTTP Request: PUT http://localhost:6333/collections/law_with_e5_emb_not_finetune/points?wait=true "HTTP/1.1 200 OK"
2025-12-22 09:14:16,456 - INFO - PUT http://localhost:9200/_bulk [status:200 duration:0.050s]
2025-12-22 09:14:19,249 - INFO - HTTP Request: PUT http://localhost:6333/collections/law_with_bge_round1/points?wait=true "HTTP/1.1 200 OK"
2025-12-22 09:14:19,343 - INFO - HTTP Request: PUT http://localhost:6333/collections/law_with_e5_emb_not_finetune/points?wait=true "HTTP/1.1 200 OK"
2025-12-22 09:14:19,396 - INFO - PUT http://localhost:9200/_bulk [status:200 duration:0.050s]
2025-12-22 09:14:22,278 - INFO - HTTP Request: PUT http://localhost:6333/collections/law_with_bge_round1/points?wait=true "HTTP/1.1 200 OK"
2025-12-22 09:14:22,319 - INFO - HTTP Request: PUT http://localhost:6333/collections/law_with_e5_emb_not_finetune/points?wait=true "HTTP/1.1 200 OK"
2025-12-22 09:14:22,373 - INFO - PUT http://localhost:9200/_bulk [status:200 duration:0.051s]
2025-12-22 09:14:25,209 - INFO - HTTP Request: PUT http://localhost:6333/collections/law_with_bge_round1/points?wait=true "HTTP/1.1 200 OK"
2025-12-22 09:14:25,248 - INFO - HTTP Request: PUT http://localhost:6333/collections/law_with_e5_emb_not_finetune/points?wait=true "HTTP/1.1 200 OK"
2025-12-22 09:14:25,312 - INFO - PUT http://localhost:9200/_bulk [status:200 duration:0.060s]
2025-12-22 09:14:28,175 - INFO - HTTP Request: PUT http://localhost:6333/collections/law_with_bge_round1/points?wait=true "HTTP/1.1 200 OK"
2025-12-22 09:14:28,200 - INFO - HTTP Request: PUT http://localhost:6333/collections/law_with_e5_emb_not_finetune/points?wait=true "HTTP/1.1 200 OK"
2025-12-22 09:14:28,251 - INFO - PUT http://localhost:9200/_bulk [status:200 duration:0.048s]
2025-12-22 09:14:31,075 - INFO - HTTP Request: PUT http://localhost:6333/collections/law_with_bge_round1/points?wait=true "HTTP/1.1 200 OK"
2025-12-22 09:14:31,101 - INFO - HTTP Request: PUT http://localhost:6333/collections/law_with_e5_emb_not_finetune/points?wait=true "HTTP/1.1 200 OK"
2025-12-22 09:14:31,154 - INFO - PUT http://localhost:9200/_bulk [status:200 duration:0.050s]
2025-12-22 09:14:34,007 - INFO - HTTP Request: PUT http://localhost:6333/collections/law_with_bge_round1/points?wait=true "HTTP/1.1 200 OK"
2025-12-22 09:14:34,033 - INFO - HTTP Request: PUT http://localhost:6333/collections/law_with_e5_emb_not_finetune/points?wait=true "HTTP/1.1 200 OK"
2025-12-22 09:14:34,088 - INFO - PUT http://localhost:9200/_bulk [status:200 duration:0.052s]
2025-12-22 09:14:37,015 - INFO - HTTP Request: PUT http://localhost:6333/collections/law_with_bge_round1/points?wait=true "HTTP/1.1 200 OK"
2025-12-22 09:14:37,042 - INFO - HTTP Request: PUT http://localhost:6333/collections/law_with_e5_emb_not_finetune/points?wait=true "HTTP/1.1 200 OK"
2025-12-22 09:14:37,094 - INFO - PUT http://localhost:9200/_bulk [status:200 duration:0.049s]
2025-12-22 09:14:39,925 - INFO - HTTP Request: PUT http://localhost:6333/collections/law_with_bge_round1/points?wait=true "HTTP/1.1 200 OK"
2025-12-22 09:14:39,950 - INFO - HTTP Request: PUT http://localhost:6333/collections/law_with_e5_emb_not_finetune/points?wait=true "HTTP/1.1 200 OK"
2025-12-22 09:14:40,007 - INFO - PUT http://localhost:9200/_bulk [status:200 duration:0.055s]
2025-12-22 09:14:42,909 - INFO - HTTP Request: PUT http://localhost:6333/collections/law_with_bge_round1/points?wait=true "HTTP/1.1 200 OK"
2025-12-22 09:14:42,934 - INFO - HTTP Request: PUT http://localhost:6333/collections/law_with_e5_emb_not_finetune/points?wait=true "HTTP/1.1 200 OK"
2025-12-22 09:14:42,990 - INFO - PUT http://localhost:9200/_bulk [status:200 duration:0.052s]
2025-12-22 09:14:45,901 - INFO - HTTP Request: PUT http://localhost:6333/collections/law_with_bge_round1/points?wait=true "HTTP/1.1 200 OK"
2025-12-22 09:14:45,927 - INFO - HTTP Request: PUT http://localhost:6333/collections/law_with_e5_emb_not_finetune/points?wait=true "HTTP/1.1 200 OK"
2025-12-22 09:14:45,936 - INFO - PUT http://localhost:9200/_bulk [status:200 duration:0.006s]
2025-12-22 09:14:48,824 - INFO - HTTP Request: PUT http://localhost:6333/collections/law_with_bge_round1/points?wait=true "HTTP/1.1 200 OK"
2025-12-22 09:14:48,888 - INFO - HTTP Request: PUT http://localhost:6333/collections/law_with_e5_emb_not_finetune/points?wait=true "HTTP/1.1 200 OK"
2025-12-22 09:14:48,941 - INFO - PUT http://localhost:9200/_bulk [status:200 duration:0.050s]
2025-12-22 09:14:51,877 - INFO - HTTP Request: PUT http://localhost:6333/collections/law_with_bge_round1/points?wait=true "HTTP/1.1 200 OK"
2025-12-22 09:14:51,902 - INFO - HTTP Request: PUT http://localhost:6333/collections/law_with_e5_emb_not_finetune/points?wait=true "HTTP/1.1 200 OK"
2025-12-22 09:14:51,913 - INFO - PUT http://localhost:9200/_bulk [status:200 duration:0.008s]
2025-12-22 09:14:54,841 - INFO - HTTP Request: PUT http://localhost:6333/collections/law_with_bge_round1/points?wait=true "HTTP/1.1 200 OK"
2025-12-22 09:14:54,866 - INFO - HTTP Request: PUT http://localhost:6333/collections/law_with_e5_emb_not_finetune/points?wait=true "HTTP/1.1 200 OK"
2025-12-22 09:14:54,920 - INFO - PUT http://localhost:9200/_bulk [status:200 duration:0.051s]
2025-12-22 09:14:57,795 - INFO - HTTP Request: PUT http://localhost:6333/collections/law_with_bge_round1/points?wait=true "HTTP/1.1 200 OK"
2025-12-22 09:14:57,857 - INFO - HTTP Request: PUT http://localhost:6333/collections/law_with_e5_emb_not_finetune/points?wait=true "HTTP/1.1 200 OK"
2025-12-22 09:14:57,909 - INFO - PUT http://localhost:9200/_bulk [status:200 duration:0.049s]
2025-12-22 09:15:00,870 - INFO - HTTP Request: PUT http://localhost:6333/collections/law_with_bge_round1/points?wait=true "HTTP/1.1 200 OK"
2025-12-22 09:15:00,900 - INFO - HTTP Request: PUT http://localhost:6333/collections/law_with_e5_emb_not_finetune/points?wait=true "HTTP/1.1 200 OK"
2025-12-22 09:15:00,917 - INFO - PUT http://localhost:9200/_bulk [status:200 duration:0.014s]
2025-12-22 09:15:03,803 - INFO - HTTP Request: PUT http://localhost:6333/collections/law_with_bge_round1/points?wait=true "HTTP/1.1 200 OK"
2025-12-22 09:15:03,840 - INFO - HTTP Request: PUT http://localhost:6333/collections/law_with_e5_emb_not_finetune/points?wait=true "HTTP/1.1 200 OK"
2025-12-22 09:15:03,893 - INFO - PUT http://localhost:9200/_bulk [status:200 duration:0.050s]
2025-12-22 09:15:06,762 - INFO - HTTP Request: PUT http://localhost:6333/collections/law_with_bge_round1/points?wait=true "HTTP/1.1 200 OK"
2025-12-22 09:15:06,790 - INFO - HTTP Request: PUT http://localhost:6333/collections/law_with_e5_emb_not_finetune/points?wait=true "HTTP/1.1 200 OK"
2025-12-22 09:15:06,845 - INFO - PUT http://localhost:9200/_bulk [status:200 duration:0.052s]
2025-12-22 09:15:10,008 - INFO - HTTP Request: PUT http://localhost:6333/collections/law_with_bge_round1/points?wait=true "HTTP/1.1 200 OK"
2025-12-22 09:15:10,041 - INFO - HTTP Request: PUT http://localhost:6333/collections/law_with_e5_emb_not_finetune/points?wait=true "HTTP/1.1 200 OK"
2025-12-22 09:15:10,069 - INFO - PUT http://localhost:9200/_bulk [status:200 duration:0.024s]
2025-12-22 09:15:12,975 - INFO - HTTP Request: PUT http://localhost:6333/collections/law_with_bge_round1/points?wait=true "HTTP/1.1 200 OK"
2025-12-22 09:15:13,002 - INFO - HTTP Request: PUT http://localhost:6333/collections/law_with_e5_emb_not_finetune/points?wait=true "HTTP/1.1 200 OK"
2025-12-22 09:15:13,054 - INFO - PUT http://localhost:9200/_bulk [status:200 duration:0.049s]
2025-12-22 09:15:15,882 - INFO - HTTP Request: PUT http://localhost:6333/collections/law_with_bge_round1/points?wait=true "HTTP/1.1 200 OK"
2025-12-22 09:15:15,907 - INFO - HTTP Request: PUT http://localhost:6333/collections/law_with_e5_emb_not_finetune/points?wait=true "HTTP/1.1 200 OK"
2025-12-22 09:15:15,961 - INFO - PUT http://localhost:9200/_bulk [status:200 duration:0.052s]
2025-12-22 09:15:18,864 - INFO - HTTP Request: PUT http://localhost:6333/collections/law_with_bge_round1/points?wait=true "HTTP/1.1 200 OK"
2025-12-22 09:15:18,970 - INFO - HTTP Request: PUT http://localhost:6333/collections/law_with_e5_emb_not_finetune/points?wait=true "HTTP/1.1 200 OK"
2025-12-22 09:15:19,026 - INFO - PUT http://localhost:9200/_bulk [status:200 duration:0.053s]
2025-12-22 09:15:21,901 - INFO - HTTP Request: PUT http://localhost:6333/collections/law_with_bge_round1/points?wait=true "HTTP/1.1 200 OK"
2025-12-22 09:15:21,927 - INFO - HTTP Request: PUT http://localhost:6333/collections/law_with_e5_emb_not_finetune/points?wait=true "HTTP/1.1 200 OK"
2025-12-22 09:15:21,982 - INFO - PUT http://localhost:9200/_bulk [status:200 duration:0.052s]
2025-12-22 09:15:24,900 - INFO - HTTP Request: PUT http://localhost:6333/collections/law_with_bge_round1/points?wait=true "HTTP/1.1 200 OK"
2025-12-22 09:15:24,960 - INFO - HTTP Request: PUT http://localhost:6333/collections/law_with_e5_emb_not_finetune/points?wait=true "HTTP/1.1 200 OK"
2025-12-22 09:15:25,016 - INFO - PUT http://localhost:9200/_bulk [status:200 duration:0.053s]
2025-12-22 09:15:27,860 - INFO - HTTP Request: PUT http://localhost:6333/collections/law_with_bge_round1/points?wait=true "HTTP/1.1 200 OK"
2025-12-22 09:15:27,885 - INFO - HTTP Request: PUT http://localhost:6333/collections/law_with_e5_emb_not_finetune/points?wait=true "HTTP/1.1 200 OK"
2025-12-22 09:15:27,897 - INFO - PUT http://localhost:9200/_bulk [status:200 duration:0.008s]
2025-12-22 09:15:30,913 - INFO - HTTP Request: PUT http://localhost:6333/collections/law_with_bge_round1/points?wait=true "HTTP/1.1 200 OK"
2025-12-22 09:15:30,939 - INFO - HTTP Request: PUT http://localhost:6333/collections/law_with_e5_emb_not_finetune/points?wait=true "HTTP/1.1 200 OK"
2025-12-22 09:15:30,999 - INFO - PUT http://localhost:9200/_bulk [status:200 duration:0.057s]
2025-12-22 09:15:33,859 - INFO - HTTP Request: PUT http://localhost:6333/collections/law_with_bge_round1/points?wait=true "HTTP/1.1 200 OK"
2025-12-22 09:15:33,885 - INFO - HTTP Request: PUT http://localhost:6333/collections/law_with_e5_emb_not_finetune/points?wait=true "HTTP/1.1 200 OK"
2025-12-22 09:15:33,942 - INFO - PUT http://localhost:9200/_bulk [status:200 duration:0.054s]
2025-12-22 09:15:36,732 - INFO - HTTP Request: PUT http://localhost:6333/collections/law_with_bge_round1/points?wait=true "HTTP/1.1 200 OK"
2025-12-22 09:15:36,779 - INFO - HTTP Request: PUT http://localhost:6333/collections/law_with_e5_emb_not_finetune/points?wait=true "HTTP/1.1 200 OK"
2025-12-22 09:15:36,833 - INFO - PUT http://localhost:9200/_bulk [status:200 duration:0.051s]
2025-12-22 09:15:39,672 - INFO - HTTP Request: PUT http://localhost:6333/collections/law_with_bge_round1/points?wait=true "HTTP/1.1 200 OK"
2025-12-22 09:15:39,715 - INFO - HTTP Request: PUT http://localhost:6333/collections/law_with_e5_emb_not_finetune/points?wait=true "HTTP/1.1 200 OK"
2025-12-22 09:15:39,769 - INFO - PUT http://localhost:9200/_bulk [status:200 duration:0.051s]
2025-12-22 09:15:42,682 - INFO - HTTP Request: PUT http://localhost:6333/collections/law_with_bge_round1/points?wait=true "HTTP/1.1 200 OK"
2025-12-22 09:15:42,709 - INFO - HTTP Request: PUT http://localhost:6333/collections/law_with_e5_emb_not_finetune/points?wait=true "HTTP/1.1 200 OK"
2025-12-22 09:15:42,719 - INFO - PUT http://localhost:9200/_bulk [status:200 duration:0.007s]
2025-12-22 09:15:45,581 - INFO - HTTP Request: PUT http://localhost:6333/collections/law_with_bge_round1/points?wait=true "HTTP/1.1 200 OK"
2025-12-22 09:15:45,607 - INFO - HTTP Request: PUT http://localhost:6333/collections/law_with_e5_emb_not_finetune/points?wait=true "HTTP/1.1 200 OK"
2025-12-22 09:15:45,617 - INFO - PUT http://localhost:9200/_bulk [status:200 duration:0.007s]
2025-12-22 09:15:48,562 - INFO - HTTP Request: PUT http://localhost:6333/collections/law_with_bge_round1/points?wait=true "HTTP/1.1 200 OK"
2025-12-22 09:15:48,589 - INFO - HTTP Request: PUT http://localhost:6333/collections/law_with_e5_emb_not_finetune/points?wait=true "HTTP/1.1 200 OK"
2025-12-22 09:15:48,641 - INFO - PUT http://localhost:9200/_bulk [status:200 duration:0.048s]
2025-12-22 09:15:51,558 - INFO - HTTP Request: PUT http://localhost:6333/collections/law_with_bge_round1/points?wait=true "HTTP/1.1 200 OK"
2025-12-22 09:15:51,607 - INFO - HTTP Request: PUT http://localhost:6333/collections/law_with_e5_emb_not_finetune/points?wait=true "HTTP/1.1 200 OK"
2025-12-22 09:15:51,617 - INFO - PUT http://localhost:9200/_bulk [status:200 duration:0.007s]
2025-12-22 09:15:54,032 - INFO - HTTP Request: PUT http://localhost:6333/collections/law_with_bge_round1/points?wait=true "HTTP/1.1 200 OK"
2025-12-22 09:15:54,083 - INFO - HTTP Request: PUT http://localhost:6333/collections/law_with_e5_emb_not_finetune/points?wait=true "HTTP/1.1 200 OK"
2025-12-22 09:15:54,135 - INFO - PUT http://localhost:9200/_bulk [status:200 duration:0.050s]
2025-12-22 09:15:56,970 - INFO - HTTP Request: PUT http://localhost:6333/collections/law_with_bge_round1/points?wait=true "HTTP/1.1 200 OK"
2025-12-22 09:15:56,999 - INFO - HTTP Request: PUT http://localhost:6333/collections/law_with_e5_emb_not_finetune/points?wait=true "HTTP/1.1 200 OK"
2025-12-22 09:15:57,011 - INFO - PUT http://localhost:9200/_bulk [status:200 duration:0.007s]
2025-12-22 09:15:59,887 - INFO - HTTP Request: PUT http://localhost:6333/collections/law_with_bge_round1/points?wait=true "HTTP/1.1 200 OK"
2025-12-22 09:15:59,939 - INFO - HTTP Request: PUT http://localhost:6333/collections/law_with_e5_emb_not_finetune/points?wait=true "HTTP/1.1 200 OK"
2025-12-22 09:15:59,997 - INFO - PUT http://localhost:9200/_bulk [status:200 duration:0.056s]
2025-12-22 09:16:02,921 - INFO - HTTP Request: PUT http://localhost:6333/collections/law_with_bge_round1/points?wait=true "HTTP/1.1 200 OK"
2025-12-22 09:16:02,955 - INFO - HTTP Request: PUT http://localhost:6333/collections/law_with_e5_emb_not_finetune/points?wait=true "HTTP/1.1 200 OK"
2025-12-22 09:16:03,011 - INFO - PUT http://localhost:9200/_bulk [status:200 duration:0.053s]
2025-12-22 09:16:05,908 - INFO - HTTP Request: PUT http://localhost:6333/collections/law_with_bge_round1/points?wait=true "HTTP/1.1 200 OK"
2025-12-22 09:16:05,934 - INFO - HTTP Request: PUT http://localhost:6333/collections/law_with_e5_emb_not_finetune/points?wait=true "HTTP/1.1 200 OK"
2025-12-22 09:16:05,988 - INFO - PUT http://localhost:9200/_bulk [status:200 duration:0.052s]
2025-12-22 09:16:08,771 - INFO - HTTP Request: PUT http://localhost:6333/collections/law_with_bge_round1/points?wait=true "HTTP/1.1 200 OK"
2025-12-22 09:16:08,814 - INFO - HTTP Request: PUT http://localhost:6333/collections/law_with_e5_emb_not_finetune/points?wait=true "HTTP/1.1 200 OK"
2025-12-22 09:16:08,868 - INFO - PUT http://localhost:9200/_bulk [status:200 duration:0.050s]
2025-12-22 09:16:11,672 - INFO - HTTP Request: PUT http://localhost:6333/collections/law_with_bge_round1/points?wait=true "HTTP/1.1 200 OK"
2025-12-22 09:16:11,697 - INFO - HTTP Request: PUT http://localhost:6333/collections/law_with_e5_emb_not_finetune/points?wait=true "HTTP/1.1 200 OK"
2025-12-22 09:16:11,751 - INFO - PUT http://localhost:9200/_bulk [status:200 duration:0.051s]
2025-12-22 09:16:14,670 - INFO - HTTP Request: PUT http://localhost:6333/collections/law_with_bge_round1/points?wait=true "HTTP/1.1 200 OK"
2025-12-22 09:16:14,725 - INFO - HTTP Request: PUT http://localhost:6333/collections/law_with_e5_emb_not_finetune/points?wait=true "HTTP/1.1 200 OK"
2025-12-22 09:16:14,781 - INFO - PUT http://localhost:9200/_bulk [status:200 duration:0.052s]
2025-12-22 09:16:17,623 - INFO - HTTP Request: PUT http://localhost:6333/collections/law_with_bge_round1/points?wait=true "HTTP/1.1 200 OK"
2025-12-22 09:16:17,670 - INFO - HTTP Request: PUT http://localhost:6333/collections/law_with_e5_emb_not_finetune/points?wait=true "HTTP/1.1 200 OK"
2025-12-22 09:16:17,724 - INFO - PUT http://localhost:9200/_bulk [status:200 duration:0.050s]
2025-12-22 09:16:20,532 - INFO - HTTP Request: PUT http://localhost:6333/collections/law_with_bge_round1/points?wait=true "HTTP/1.1 200 OK"
2025-12-22 09:16:20,576 - INFO - HTTP Request: PUT http://localhost:6333/collections/law_with_e5_emb_not_finetune/points?wait=true "HTTP/1.1 200 OK"
2025-12-22 09:16:20,634 - INFO - PUT http://localhost:9200/_bulk [status:200 duration:0.055s]
2025-12-22 09:16:23,499 - INFO - HTTP Request: PUT http://localhost:6333/collections/law_with_bge_round1/points?wait=true "HTTP/1.1 200 OK"
2025-12-22 09:16:23,527 - INFO - HTTP Request: PUT http://localhost:6333/collections/law_with_e5_emb_not_finetune/points?wait=true "HTTP/1.1 200 OK"
2025-12-22 09:16:23,580 - INFO - PUT http://localhost:9200/_bulk [status:200 duration:0.050s]
2025-12-22 09:16:24,901 - INFO - HTTP Request: PUT http://localhost:6333/collections/law_with_bge_round1/points?wait=true "HTTP/1.1 200 OK"
2025-12-22 09:16:24,933 - INFO - HTTP Request: PUT http://localhost:6333/collections/law_with_e5_emb_not_finetune/points?wait=true "HTTP/1.1 200 OK"
2025-12-22 09:16:24,987 - INFO - PUT http://localhost:9200/_bulk [status:200 duration:0.052s]
2025-12-22 09:16:24,989 - INFO - Import completed successfully!
2025-12-22 09:16:24,991 - INFO - Verifying import...
2025-12-22 09:16:25,036 - INFO - HTTP Request: GET http://localhost:6333/collections/law_with_bge_round1 "HTTP/1.1 200 OK"
2025-12-22 09:16:25,116 - INFO - HTTP Request: GET http://localhost:6333/collections/law_with_e5_emb_not_finetune "HTTP/1.1 200 OK"
2025-12-22 09:16:25,296 - INFO - POST http://localhost:9200/legal_data_part2/_count [status:200 duration:0.131s]
2025-12-22 09:16:25,297 - INFO - BGE collection: 26,159 points (expected: 26,159)
2025-12-22 09:16:25,297 - INFO - E5 collection: 26,159 points (expected: 26,159)
2025-12-22 09:16:25,297 - INFO - Elasticsearch: 26,159 documents (expected: 26,159)
2025-12-22 09:16:25,297 - INFO - All counts match expected!
